date,sales,expenses,marketing_spend,employee_count,seasonality,competition_level,customer_satisfaction,market_growth,profit,month,expense_ratio,marketing_ratio,profit_margin,sales_per_employee,marketing_efficiency,year,quarter,day_of_year,day_of_week,is_quarter_end,sales_lag_7,profit_lag_7,sales_growth
2021-01-01,20496.40447728799,11960.253548885601,2757.262137228993,3.0,0.0,3,5.0,0.8,3378.8887911733955,1,0.583529348385895,0.1345241864388609,16.485275721981058,6832.134825762663,7.4336074907576855,2021,1,1,4,0,25281.94764805873,-8267.778588454285,0.0
2021-01-02,19341.993165913722,11532.936564190473,3260.498088150917,5.0,0.017213356155834685,2,3.1241884285302906,0.8005005005005006,548.5585135723322,1,0.5962641215546958,0.1685709461368683,2.836101268710267,3868.3986331827446,5.932220367251585,2021,1,2,5,0,25281.94764805873,-8267.778588454285,-5.632262539771149
2021-01-03,18738.88924825708,10847.123588454268,1599.3885117400698,5.0,0.03442161162274574,3,3.6270048407500344,0.801001001001001,2292.377148062744,1,0.5788562728958531,0.08535129753695675,12.233260561460224,3747.777849651416,11.716283511296407,2021,1,3,6,0,25281.94764805873,-8267.778588454285,-3.1181063527593755
2021-01-04,18444.91976227986,10912.971092548396,2587.1693025035706,4.0,0.051619667223253764,3,4.424805335560902,0.8015015015015016,1744.779367227893,1,0.5916518604144642,0.1402646005429837,9.459403400582925,4611.229940569965,7.129382582125935,2021,1,4,0,0,25281.94764805873,-8267.778588454285,-1.5687668681032552
2021-01-05,19122.47560710473,10526.678030785946,2417.9315685411375,5.0,0.06880242680231986,4,3.0132048770150384,0.802002002002002,2737.888189252125,1,0.5504871987848102,0.1264444843973436,14.317645086888723,3824.495121420946,7.908609100398281,2021,1,5,1,0,25281.94764805873,-8267.778588454285,3.673400879793909
2021-01-06,18730.88297885569,11345.176640999882,1515.2779853812046,6.0,0.08596479873744647,5,2.693705669422296,0.8025025025025025,1070.4283524746043,1,0.6056936372837765,0.08089730671489018,5.71477785474905,3121.8138298092817,12.361350959733956,2021,1,6,2,0,25281.94764805873,-8267.778588454285,-2.0478134541510373
2021-01-07,20999.5492588739,12600.332293005453,1158.0732555275067,5.0,0.10310169744743485,3,3.7029898374198664,0.8030030030030031,3241.1437103409407,1,0.6000287024104033,0.0551475291803291,15.434348949043809,4199.90985177478,18.133178672974818,2021,1,7,3,0,25281.94764805873,-8267.778588454285,12.111902479873415
2021-01-08,20025.42771864144,11606.71231565077,1009.2527560198158,3.0,0.1202080448993527,1,2.065538881670088,0.8035035035035035,5009.462646970855,1,0.579598722120987,0.05039856177854888,25.015508868794868,6675.14257288048,19.84183605067932,2021,1,8,4,0,20496.40447728799,3378.8887911733955,-4.638773567107968
2021-01-09,19722.697992682944,12163.241629825969,2301.6672387258386,6.0,0.13727877211326478,3,3.2696751385056637,0.8040040040040041,457.7891241311372,1,0.6167128672932319,0.11670143910228456,2.321128297462018,3287.1163321138242,8.568874623075867,2021,1,9,5,0,19341.993165913722,548.5585135723322,-1.511726641806943
2021-01-10,18220.24780564689,11400.933752201412,1808.9983718024655,3.0,0.15430882066428117,3,3.6960309314523245,0.8045045045045045,2610.315681643013,1,0.6257287976439042,0.09928505863909347,14.326455432916854,6073.41593521563,10.07200895791434,2021,1,10,6,0,18738.88924825708,2292.377148062744,-7.617873516054741
2021-01-11,20259.376516886092,11351.845977947169,1173.8799070779928,3.0,0.1712931441814776,2,3.2840384825398687,0.805005005005005,5333.65063186093,1,0.5603255346227195,0.057942548532999995,26.326825148914914,6753.125505628697,17.258474563480245,2021,1,11,0,0,18444.91976227986,1744.779367227893,11.19155311711637
2021-01-12,18642.649887866282,10804.227543436662,1771.9721925330532,7.0,0.1882267098432442,4,2.2652392454514025,0.8055055055055056,466.45015189656715,1,0.5795435524682937,0.09504937351670996,2.5020592818200162,2663.235698266612,10.520847881487585,2021,1,12,1,0,19122.47560710473,2737.888189252125,-7.980140097955513
2021-01-13,22089.94279396475,12869.394501485202,1246.4965102623273,6.0,0.2051044998686192,5,4.77534236496321,0.806006006006006,3174.0517822172214,1,0.5825906667807796,0.0564282362289723,14.368764155805838,3681.6571323274584,17.721624258150456,2021,1,13,2,0,18730.88297885569,1070.4283524746043,18.491431887814215
2021-01-14,16283.540798334088,9300.17292844602,1274.684732393661,5.0,0.2219215130041655,5,3.5828305231593403,0.8065065065065066,1708.6831374944077,1,0.5711394741245398,0.07828056245138462,10.49331443729497,3256.7081596668177,12.77456329751131,2021,1,14,3,0,20999.5492588739,3241.1437103409407,-26.2852740262281
2021-01-15,20136.225932951493,12496.47298073677,1364.937337615017,3.0,0.2386727660059501,2,4.644921694209393,0.807007007007007,3874.8156145997064,1,0.6205965816209474,0.06778516203383449,19.24300823551472,6712.075310983831,14.752491105661989,2021,1,15,4,0,20025.42771864144,5009.462646970855,23.6599962031081
2021-01-16,18823.306247359964,11197.070679029575,2539.201641630183,4.0,0.255353295116187,4,3.291970999855644,0.8075075075075075,1887.0339267002055,1,0.59485143214944,0.1348966864939742,10.024986587916079,4705.826561839991,7.413080528443297,2021,1,16,5,0,19722.697992682944,457.7891241311372,-6.520187496719676
2021-01-17,17252.70679513733,10219.366656427092,2010.7221080697143,5.0,0.2719581575341055,4,2.795990414647389,0.8080080080080081,1022.6180306405222,1,0.5923341060492269,0.11654531268313421,5.927290382798059,3450.5413590274657,8.580353657970102,2021,1,17,6,0,18220.24780564689,2610.315681643013,-8.343908512049614
2021-01-18,18629.254651874802,10175.621608921505,1974.8152843426724,3.0,0.288482432880609,3,3.715344736204128,0.8085085085085085,4078.817758610625,1,0.5462173231872943,0.10600613504115323,21.894691091144338,6209.751550624934,9.433416279272747,2021,1,18,0,0,20259.376516886092,5333.65063186093,7.978735586728081
2021-01-19,17960.07570351267,11093.754437212214,1538.491685990979,4.0,0.30492122465628907,3,3.3273702989374243,0.8090090090090091,2127.829580309477,1,0.617689736967115,0.08566175952644106,11.847553515007242,4490.0189258781675,11.673820448333563,2021,1,19,1,0,18642.649887866282,466.45015189656715,-3.5920865373687327
2021-01-20,18736.481209878002,10622.259528500064,1025.5822780311505,7.0,0.3212696616923644,4,2.5577908336069135,0.8095095095095095,1488.6394033467877,1,0.5669292654001614,0.054737187124039945,7.9451386131242545,2676.6401728397145,18.269115614836032,2021,1,20,2,0,22089.94279396475,3174.0517822172214,4.3229523036669715
2021-01-21,21249.62122625311,12779.739050885031,2971.0865852731445,8.0,0.3375228995941133,3,4.675827407029996,0.81001001001001,-901.2044099050636,1,0.6014102046720786,0.1398183315193627,-4.241037523961412,2656.202653281639,7.15213798600876,2021,1,21,3,0,16283.540798334088,1708.6831374944077,13.413084283137255
2021-01-22,18314.151614526312,11127.179437694882,1759.9800548770581,5.0,0.3536761221763716,3,3.0021838216848034,0.8105105105105106,1426.9921219543721,1,0.6075727487627158,0.0960994586001509,7.791745705667953,3662.8303229052626,10.405885887045255,2021,1,22,4,0,20136.225932951493,3874.8156145997064,-13.814220877029737
2021-01-23,19434.97261233919,12341.312865322838,1079.8961484010367,7.0,0.3697245428906731,3,2.027786892163545,0.811011011011011,413.76359861531364,1,0.6350054158289571,0.05556458297838891,2.128964145555918,2776.4246589055983,17.997075590199902,2021,1,23,5,0,18823.306247359964,1887.0339267002055,6.119972256448225
2021-01-24,21552.919530000174,12277.341518440548,1386.2315411252694,3.0,0.38566340624360707,3,4.562532843165866,0.8115115115115116,5489.346470434357,1,0.5696370508576036,0.06431757605718942,25.46915494577691,7184.306510000058,15.547849612846534,2021,1,24,6,0,17252.70679513733,1022.6180306405222,10.897606906409063
2021-01-25,21696.608879485175,11508.209249780692,1840.4467838090295,7.0,0.401487989205973,2,3.0965615873499015,0.812012012012012,2747.9528458954537,1,0.5304151129655135,0.08482647191696532,12.665356421176627,3099.515554212168,11.788772742769227,2021,1,25,0,0,18629.254651874802,4078.817758610625,0.6666816033205958
2021-01-26,20345.154734466243,12299.017613056592,2417.9315685411375,4.0,0.4171936026123168,5,3.0137408859075006,0.8125125125125126,2818.6730561641216,1,0.6045182636149293,0.11884557282058794,13.85427190381145,5086.288683616561,8.414280618678353,2021,1,26,1,0,17960.07570351267,2127.829580309477,-6.2288726893942155
2021-01-27,18798.901497330116,12179.596489153497,2141.411554291131,6.0,0.4327755925504312,4,2.087689930376021,0.8130130130130131,-322.10654611451173,1,0.6478887338647572,0.11391152587268258,-1.7134328096791103,3133.1502495550194,8.77874290892817,2021,1,27,2,0,18736.481209878002,1488.6394033467877,-7.600105564774373
2021-01-28,20203.671808353538,12741.676261481842,919.235056087727,5.0,0.4482293417404106,3,4.892753189277593,0.8135135135135135,2542.7604907839695,1,0.6306614155261415,0.04549841557551208,12.585635496873513,4040.7343616707076,21.978787334700392,2021,1,28,3,0,21249.62122625311,-901.2044099050636,7.472619138000858
2021-01-29,20222.809212261527,12238.51523499423,1666.7666876224425,8.0,0.4635502709028509,1,2.46841553023225,0.8140140140140141,-82.47271035514495,1,0.6051837361731995,0.08242013610116274,-0.40782024638367237,2527.851151532691,12.132957397359753,2021,1,29,4,0,18314.151614526312,1426.9921219543721,0.09472240536037013
2021-01-30,18075.06407912154,10599.2203546569,2327.8330733169323,4.0,0.47873384011578846,3,3.54675958456452,0.8145145145145145,1948.0106511477088,1,0.5864001537289172,0.12878698870040556,10.777337455737436,4518.766019780385,7.764759546682769,2021,1,30,5,0,19434.97261233919,413.76359861531364,-10.620409412940324
2021-01-31,19034.316974981815,11824.151483307744,2400.1232281722096,7.0,0.49377555015997715,2,4.2300962580323525,0.815015015015015,-789.9577364981378,1,0.6212017746078876,0.1260945287044902,-4.150176428901739,2719.1881392831165,7.930558211162022,2021,1,31,6,0,21552.919530000174,5489.346470434357,5.307051148816155
2021-02-01,18939.393702781512,10876.863121816672,1320.190576713538,5.0,0.5086709438521044,1,3.8373735464024774,0.8155155155155156,2742.340004251302,2,0.5742983800067082,0.06970606332132215,14.479555403341932,3787.8787405563025,14.34595431663279,2021,1,32,0,0,21696.608879485175,2747.9528458954537,-0.4986954474125227
2021-02-02,20606.73217466267,12602.21818947571,1856.4714683760142,6.0,0.5234156073655503,3,3.4522765504062467,0.816016016016016,1348.042516810945,2,0.6115583044734751,0.0900905321930989,6.541757836152458,3434.455362443778,11.099945528755594,2021,1,33,1,0,20345.154734466243,2818.6730561641216,8.80354724151642
2021-02-03,20201.103143466753,12373.396965663365,1703.5145392480142,6.0,0.5380051715382996,3,2.1386673133700667,0.8165165165165166,1324.1916385553732,2,0.6125109543666208,0.08432779770242144,6.555046173226588,3366.8505239111255,11.858485899617955,2021,1,34,2,0,18798.901497330116,-322.10654611451173,-1.968429675107164
2021-02-04,20067.038652212825,12570.328145077134,2861.2455026288767,4.0,0.5524353131676196,3,2.852220131386173,0.817017017017017,1435.4650045068138,2,0.6264167006869737,0.14258434202564127,7.153347483827778,5016.759663053206,7.013392815742473,2021,1,35,3,0,20203.671808353538,2542.7604907839695,-0.6636493576702818
2021-02-05,21574.900984322074,14324.770610048783,1389.4681082240375,6.0,0.5667017562911176,1,3.6502402704340176,0.8175175175175176,1060.662266049253,2,0.6639553349727179,0.06440206187892719,4.916186020135198,3595.8168307203455,15.527453171917886,2021,1,36,4,0,20222.809212261527,-82.47271035514495,7.5141248205199185
2021-02-06,18575.3477063662,11341.416607409103,2462.204845469152,6.0,0.5808002734538009,3,2.8702607440104027,0.8180180180180181,-28.273746512055368,2,0.6105628161954749,0.13255228835502755,-0.1522111292827391,3095.8912843943667,7.544192653404849,2021,1,37,5,0,18075.06407912154,1948.0106511477088,-13.902975870598766
2021-02-07,16538.40015998226,9668.558283135604,2309.4410860579746,7.0,0.5947266869607634,2,3.662687567999014,0.8185185185185185,-1039.5992092113202,2,0.5846126704885568,0.1396411420523067,-6.285972035716152,2362.6285942831796,7.161213273559596,2021,1,38,6,0,19034.316974981815,-789.9577364981378,-10.965864965670779
2021-02-08,19632.092031599124,11766.468062863476,1672.3399429116387,6.0,0.6084768701151261,5,4.045394727052114,0.8190190190190191,1393.2840258240094,2,0.5993486605464452,0.08518399059152225,7.096971752075268,3272.015338599854,11.739295060679193,2021,1,39,0,0,18939.393702781512,2742.340004251302,18.70611329808447
2021-02-09,22140.823234482676,12399.955988245045,2615.283933980335,8.0,0.6220467484408675,3,4.270002308640081,0.8195195195195195,2015.248146204107,2,0.560049455113893,0.11812044684531992,9.101956710740135,2767.6029043103345,8.465934786968013,2021,1,40,1,0,20606.73217466267,1348.042516810945,12.77872576618726
2021-02-10,23583.522264414223,13802.756793104005,2655.366778979195,8.0,0.6354323008901774,4,2.5190565137498533,0.8200200200200201,725.398692331024,2,0.5852712176896212,0.11259415575026065,3.075870873731175,2947.940283051778,8.88145564338214,2021,1,41,2,0,20201.103143466753,1324.1916385553732,6.516013495309658
2021-02-11,19969.231488328085,11776.897673940299,1956.9756320137394,4.0,0.6486295610349814,3,5.0,0.8205205205205206,3035.358182374047,2,0.5897521735287528,0.09799954661037315,15.200175250350512,4992.307872082021,10.204128841287424,2021,1,42,3,0,20067.038652212825,1435.4650045068138,-15.325491822482483
2021-02-12,22098.995067551776,12997.352841563768,1400.4698583216186,8.0,0.6616346182422783,1,4.1139834756433045,0.821021021021021,1301.1723676663887,2,0.5881422572308702,0.06337255852769276,5.887925508327372,2762.374383443972,15.779700602793502,2021,1,43,4,0,21574.900984322074,1060.662266049253,10.66522555196241
2021-02-13,20327.287798378948,12272.550115044229,2192.17796831782,4.0,0.6744436188329455,5,3.498628677064749,0.8215215215215216,2662.5597150168987,2,0.6037475455049608,0.1078440955852773,13.098450424995859,5081.821949594737,9.272644872887398,2021,1,44,5,0,18575.3477063662,-28.273746512055368,-8.017139529454198
2021-02-14,19236.016376082443,11130.399859458366,3140.734589896366,7.0,0.6870527672236669,2,4.371629266461312,0.822022022022022,-635.1180732722887,2,0.5786229145291024,0.1632736492053247,-3.3017131034572094,2748.0023394403493,6.124687020025201,2021,1,45,6,0,16538.40015998226,-1039.5992092113202,-5.368504805562557
2021-02-15,21478.620151299812,13447.687424442121,1854.5425226030677,8.0,0.699458327051647,3,5.0,0.8225225225225226,-223.6097957453767,2,0.6260964312285355,0.0863436528761759,-1.0410808244208583,2684.8275189124765,11.581627215078386,2021,1,46,0,0,19632.092031599124,1393.2840258240094,11.65835862983442
2021-02-16,21389.587812342266,12833.85621986446,2307.2699095689327,3.0,0.7116566222817746,3,2.3490239191545044,0.8230230230230231,3848.4616829088736,2,0.6000048403204404,0.10786883458490897,17.992219937441835,7129.862604114089,9.270518253470607,2021,1,47,1,0,22140.823234482676,2015.248146204107,-0.41451610173458553
2021-02-17,19310.700319045154,11581.770030857786,978.4503039252779,7.0,0.7236440382959124,1,3.3197898860069173,0.8235235235235235,1150.4799842620905,2,0.5997591925464909,0.0506688151004178,5.957733097475657,2758.671474149308,19.736005233557442,2021,1,48,2,0,23583.522264414223,725.398692331024,-9.719156402338658
2021-02-18,23368.62889780824,13857.229980428485,2515.7580749549893,6.0,0.7354170229639855,4,1.5972546721013372,0.8240240240240241,2195.6408424247675,2,0.5929842970688007,0.10765535650193597,9.395676793988962,3894.7714829680403,9.288901476834708,2021,1,49,3,0,19969.231488328085,3035.358182374047,21.01388614456907
2021-02-19,21587.307856707343,13029.980055953894,1444.4823277462447,5.0,0.7469720876965552,3,3.65412122611842,0.8245245245245245,3112.8454730072035,2,0.6035944890601715,0.06691350016104175,14.419794694501558,4317.461571341469,14.944667333098472,2021,1,50,4,0,22098.995067551776,1301.1723676663887,-7.622702422511274
2021-02-20,20296.54124938793,12590.473881966574,1968.1769302583155,9.0,0.7583058084785624,2,3.792315393540113,0.8250250250250251,-1462.1095628369594,2,0.620326080550609,0.09697105068666162,-7.203737547554076,2255.1712499319924,10.312356037383331,2021,1,51,5,0,20327.287798378948,2662.5597150168987,-5.97928475327858
2021-02-21,21308.59867118959,12351.594094858305,2972.111588889735,5.0,0.7694148268839378,1,3.4686703076457923,0.8255255255255256,1984.8929874415498,2,0.5796530445504305,0.13947944840259227,9.314986020761824,4261.719734237918,7.169515017822616,2021,1,52,6,0,19236.016376082443,-635.1180732722887,4.986354124903825
2021-02-22,21269.1239611204,12432.416132134613,2286.702517491977,5.0,0.7802958510707755,2,2.976373143201352,0.826026026026026,2550.005311493811,2,0.5845288294365513,0.10751277399445461,11.989235269657451,4253.82479222408,9.301220337330138,2021,1,53,0,0,21478.620151299812,-223.6097957453767,-0.18525249209635497
2021-02-23,21995.93139282163,13045.695821304644,2615.283933980335,7.0,0.7909456567567772,4,1.8603883870493396,0.8265265265265266,2294.440241397606,2,0.5930958588806158,0.11889853115444035,10.431202936677627,3142.2759132602328,8.410532832412155,2021,1,54,1,0,21389.587812342266,3848.4616829088736,3.4171949584280936
2021-02-24,21160.181908509418,12023.173683369043,2615.283933980335,8.0,0.8013610881746766,4,3.798826946729415,0.827027027027027,634.8521207193662,2,0.5681980304022816,0.12359458653465626,3.000220524872071,2645.022738563677,8.090969257133258,2021,1,55,2,0,19310.700319045154,1150.4799842620905,-3.7995639711122076
2021-02-25,20942.976991178733,12156.157264846492,1788.878959331333,6.0,0.8115390590073611,2,4.66434758713226,0.8275275275275276,2197.9407670009086,2,0.580440749658786,0.08541665113249257,10.494882212431834,3490.4961651964554,11.707319202304795,2021,1,56,3,0,23368.62889780824,2195.6408424247675,-1.0264794427090274
2021-02-26,20539.509319626748,12085.595155003719,2337.7786691861215,9.0,0.8214765533024142,1,3.0271852354132545,0.8280280280280281,-1083.8645045630929,2,0.5884071993606584,0.11381862306477945,-5.276973698331705,2282.16770218075,8.785908431090874,2021,1,57,4,0,21587.307856707343,3112.8454730072035,-1.9265058244676836
2021-02-27,22804.034306104295,14119.615174018942,3289.7152837560216,8.0,0.8311706263658079,4,3.852047943218516,0.8285285285285285,-1005.2961516706682,2,0.6191718090092214,0.14426023218511885,-4.408413608646281,2850.504288263037,6.931917305642288,2021,1,58,5,0,20296.54124938793,-1462.1095628369594,11.025214630193991
2021-02-28,22415.079006730746,13580.32806853941,3274.103945024359,3.0,0.8406184056344782,3,2.2454845492639595,0.8290290290290291,3160.646993166978,2,0.6058568013283174,0.1460670267564624,14.100539160347846,7471.693002243582,6.846172077338852,2021,1,59,6,0,21308.59867118959,1984.8929874415498,-1.7056424935715464
2021-03-01,21600.79270497814,13057.270578670656,2262.7612852138295,6.0,0.8498170915275278,3,3.865770450954011,0.8295295295295295,1480.7608410936537,3,0.6044810834956749,0.10475362252295266,6.855122686087331,3600.1321174963564,9.546209247139775,2021,1,60,0,0,21269.1239611204,2550.005311493811,-3.632761238575577
2021-03-02,22191.341391364535,13740.253815902706,1893.3381294202286,6.0,0.8587639582758029,3,3.1852941618042743,0.8300300300300301,1757.7494460416,3,0.6191718460628768,0.08531877798775138,7.920879657710124,3698.5568985607556,11.720749213538467,2021,1,61,1,0,21995.93139282163,2294.440241397606,2.733921363220615
2021-03-03,17035.882806767477,10152.843789860788,856.8366499545207,8.0,0.8674563547295969,2,2.8900656395176685,0.8305305305305306,-373.7976330478323,3,0.5959681634947376,0.05029599344356511,-2.194178237122774,2129.4853508459346,19.882299394723265,2021,1,62,2,0,21160.181908509418,634.8521207193662,-23.231847474543542
2021-03-04,22334.62455565493,13596.0071583574,1195.7988204003236,3.0,0.8758917051442429,4,2.8917090870270954,0.831031031031031,5142.818576897205,3,0.6087412449883789,0.05354013529175524,23.026214584811942,7444.874851884976,18.677577009298147,2021,1,63,3,0,20942.976991178733,2197.9407670009086,31.103417468817863
2021-03-05,17968.549445281285,10729.518790702523,1684.223583931403,12.0,0.8840675099433636,5,3.185110734373592,0.8315315315315316,-4045.192929352641,3,0.5971277104685931,0.09373174997015112,-22.512629311961227,1497.379120440107,10.668743518801794,2021,1,64,4,0,20539.509319626748,-1083.8645045630929,-19.54845983416449
2021-03-06,21679.2001820862,13140.201283951532,2368.5038986669897,8.0,0.8919813464595485,2,3.805946652554028,0.832032032032032,-229.5050005323228,3,0.6061202061692963,0.10925236534436888,-1.0586414563484021,2709.900022760775,9.15311990589815,2021,1,65,5,0,22804.034306104295,-1005.2961516706682,20.650808503517617
2021-03-07,21015.290700785084,12317.795091665259,2138.87901333022,7.0,0.8996308696522433,3,2.450269439043586,0.8325325325325326,958.6165957896055,3,0.5861348894500467,0.10177727464175959,4.561519559440564,3002.1843858264406,9.825376082429468,2021,1,66,6,0,22415.079006730746,3160.646993166978,-3.0624260845642737
2021-03-08,19646.336052487204,10568.393052354108,2165.7079299683865,9.0,0.9070138128026359,3,3.182307734745718,0.8330330330330331,-287.7649298352899,3,0.5379320105346646,0.11023469842837236,-1.4647256825216484,2182.926228054134,9.071553823406829,2021,1,67,0,0,21600.79270497814,1480.7608410936537,-6.51408856431731
2021-03-09,24225.38940287634,14468.094060632651,1335.7194023861284,12.0,0.9141279881853337,3,3.466822577600682,0.8335335335335335,-1178.4240601424408,3,0.5972285448140132,0.055137169527914184,-4.864417411604222,2018.782450239695,18.136585692773583,2021,1,68,1,0,22191.341391364535,1757.7494460416,23.30741639639944
2021-03-10,21303.62383417313,13493.548368553847,1488.4900083407279,9.0,0.9209712877166346,2,2.6207686203745126,0.8340340340340341,-878.4145427214462,3,0.6333921624596495,0.06987027277270273,-4.1233104262401685,2367.0693149081253,14.312238385745719,2021,1,69,2,0,17035.882806767477,-373.7976330478323,-12.06075791027863
2021-03-11,21753.25203661653,13515.058923090714,1660.4955257093388,9.0,0.9275416835791966,4,4.937332161340014,0.8345345345345345,-622.3024121835224,3,0.6212891249704302,0.076333208612408,-2.8607327820963104,2417.0280040685034,13.10045808604264,2021,1,70,3,0,22334.62455565493,5142.818576897205,2.1105714499246364
2021-03-12,22001.228283537712,13683.435712418213,1227.87152739752,7.0,0.9338372288229252,3,2.817203615950927,0.8350350350350351,1489.921043721979,3,0.6219396270096775,0.055809226265620245,6.771990293091061,3143.032611933959,17.918184266532695,2021,1,71,4,0,17968.549445281285,-4045.192929352641,1.1399502313666598
2021-03-13,23760.55366282814,14874.397558599992,3095.126290208791,7.0,0.9398560579418954,3,2.9644504690932076,0.8355355355355356,191.02981401935722,3,0.6260122457445102,0.13026322257174155,0.8039787991902355,3394.364808975449,7.6767638651750465,2021,1,72,5,0,21679.2001820862,-229.5050005323228,7.996487089799587
2021-03-14,21932.370176592856,13203.750901436431,1052.963702161387,6.0,0.9455963874271426,3,2.7173536401420018,0.836036036036036,2875.655572995038,3,0.6020211584577405,0.04800957186493021,13.111467433027634,3655.3950294321426,20.82917970635924,2021,1,73,6,0,21015.290700785084,958.6165957896055,-7.69419564955408
2021-03-15,21203.419160276833,12820.709349868897,1712.180428554238,6.0,0.9510565162951535,2,4.938784069710494,0.8365365365365366,1870.5293818536975,3,0.6046529219158968,0.08075020427657685,8.821829006512342,3533.903193379472,12.383869600811266,2021,1,74,0,0,19646.336052487204,-287.7649298352899,-3.323630827159707
2021-03-16,21304.34566271167,12473.781449909824,1421.4506699095837,6.0,0.9562348265919056,1,3.9423241828795854,0.837037037037037,2609.1135428922607,3,0.5855040866963727,0.06672116066899461,12.246860730667315,3550.7242771186116,14.987748863677982,2021,1,75,1,0,24225.38940287634,-1178.4240601424408,0.47599163923484067
2021-03-17,21851.327531426163,12952.760090842172,2949.336758107896,5.0,0.9611297838723007,4,2.750726395005086,0.8375375375375376,1949.2306824760944,3,0.5927676509454064,0.1349728868356495,8.920422247448116,4370.265506285233,7.408895397026335,2021,1,76,2,0,21303.62383417313,-878.4145427214462,2.5674661750905603
2021-03-18,19697.04968463054,12126.115385663894,1970.500586180974,7.0,0.9657399376548549,2,4.384985247087975,0.8380380380380381,0.4337127856715597,3,0.6156310503255628,0.10004039273549384,0.002201917508539274,2813.864240661506,9.995962357364927,2021,1,77,3,0,21753.25203661653,-622.3024121835224,-9.858796193033958
2021-03-19,21107.892222812035,13266.677552271629,1325.251878145316,4.0,0.9700639218515071,4,3.6605589554311027,0.8385385385385385,3315.96279239509,3,0.6285174006116,0.06278466197174676,15.709587472743552,5276.973055703009,15.92745693924421,2021,1,78,4,0,22001.228283537712,1489.921043721979,7.1627099528634774
2021-03-20,24339.942765790223,14534.242521633634,2535.759680884483,8.0,0.9741004551724205,3,3.7058027368892015,0.8390390390390391,869.9405632721064,3,0.5971354436404634,0.10418100425644762,3.5741273989140487,3042.492845723778,9.598678829572822,2021,1,79,5,0,23760.55366282814,191.02981401935722,15.312047782228099
2021-03-21,21725.929613113603,12810.463135442456,3171.6037775896248,7.0,0.9778483415056568,3,3.2244182329980378,0.8395395395395395,143.86270008152223,3,0.5896393555334986,0.1459824198120972,0.6621705153398262,3103.7042304448005,6.850139909224414,2021,1,80,6,0,21932.370176592856,2875.655572995038,-10.73960270913461
2021-03-22,21366.32482005415,12820.058871460787,3157.4284703060616,8.0,0.9813064702716093,3,2.9004672104344214,0.8400400400400401,-1011.1625217127003,3,0.6000123549291009,0.14777592762900155,-4.732505614459425,2670.7906025067687,6.767002014770276,2021,1,81,0,0,21203.419160276833,1870.5293818536975,-1.6551871402657903
2021-03-23,21850.360086123168,13410.819426138458,1873.035926010441,6.0,0.9844738167520922,3,3.7702128792436813,0.8405405405405406,1766.5047339742687,3,0.6137573647884854,0.08572105533400237,8.084556625207055,3641.726681020528,11.665745318972256,2021,1,82,1,0,21304.34566271167,2609.1135428922607,2.2654119046936483
2021-03-24,22811.06013529825,12964.708673112178,2744.9609987036397,14.0,0.9873494423939864,2,3.0639302160035276,0.841041041041041,-4098.60953651757,3,0.5683518694973038,0.12033465268262729,-17.967641627384545,1629.3614382355893,8.310158193894633,2021,1,83,2,0,21851.327531426163,1949.2306824760944,4.396724106094729
2021-03-25,24833.466449147567,13751.98939291992,3609.202741493399,10.0,0.989932495087353,3,4.953404503660083,0.8415415415415416,-527.7256852657529,3,0.5537684165470975,0.14533624409158105,-2.1250584824571184,2483.346644914757,6.880596139321365,2021,1,84,3,0,19697.04968463054,0.4337127856715597,8.865902337961963
2021-03-26,22079.95210146375,12972.70283613246,2798.2392821884023,5.0,0.9922222094179323,4,2.4845671158055165,0.842042042042042,2309.009983142889,3,0.5875331058925829,0.12673212647064114,10.45749543537197,4415.99042029275,7.890659044781836,2021,1,85,4,0,21107.892222812035,3315.96279239509,-11.087917803671477
2021-03-27,22417.501747792023,12840.144835718133,2102.237854682431,8.0,0.994217906893952,4,4.728925418283956,0.8425425425425426,1075.1190573914591,3,0.5727732278188761,0.09377663391459255,4.795891484640349,2802.187718474003,10.663637179713168,2021,1,86,5,0,24339.942765790223,869.9405632721064,1.5287607725647856
2021-03-28,24470.709068856166,14428.355342490044,2542.93983122793,6.0,0.995918996147179,2,3.4109449209617595,0.8430430430430431,2699.413895138192,3,0.5896173789607506,0.10391770112065635,11.031204235000006,4078.4515114760275,9.62299963544155,2021,1,87,6,0,21725.929613113603,143.86270008152223,9.158947969152575
2021-03-29,22832.378764811205,13625.537099477986,2419.8145284498714,6.0,0.9973249731081555,3,3.739268587216885,0.8435435435435436,1987.0271368833473,3,0.5967637993320865,0.10598170928117398,8.702672451920398,3805.3964608018673,9.43559041255843,2021,1,88,0,0,21366.32482005415,-1011.1625217127003,-6.695066740546807
2021-03-30,21416.16811495524,12623.076664461636,2654.718170060356,5.0,0.9984354211555643,2,4.166526213303547,0.8440440440440441,1825.9303424695245,3,0.5894180787480253,0.12395859781314125,8.525943262438481,4283.233622991048,8.067209678407533,2021,1,89,1,0,21850.360086123168,1766.5047339742687,-6.202641715275858
2021-03-31,22361.086453829514,14142.88563953308,2378.9868869825627,9.0,0.9992500112396835,2,2.995800563996451,0.8445445445445446,-1360.786072686129,3,0.6324775707448239,0.10638959300544819,-6.085509644157221,2484.565161536613,9.39941559837333,2021,1,90,2,1,22811.06013529825,-4098.60953651757,4.412172774336898
2021-04-01,22230.826917558268,13501.86853283612,2157.7320287950065,6.0,0.9997685019798909,1,4.191398707758909,0.8450450450450451,1771.2263559271414,4,0.607348911622002,0.09706035842916823,7.96743352145933,3705.1378195930447,10.302867372262698,2021,2,91,3,0,24833.466449147567,-527.7256852657529,-0.5825277610736923
2021-04-02,22994.330132145395,13946.83525909265,2076.04256007351,10.0,0.9999907397361901,4,1.333964915695058,0.8455455455455456,-1028.547687020765,4,0.606533661948055,0.09028497669394002,-4.473049143462047,2299.4330132145396,11.076039853119003,2021,2,92,4,0,22079.95210146375,2309.009983142889,3.4344346137844317
2021-04-03,22818.84110560709,14002.408235385954,2900.6422161822575,10.0,0.9999166586547379,2,2.9240083734224487,0.846046046046046,-2084.2093459611206,4,0.613633627167212,0.1271161056233266,-9.133721280214289,2281.884110560709,7.866823760029459,2021,2,93,5,0,22417.501747792023,1075.1190573914591,-0.7631839045964428
2021-04-04,22117.73125679811,12701.22219518848,2982.0913772396752,11.0,0.9995462806873573,2,2.7607497541271475,0.8465465465465466,-2365.5823156300457,4,0.5742552003964977,0.13482808623615494,-10.695411243424708,2010.7028415271009,7.416852288835975,2021,2,94,6,0,24470.709068856166,2699.413895138192,-3.0725041888157167
2021-04-05,23099.230057390057,14379.093928144168,940.0799058264246,6.0,0.9988797155850336,2,2.4971951901025906,0.8470470470470471,2980.056223419465,4,0.6224923468193224,0.040697456300092916,12.90110629668397,3849.8716762316762,24.57156026229868,2021,2,95,0,0,22832.378764811205,1987.0271368833473,4.437610662668101
2021-04-06,21033.195985258943,12582.035447887634,2536.481839818858,9.0,0.9979171608653922,2,3.328036129536839,0.8475475475475476,-1285.32130244755,4,0.598198935468757,0.12059421885273852,-6.1109177290430035,2337.0217761398826,8.29227146635555,2021,2,96,1,0,21416.16811495524,1825.9303424695245,-8.944168558856946
2021-04-07,22690.171057733653,13949.342943260797,2341.2272964642975,9.0,0.9966589017541702,3,3.808599974545356,0.8480480480480481,-800.3991819914427,4,0.6147746928732978,0.10318244364518885,-3.52751497533835,2521.1301175259614,9.691571207972915,2021,2,97,2,0,22361.086453829514,-1360.786072686129,7.877904402336178
2021-04-08,19556.218483607205,11197.802473644246,2790.5453034178295,7.0,0.9951053111006976,1,4.062127998799444,0.8485485485485486,-32.129293454871004,4,0.5725954883880381,0.1426935021081389,-0.1642919538959081,2793.745497658172,7.008027592189585,2021,2,98,3,0,22230.826917558268,1771.2263559271414,-13.811938949919378
2021-04-09,23731.726198543307,13462.156336117952,1551.3013639821302,6.0,0.9932568492674143,2,3.6927014057603262,0.8490490490490491,3918.2684984432235,4,0.5672641013760003,0.06536824801549208,16.510676322752,3955.287699757218,15.297947097541957,2021,2,99,4,0,22994.330132145395,-1028.547687020765,21.351304284292883
2021-04-10,22692.792586514624,14024.62038092129,1946.1511483506777,11.0,0.9911140639934547,3,2.9674452280851624,0.8495495495495496,-2077.9789427573423,4,0.6180209124748945,0.08576076042343038,-9.15699967218754,2062.9811442286023,11.660344370346717,2021,2,100,5,0,22818.84110560709,-2084.2093459611206,-4.377825714559503
2021-04-11,22732.15274324757,13827.4964089973,3259.652302219015,8.0,0.9886775902323405,3,3.7952131502601336,0.8500500500500501,-754.9959679687445,4,0.6082792318516628,0.14339391165613527,-3.3212691138238584,2841.5190929059463,6.9737967843296085,2021,2,101,6,0,22117.73125679811,-2365.5823156300457,0.17344783187387414
2021-04-12,17692.360539804085,10164.390546703697,1583.8793473435514,9.0,0.9859481499638304,4,3.5994285558806807,0.8505505505505506,-1255.9093542431629,4,0.5745073148286776,0.08952334787549443,-7.09859688546156,1965.8178377560096,11.170270367801269,2021,2,102,0,0,23099.230057390057,2980.056223419465,-22.17032526732656
2021-04-13,25236.599529319054,14707.128176954084,3600.1920888333466,6.0,0.9829265519799822,3,4.2488449343488135,0.851051051051051,2129.2792635316237,4,0.582769804619193,0.1426575749498565,8.437266918856864,4206.099921553176,7.009792507348421,2021,2,103,1,0,21033.195985258943,-1285.32130244755,42.64122343958581
2021-04-14,21531.078260769857,13481.364348669298,2293.473791333395,6.0,0.9796136916454901,2,4.121549362345213,0.8515515515515516,956.2401207671628,4,0.6261351236288369,0.1065192260023577,4.441208699284956,3588.5130434616426,9.387976589107641,2021,2,104,2,0,22690.171057733653,-800.3991819914427,-14.68312426261804
2021-04-15,23918.73476512803,13756.534912643154,2185.6058396802905,7.0,0.9760105506323683,4,3.524381131136503,0.8520520520520521,2376.594012804584,4,0.5751363961232303,0.09137631489048337,9.936119264424908,3416.962109304004,10.943754967559407,2021,2,105,3,0,19556.218483607205,-32.129293454871004,11.089349429882201
2021-04-16,21151.20785612199,13512.061190301174,1137.6074255495896,8.0,0.9721181966290613,2,2.7821975950709943,0.8525525525525526,101.53924027122594,4,0.6388316583249052,0.05378451355062077,0.48006355458247035,2643.9009820152487,18.592712548358787,2021,2,106,4,0,23731.726198543307,3918.2684984432235,-11.570540566555865
2021-04-17,24817.408413119956,14440.134680548039,2545.0968266090913,6.0,0.9679377830240642,3,2.977639875334335,0.8530530530530531,3032.176905962826,4,0.5818550607771812,0.10255288482352581,12.21794337058916,4136.234735519993,9.751066503110192,2021,2,107,5,0,22692.792586514624,-2077.9789427573423,17.333291705782305
2021-04-18,20949.450050696934,12888.86599322235,2029.2616213290032,8.0,0.9634705485641488,3,3.0601685122895734,0.8535535535535536,-368.67756385441953,4,0.6152364841096901,0.0968646726486023,-1.7598436377195235,2618.681256337117,10.323681200345536,2021,2,108,6,0,22732.15274324757,-754.9959679687445,-15.58566590852488
2021-04-19,21660.05383600991,12831.723063731451,1586.0968127161013,5.0,0.9587178169872964,2,3.2477869328669953,0.8540540540540541,3242.233959562356,4,0.5924141814642524,0.07322681765819115,14.968725304699529,4332.010767201982,13.656199080886045,2021,2,109,0,0,17692.360539804085,-1255.9093542431629,3.3919925515626392
2021-04-20,25200.06081560611,15421.630204904837,2158.6059111134227,6.0,0.9536809966304457,3,3.7144403420718026,0.8545545545545546,2819.82469958785,4,0.6119679757024394,0.08565875800492603,11.189753549489708,4200.010135934352,11.674229504267297,2021,2,110,1,0,25236.599529319054,2129.2792635316237,16.34348190636039
2021-04-21,20565.5857081938,12067.294423859184,1170.2004086416632,10.0,0.9483615800121715,4,4.072139512102447,0.8550550550550551,-671.909124307047,4,0.5867712495565491,0.05690090354078409,-3.267152872963609,2056.5585708193803,17.574413370839423,2021,2,111,2,0,21531.078260769857,956.2401207671628,-18.390729853089205
2021-04-22,22688.77719513703,13531.869864046072,3468.098132405516,10.0,0.9427611433904207,5,3.4591050455876977,0.8555555555555556,-2311.1908013145567,4,0.5964124795119592,0.15285522452698977,-10.186493443154454,2268.877719513703,6.542138177445346,2021,2,112,3,0,23918.73476512803,2376.594012804584,10.324002034609215
2021-04-23,23733.499372441816,14260.55921116295,3311.895424413298,8.0,0.9368813462954315,3,3.512899830320378,0.8560560560560561,-238.95526313443224,4,0.6008620552484399,0.13954517926079243,-1.0068269300897763,2966.687421555227,7.166137915313617,2021,2,113,4,0,21151.20785612199,101.53924027122594,4.604576828092366
2021-04-24,25089.87189864466,14552.829411296058,2206.9150862312426,6.0,0.9307239310379795,3,3.614645044000003,0.8565565565565566,3530.127401117359,4,0.5800280475757309,0.08796039673484579,14.069929951727076,4181.645316440777,11.368752724188736,2021,2,114,5,0,24817.408413119956,3032.176905962826,5.7150127965444275
2021-04-25,22442.209350067344,13835.737782750468,3257.456445009041,6.0,0.9242907221930933,2,3.087275749494128,0.8570570570570571,549.0151223078346,4,0.6165051562852901,0.14514865244313685,2.446350596520869,3740.368225011224,6.889488694300886,2021,2,115,6,0,20949.450050696934,-368.67756385441953,-10.552714494809123
2021-04-26,23153.04186735602,13635.21833717782,1675.5309990785986,8.0,0.9175836260593937,2,2.759686193885635,0.8575575575575576,1442.2925310996015,4,0.5889169300212951,0.07236764001368505,6.229386787975887,2894.1302334195025,13.818330953046079,2021,2,116,0,0,21660.05383600991,3242.233959562356,3.1673909916830167
2021-04-27,25934.79347800149,15446.576129130885,3521.63955446551,10.0,0.9106046300942162,3,2.095649682151432,0.8580580580580581,-1033.422205594903,4,0.595592794761718,0.1357882243192971,-3.9846941772313564,2593.4793478001493,7.3644088433512875,2021,2,117,1,0,25200.06081560611,2819.82469958785,12.01462696168456
2021-04-28,21328.33642096769,12299.827165276358,2687.65666686468,10.0,0.9033558023246845,3,2.943880513538502,0.8585585585585586,-1659.1474111733469,4,0.5766894765024669,0.12601342241687774,-7.779075584827395,2132.833642096769,7.935662573243975,2021,2,118,2,0,20565.5857081938,-671.909124307047,-17.76168783044718
2021-04-29,23557.078347542847,12853.080179128054,3805.7646533297216,8.0,0.895839290734909,5,3.8785163626142296,0.8590590590590591,498.2335150850722,4,0.545614358007546,0.16155503654495793,2.1150055526178657,2944.634793442856,6.189841068320502,2021,2,119,3,0,22688.77719513703,-2311.1908013145567,10.449675411084103
2021-04-30,24509.367655716986,14610.106712130106,1784.3188608496712,6.0,0.8880573226294932,3,2.937670849568346,0.8595595595595596,3314.9420827372087,4,0.5961029642770973,0.0728015053637447,13.52520444142905,4084.8946092861643,13.735979702666999,2021,2,120,4,0,23733.499372441816,-238.95526313443224,4.042476295764708
2021-05-01,24612.832750673704,15974.007361210679,3334.331122726806,9.0,0.8800122039735357,3,3.309754370059248,0.8600600600600601,-1895.5057332637807,5,0.6490113317319575,0.13547124609764954,-7.701290430342264,2734.7591945193003,7.381640228504182,2021,2,121,5,0,25089.87189864466,3530.127401117359,0.42214510145708317
2021-05-02,23363.85014632844,14410.612231746076,1568.4727135535477,7.0,0.8717063187093218,3,3.8731450299298533,0.8605605605605606,1784.7652010288175,5,0.6167909887065707,0.06713245906518658,7.63900294622155,3337.69287804692,14.895923878328151,2021,2,122,6,0,22442.209350067344,549.0151223078346,-5.074517902906061
2021-05-03,24379.4668756521,14618.04993552406,3208.770545827897,8.0,0.8631421280499114,4,3.916551597138135,0.8610610610610611,152.64639430014086,5,0.5996049876760506,0.13161774874710294,0.6261268758612175,3047.4333594565123,7.597759493071493,2021,2,123,0,0,23153.04186735602,1442.2925310996015,4.346957898474879
2021-05-04,19450.702013643655,11538.97579358206,1088.218992063122,11.0,0.854322169749827,4,2.6363737182671687,0.8615615615615616,-1976.4927720015266,5,0.5932421249108679,0.05594754324547222,-10.161549802239115,1768.2456376039686,17.873885822161263,2021,2,124,1,0,25934.79347800149,-1033.422205594903,-20.216868921489116
2021-05-05,25193.11788328879,15127.103676379296,3082.974667557563,10.0,0.8452490573530633,3,4.297647485162913,0.8620620620620622,-1016.9604606480698,5,0.6004458736095334,0.12237368482297205,-4.036659794787228,2519.3117883288787,8.171691499251802,2021,2,125,2,0,21328.33642096769,-1659.1474111733469,29.52292346886569
2021-05-06,22292.374601127613,13648.984318264173,2331.3317379439095,9.0,0.8359254794186372,3,4.401880071484388,0.8625625625625626,-887.9414550804695,5,0.6122714409066932,0.10457978477653897,-3.9831622739533312,2476.9305112364013,9.562077433384967,2021,2,126,3,0,23557.078347542847,498.2335150850722,-11.51403052055463
2021-05-07,21906.352499691493,12553.405092160474,2152.8696877583006,6.0,0.8263541987239096,4,2.596120114225152,0.8630630630630631,2400.0777197727184,5,0.573048621048952,0.09827604516948311,10.95608098064942,3651.0587499485823,10.175419638381236,2021,2,127,4,0,24509.367655716986,3314.9420827372087,-1.7316329388103568
2021-05-08,20644.941975406273,12944.1260325782,1253.2331273358664,9.0,0.8165380514459161,1,2.8409305042870767,0.8635635635635636,-752.4171845077944,5,0.6269877652355801,0.060704124469267436,-3.6445594538561914,2293.882441711808,16.47334524207277,2021,2,128,5,0,24612.832750673704,-1895.5057332637807,-5.75819513678959
2021-05-09,22196.74720493725,13675.738980682974,3166.837596419465,11.0,0.8064799463209448,4,4.452872546516954,0.8640640640640641,-3445.829372165188,5,0.6161145529305782,0.14267124670028505,-15.524028545041624,2017.8861095397501,7.009120780312085,2021,2,129,6,0,23363.85014632844,1784.7652010288175,7.51663643026752
2021-05-10,22286.71949131792,13731.124557644718,1682.629954502883,8.0,0.7961828637826158,3,3.3825171829957594,0.8645645645645647,472.96497917031775,5,0.6161124145253345,0.07549922074257602,2.122183030816031,2785.83993641474,13.245169819826677,2021,2,130,0,0,24379.4668756521,152.64639430014086,0.40533996062563915
2021-05-11,21420.27646538047,13071.403748633145,2689.847201393766,12.0,0.7856498550787147,3,1.7241776420385193,0.8650650650650651,-3940.974484646442,5,0.6102350625473577,0.12557481252593108,-18.398336226032654,1785.0230387817057,7.963380393608001,2021,2,131,1,0,19450.702013643655,-1976.4927720015266,-3.8877100161599953
2021-05-12,22848.219471134707,13718.74001152782,1633.3616118525874,12.0,0.7748840413670407,3,2.380254796213851,0.8655655655655656,-2103.8821522457,5,0.6004292819779409,0.07148747909727034,-9.20807923306076,1904.0182892612256,13.988463611079885,2021,2,132,2,0,25193.11788328879,-1016.9604606480698,6.666314545762675
2021-05-13,23712.239620828565,14563.774390480548,2470.741905065784,12.0,0.7638886127905428,4,3.300504299862015,0.8660660660660661,-2922.2766747177684,5,0.6141880574489427,0.10419690187743853,-12.32391676807649,1976.0199684023803,9.597214331537888,2021,2,133,3,0,22292.374601127613,-887.9414550804695,3.7815644706381546
2021-05-14,23181.039743239002,14204.530912814089,2493.0701279057457,10.0,0.7526668275320085,1,2.5695658797723184,0.8665665665665666,-1516.5612974808328,5,0.6127650472173921,0.10754781301959833,-6.542248813162724,2318.1039743239003,9.298190004270669,2021,2,134,4,0,21906.352499691493,2400.0777197727184,-2.2401927699944535
2021-05-15,20999.769570100652,12422.84138658988,1822.1570923048282,10.0,0.7412220108485958,4,3.169260983490847,0.8670670670670672,-1245.2289087940562,5,0.5915703667661881,0.08677033746595032,-5.929726536461646,2099.9769570100652,11.524675703749699,2021,2,135,5,0,20644.941975406273,-752.4171845077944,-9.409716722368078
2021-05-16,24766.64283059792,14573.184811910302,1151.686956969351,12.0,0.7295575540864875,3,3.525916970946863,0.8675675675675676,-558.2289382817326,5,0.5884198723092933,0.04650153696029002,-2.2539548137387,2063.8869025498266,21.504665552322493,2021,2,136,6,0,22196.74720493725,-3445.829372165188,17.937688544261544
2021-05-17,23216.539746451763,13980.851995502051,1478.8843093196479,10.0,0.717676913675962,3,4.669803683227784,0.8680680680680681,-243.1965583699366,5,0.6021936149050281,0.06369960060674715,-1.0475142334985768,2321.6539746451763,15.698685556500628,2021,2,137,0,0,22286.71949131792,472.96497917031775,-6.258834088853915
2021-05-18,19937.609814571424,12737.075964490448,1729.6451703438827,8.0,0.705583610107178,2,3.2676368670177687,0.8685685685685686,-929.1113202629067,5,0.6388466863857243,0.08675288494610671,-4.660093807151671,2492.201226821428,11.526994181475667,2021,2,138,1,0,21420.27646538047,-3940.974484646442,-14.123249923070325
2021-05-19,23560.69149326539,13516.861358132282,2780.7685412298397,8.0,0.6932812268869777,3,4.358033439658207,0.8690690690690691,393.49305916036883,5,0.5737039323313561,0.11802576091727601,1.6701252561829318,2945.0864366581736,8.472726566032458,2021,2,139,2,0,22848.219471134707,-2103.8821522457,18.172096416723083
2021-05-20,22057.335836698177,12500.638869142686,3222.28265755534,10.0,0.6807734094770161,3,4.643008129629417,0.8695695695695697,-1665.585689999848,5,0.5667338504383012,0.14608666619629673,-7.551164394154567,2205.7335836698176,6.845251699127007,2021,2,140,3,0,23712.239620828565,-2922.2766747177684,-6.380779006409609
2021-05-21,21701.776247245878,13103.446168965784,913.8500461282088,7.0,0.6680638642135335,3,4.647447735481661,0.8700700700700701,2084.480032151885,5,0.6037960220250963,0.04210945849394163,9.605112541958041,3100.253749606554,23.747633804026993,2021,2,141,4,0,23181.039743239002,-1516.5612974808328,-1.61197885404063
2021-05-22,25050.719470996606,15055.875533525972,2288.9658605954555,9.0,0.6551563572090853,4,3.7278036747084546,0.8705705705705706,505.8780768751785,5,0.6010156934198024,0.09137325829086826,2.0194153603487415,2783.4132745551783,10.944121055820322,2021,2,142,5,0,20999.769570100652,-1245.2289087940562,15.431654928133987
2021-05-23,20405.08416150191,12329.72132908635,1426.2654760520616,11.0,0.6420547132365637,3,1.9293686817288205,0.8710710710710711,-2150.902643636502,5,0.6042475116250059,0.06989755419597748,-10.541013340658457,1855.007651045628,14.306652235587789,2021,2,143,6,0,24766.64283059792,-558.2289382817326,-18.544917701359243
2021-05-24,22226.364214824665,13457.79512784905,1606.6066703343377,5.0,0.6287628145958344,5,3.8686598923230924,0.8715715715715716,3161.9624166412787,5,0.6054879240606025,0.07228382720655473,14.22617926206885,4445.272842964933,13.834353252248928,2021,2,144,0,0,23216.539746451763,-243.1965583699366,8.92561892373347
2021-05-25,21812.170316880933,12975.701062811157,2800.211766837471,12.0,0.6152845999633276,3,4.338719910250833,0.8720720720720722,-3563.7425127676943,5,0.5948835386072961,0.12837841105019812,-16.338321501229217,1817.6808597400777,7.789471701818954,2021,2,145,1,0,19937.609814571424,-929.1113202629067,-1.8635251989053248
2021-05-26,22485.73109050085,14236.37037360155,2707.192165586785,12.0,0.6016240632249226,4,3.435146315651666,0.8725725725725726,-4057.831448687486,5,0.6331290860102716,0.12039600378972978,-18.046250897315616,1873.810924208404,8.305923523396078,2021,2,146,2,0,23560.69149326539,393.49305916036883,3.0880043747807617
2021-05-27,19175.428603878197,10704.80517308866,1289.3933663809435,8.0,0.5877852522924732,2,4.895667096060199,0.8730730730730731,781.2300644085935,5,0.5582563703907839,0.06724195808171744,4.0741204827650686,2396.9285754847747,14.87166686586856,2021,2,147,3,0,22057.335836698177,-1665.585689999848,-14.721791670011996
2021-05-28,18564.93524941417,10724.71263725838,1478.812374783225,11.0,0.5737722679043246,3,4.187866849173966,0.8735735735735736,-2438.5897626274345,5,0.5776865091730824,0.07965620967247328,-13.135460640534072,1687.721386310379,12.553949078317357,2021,2,148,4,0,21701.776247245878,2084.480032151885,-3.18372729536045
2021-05-29,24562.152708635578,14685.664245106822,1661.1904521831639,9.0,0.5595892624101765,3,3.9546187017222274,0.8740740740740741,1015.2980113455924,5,0.5978980922117476,0.0676321197041952,4.13358724452777,2729.1280787372866,14.785873995576843,2021,2,149,5,0,25050.719470996606,505.8780768751785,32.30400418127315
2021-05-30,20690.9551198191,11592.978666314377,2362.3000527911877,12.0,0.545240438540651,3,4.36910456896467,0.8745745745745747,-2864.3235992864647,5,0.5602920986093045,0.11417066245184727,-13.843360940563034,1724.246259984925,8.758817532671854,2021,2,150,6,0,20405.08416150191,-2150.902643636502,-15.760823714183003
2021-05-31,20407.59800268014,12156.631599392049,2904.6574880840735,11.0,0.5307300481619334,4,3.7666958810087023,0.8750750750750751,-3453.6910847959816,5,0.5956914477537,0.14233215921357345,-16.923555061905894,1855.236182061831,7.025819080700318,2021,2,151,0,0,22226.364214824665,3161.9624166412787,-1.3694733544105109
2021-06-01,18711.37668635568,12057.561094677416,957.2616515633836,7.0,0.5160623910158528,1,1.505751600483717,0.8755755755755756,96.5539401148817,6,0.6443973255837332,0.051159338385903905,0.5160172965000953,2673.053812336526,19.546773503144703,2021,2,152,1,0,21812.170316880933,-3563.7425127676943,-8.311714666771142
2021-06-02,20131.39317167041,12089.279147150226,1586.3074479819247,11.0,0.5012418134457758,1,3.1006888388237073,0.8760760760760762,-2344.19342346174,6,0.6005187541696159,0.07879769842328802,-11.644466945092354,1830.1266519700373,12.690725998469748,2021,2,153,2,0,22485.73109050085,-4057.831448687486,7.58905402374912
2021-06-03,19804.13053308777,11997.828772712004,3079.082736191794,9.0,0.48627270710868997,4,4.457734421798283,0.8765765765765766,-2472.7809758160292,6,0.6058245653686548,0.15547679465389372,-12.486188028727785,2200.458948120863,6.431827992248593,2021,2,154,3,0,19175.428603878197,781.2300644085935,-1.625633336907728
2021-06-04,24269.11740002325,13931.388057427659,3282.809451931847,10.0,0.4711595076738638,2,2.8539269279213633,0.8770770770770772,-945.080109336257,6,0.5740376886311619,0.13526694843582165,-3.8941676112842556,2426.911740002325,7.3927889374576745,2021,2,155,4,0,18564.93524941417,-2438.5897626274345,22.545735393308973
2021-06-05,22483.136752290407,13181.701347354507,1350.5195106388123,8.0,0.4559066935084588,4,3.3212219958104487,0.8775775775775776,1550.915894297088,6,0.5862928065858808,0.06006810906851029,6.898129524293769,2810.392094036301,16.647768932753593,2021,2,156,5,0,24562.152708635578,1015.2980113455924,-7.359067156398247
2021-06-06,21968.136630386893,12993.283788070166,1085.9487467495028,13.0,0.440518784350495,3,2.664130948877543,0.8780780780780781,-2511.0959044327765,6,0.5914604413966327,0.04943290207178475,-11.43062767080283,1689.8566638759148,20.229441487126014,2021,2,157,6,0,20690.9551198191,-2864.3235992864647,-2.2906061888853246
2021-06-07,25232.921264854755,14980.895210534734,1635.0852866528762,12.0,0.42500033996955416,4,4.927138076161415,0.8785785785785787,-983.0592323328565,6,0.5937043536612077,0.06479968250565886,-3.8959390473036266,2102.743438737896,15.432174376975865,2021,2,158,0,0,20407.59800268014,-3453.6910847959816,14.861454521144623
2021-06-08,21961.88752338635,13817.954411533694,2519.8855873213083,8.0,0.4093559588156213,2,4.8451939659344125,0.8790790790790791,-775.9524754686518,6,0.6291788170219658,0.11473902617149738,-3.5331775314957357,2745.235940423294,8.715430428225236,2021,2,159,1,0,18711.37668635568,96.5539401148817,-12.963357302685385
2021-06-09,21446.994869841757,13147.042452267615,2043.4475563170536,7.0,0.39359027665646673,2,2.7929048838874166,0.8795795795795797,656.504861257089,6,0.6130016131422993,0.09527896885873274,3.061057575857633,3063.856409977394,10.495495616484577,2021,2,160,2,0,20131.39317167041,-2344.19342346174,-2.3444826998421875
2021-06-10,16846.51222936192,9552.178359148636,806.5969680645385,9.0,0.3777079652039649,3,3.617838400311267,0.8800800800800801,-712.2630978512543,6,0.5670122236043653,0.047879166742817794,-4.227955841268113,1871.8346921513246,20.885910679512964,2021,2,161,3,0,19804.13053308777,-2472.7809758160292,-21.45047671433411
2021-06-11,25407.478990325635,15367.739783411384,2368.5620190241907,11.0,0.36171373072976765,5,2.955604761788762,0.8805805805805806,-1128.8228121099392,6,0.6048510278907614,0.09322302381617886,-4.442876101716975,2309.7708173023307,10.726963780662626,2021,2,162,4,0,24269.11740002325,-945.080109336257,50.81744306719309
2021-06-12,20149.624971343,12338.885857054192,1184.843732403859,10.0,0.3456123126707335,3,3.9919557112251027,0.8810810810810812,-1374.1046181150505,6,0.6123630526425519,0.058802272205510306,-6.819504680952206,2014.9624971343,17.006145553441574,2021,2,163,5,0,22483.136752290407,1550.915894297088,-20.694119322049463
2021-06-13,18147.86575584117,11458.793972765334,2086.0208044223505,12.0,0.3294084822245304,3,3.907746461793863,0.8815815815815816,-4996.949021346516,6,0.6314127582234922,0.11494579211061955,-27.53463734289621,1512.3221463200973,8.699753002159811,2021,2,164,6,0,21968.136630386893,-2511.0959044327765,-9.934473809556032
2021-06-14,23542.175972515695,14915.575926793603,2553.747362223669,12.0,0.3131070409358269,3,4.149364457290613,0.8820820820820822,-3527.147316501576,6,0.6335682795085207,0.10847541727684987,-14.982248542442903,1961.8479977096413,9.218678527392155,2021,2,165,0,0,25232.921264854755,-983.0592323328565,29.724212693926756
2021-06-15,25192.304121190893,14607.8353768006,1532.186554077939,12.0,0.29671281927349075,5,3.76553475816631,0.8825825825825826,-547.7178096876451,6,0.5798530895200251,0.060819627561939316,-2.1741473390158217,2099.3586767659076,16.44206056641156,2021,2,166,1,0,21961.88752338635,-775.9524754686518,7.009242266312343
2021-06-16,23901.07570768534,13935.216669006035,2427.084392268398,11.0,0.28023067519921585,4,5.0,0.8830830830830831,-1261.2253535890923,6,0.5830372172129975,0.1015470777111498,-5.276856025285706,2172.825064335031,9.847649213938933,2021,2,167,2,0,21446.994869841757,656.504861257089,-5.12548755879545
2021-06-17,23494.63488472606,13467.992001378327,1925.6611816647846,7.0,0.26366549272800704,5,2.677660987991409,0.8835835835835837,2500.9817016829484,6,0.5732369141915847,0.0819617411001634,10.644905587823562,3356.376412103723,12.200814509027143,2021,2,168,3,0,16846.51222936192,-712.2630978512543,-1.7005126795552217
2021-06-18,21791.241915492792,12957.735219742184,3183.7108722778153,10.0,0.24702218048093552,1,2.131517316450789,0.8840840840840841,-2350.204176527208,6,0.5946304148241179,0.1461004785603482,-10.785085979226805,2179.124191549279,6.844604547869024,2021,2,169,4,0,25407.478990325635,-1128.8228121099392,-7.250135946316194
2021-06-19,21736.419785744678,13275.031058669974,2197.8634701828355,12.0,0.23030567023061221,2,3.185527839438831,0.8845845845845847,-3336.4747431081323,6,0.6107275802326975,0.10111432755932753,-15.349697769898063,1811.3683154787232,9.889795285571799,2021,2,170,5,0,20149.624971343,-1374.1046181150505,-0.251578730394153
2021-06-20,21449.7264696815,13363.50314010345,1997.9169708413588,10.0,0.21352091543979612,3,2.245609387551786,0.8850850850850851,-1911.6936412633095,6,0.6230150840847474,0.09314417009770964,-8.9124383192738,2144.97264696815,10.736044982213969,2021,2,171,6,0,18147.86575584117,-4996.949021346516,-1.3189537140389507
2021-06-21,20755.55397375884,12415.356872434042,2566.1822142104215,11.0,0.19667288979357647,4,2.3060301839952055,0.8855855855855856,-3025.9851128856226,6,0.5981703445800929,0.1236383388010185,-14.57915850721866,1886.8685430689854,8.088106081798651,2021,2,172,0,0,23542.175972515695,-3527.147316501576,-3.236276681214789
2021-06-22,21044.330455983625,12466.674511962752,1404.0637428931793,10.0,0.1797665857255624,2,2.6989482766416266,0.8860860860860862,-826.4077988723066,6,0.5924006248636934,0.06671933544428618,-3.9269854681327265,2104.4330455983627,14.988158879895433,2021,2,173,1,0,25192.304121190893,-547.7178096876451,1.391321487202335
2021-06-23,21091.87735124401,12731.005406870776,3528.9449329142913,8.0,0.16280701293851715,2,2.762248875654698,0.8865865865865866,-1568.0729885410583,6,0.6035975458637822,0.1673129837684246,-7.434487515870998,2636.484668905501,5.976822464561896,2021,2,174,2,0,23901.07570768534,-1261.2253535890923,0.2259368401376971
2021-06-24,19966.241785362065,11562.173620402225,1761.283535267929,10.0,0.1457991969198751,4,2.736305518439952,0.8870870870870872,-1357.2153703080894,6,0.5790861267080744,0.08821307255525605,-6.797550509996881,1996.6241785362065,11.336188288573748,2021,2,175,3,0,23494.63488472606,2500.9817016829484,-5.336820175542856
2021-06-25,21079.430968738856,13692.4279420907,2443.715092319678,11.0,0.12874817745258132,1,3.9145751603563292,0.8875875875875876,-3856.7120656715233,6,0.6495634518026979,0.11592889276488288,-18.29609191723956,1916.3119062489868,8.625977322392917,2021,2,176,4,0,21791.241915492792,-2350.204176527208,5.575356621158956
2021-06-26,18272.409780040798,10159.61535446545,823.561784461098,9.0,0.11165900712169512,3,3.0950487511317313,0.8880880880880881,89.23264111425033,6,0.5560085110154949,0.04507132854259244,0.4883463220692454,2030.2677533378665,22.18705399498041,2021,2,177,5,0,21736.419785744678,-3336.4747431081323,-13.316399256037393
2021-06-27,21779.408551465807,13160.015420327347,2125.9719692784483,10.0,0.09453674981719912,3,3.356388340102016,0.8885885885885887,-1506.578838139988,6,0.6042411752931485,0.09761385228871908,-6.917446057269501,2177.940855146581,10.244447653210454,2021,2,178,6,0,21449.7264696815,-1911.6936412633095,19.19286407015539
2021-06-28,19032.041804878143,12431.028192541704,2629.0928559553063,8.0,0.07738647923346301,3,4.215386219600748,0.8890890890890891,-2428.079243618867,6,0.653163140349738,0.13814034683769127,-12.757849465192542,2379.005225609768,7.239014689712306,2021,2,179,0,0,20755.55397375884,-3025.9851128856226,-12.614514944680444
2021-06-29,21209.899698053923,12729.339741112353,2202.3732326351956,13.0,0.06021327736579302,4,2.886941980174859,0.8895895895895897,-4121.813275693626,6,0.600160298838203,0.10383704138107124,-19.433440678042505,1631.5307460041479,9.630474700546436,2021,2,180,1,0,21044.330455983625,-826.4077988723066,11.44311217631715
2021-06-30,21421.964326478337,12758.159078386256,2156.215166014836,10.0,0.04302223300453059,3,3.288363281036222,0.8900900900900901,-1492.4099179227542,6,0.595564388211435,0.1006544093320926,-6.966727678087301,2142.1964326478337,9.934984534067107,2021,2,181,2,1,21091.87735124401,-1568.0729885410583,0.9998379598366025
2021-07-01,22016.26924160181,13031.038833555873,1985.748570082831,13.0,0.02581844022713308,3,3.7926079888743325,0.8905905905905906,-3400.518162036893,7,0.5918822435607074,0.0901945987438495,-15.4454786354597,1693.5591724309086,11.087138408808448,2021,3,182,3,0,19966.241785362065,-1357.2153703080894,2.774278334451763
2021-07-02,21097.1324517712,12568.083630181514,2659.9778702746503,14.0,0.008606996888688698,3,1.946745759503823,0.8910910910910912,-5330.929048684966,7,0.595724734577678,0.12608243685986498,-25.26850064041481,1506.9380322693712,7.931318785593077,2021,3,183,4,0,21079.430968738856,-3856.7120656715233,-4.174807183470564
2021-07-03,18568.970600658282,11827.806597733235,2325.421698998469,10.0,-0.008606996888688009,3,1.592075592839534,0.8915915915915916,-3584.2576960734223,7,0.6369661976477001,0.12523158924684985,-19.30240384971237,1856.897060065828,7.98520569781202,2021,3,184,5,0,18272.409780040798,89.23264111425033,-11.983438303249905
2021-07-04,18837.910824780993,10196.815539203842,1225.8040784910954,9.0,-0.02581844022713239,3,3.776893863038178,0.8920920920920922,215.29120708605478,7,0.5412922714226932,0.06507112651146901,1.1428613771907359,2093.1012027534434,15.367799108622265,2021,3,185,6,0,21779.408551465807,-1506.578838139988,1.448331358299293
2021-07-05,22445.883070835,14234.246693149162,2158.4998229240837,6.0,-0.04302223300453034,2,3.893611424453519,0.8925925925925926,1253.1365547617543,7,0.6341584622992353,0.09616462030530333,5.582923829760184,3740.9805118058334,10.398834798340607,2021,3,186,0,0,19032.041804878143,-2428.079243618867,19.152719638675507
2021-07-06,19330.8257838606,10886.516894091288,1725.5689614295793,8.0,-0.060213277365792774,1,5.0,0.8930930930930931,318.7399283397335,7,0.5631687448748565,0.08926514473428575,1.6488686613990957,2416.353222982575,11.202580839102264,2021,3,187,1,0,21209.899698053923,-4121.813275693626,-13.878078564090623
2021-07-07,19993.248327799196,11862.62283206231,2797.9246858590386,8.0,-0.07738647923346322,2,3.626475900693448,0.8935935935935937,-1067.299190122153,7,0.5933314405727744,0.1399434769170912,-5.338298072545566,2499.1560409748995,7.1457421383952395,2021,3,188,2,0,21421.964326478337,-1492.4099179227542,3.42676795779544
2021-07-08,20498.66755926514,12084.578325409753,1348.020620649204,13.0,-0.09453674981719933,2,4.155791773806476,0.8940940940940941,-3333.9313867938163,7,0.5895299433717425,0.06576137774574112,-16.264137057468993,1576.820581481934,15.206494058965527,2021,3,189,3,0,22016.26924160181,-3400.518162036893,2.527949551665376
2021-07-09,17649.277165239422,10883.842934029013,1689.277595777435,11.0,-0.11165900712169444,3,3.343621885131221,0.8945945945945947,-3723.8433645670257,7,0.6166735800072846,0.09571369863829315,-21.099126778411094,1604.479742294493,10.447825277122034,2021,3,190,4,0,21097.1324517712,-5330.929048684966,-13.900368820498432
2021-07-10,20077.269427870244,11247.299480780272,2685.0453878986727,11.0,-0.12874817745258066,4,3.737781777268069,0.8950950950950951,-2655.0754408087005,7,0.5602006548344339,0.13373558578495887,-13.22428555510173,1825.2063116245677,7.477441356618107,2021,3,191,5,0,18568.970600658282,-3584.2576960734223,13.756893497104784
2021-07-11,18923.359878998526,11585.102260440088,728.3365406619984,6.0,-0.14579919691987442,4,4.833805473399627,0.8955955955955957,1809.9210778964398,7,0.612211696787389,0.03848875386396466,9.564480565130093,3153.893313166421,25.981615396913547,2021,3,192,6,0,18837.910824780993,215.29120708605478,-5.747343048900455
2021-07-12,19471.493181252485,12695.050720394916,2341.3834455867477,8.0,-0.16280701293851646,4,1.8008057454994915,0.8960960960960962,-1964.940984729179,7,0.6519813658984277,0.12024673320077349,-10.091372892866072,2433.9366476565606,8.316234240894683,2021,3,193,0,0,22445.883070835,1253.1365547617543,2.896596089483494
2021-07-13,19648.486825772234,11107.505093166936,2343.2821349836686,13.0,-0.17976658572556214,3,3.8308930060573445,0.8965965965965966,-4202.300402378371,7,0.5653109672851555,0.11926018302386865,-21.387399648844003,1511.422063520941,8.385028218511627,2021,3,194,1,0,19330.8257838606,318.7399283397335,0.9089885550747745
2021-07-14,17877.754189721432,10821.505597638057,2437.338937711086,11.0,-0.19667288979357622,3,5.0,0.8970970970970972,-4181.090345627711,7,0.6053056487296224,0.13633361952769216,-23.387111721401624,1625.2503808837666,7.334947927476388,2021,3,195,2,0,19993.248327799196,-1067.299190122153,-9.012056000812196
2021-07-15,21061.135997137015,12305.690509383903,1547.0227092486793,11.0,-0.2135209154397959,3,3.7256273753674742,0.8975975975975976,-1591.5772214955678,7,0.5842842718007566,0.07345390625932888,-7.556939102011979,1914.648727012456,13.613979853835163,2021,3,196,3,0,20498.66755926514,-3333.9313867938163,17.80638537499204
2021-07-16,19319.287088703983,11804.515856318907,2062.6363922664273,12.0,-0.23030567023061196,2,4.8204583705862785,0.8980980980980982,-4147.865159881352,7,0.6110223323520579,0.10676565769719598,-21.470073615224734,1609.940590725332,9.366307683282912,2021,3,197,4,0,17649.277165239422,-3723.8433645670257,-8.27044138867824
2021-07-17,20971.4092357001,12592.419430127937,762.3509418329753,14.0,-0.24702218048093527,1,2.996630280376446,0.8985985985985987,-3583.3611362608126,7,0.6004565209996274,0.036351917663940685,-17.08688765731955,1497.957802550007,27.508865123557175,2021,3,198,5,0,20077.269427870244,-2655.0754408087005,8.5516724266814
2021-07-18,20366.216472444547,11898.986428944572,2349.194758382959,11.0,-0.2636654927280072,3,3.4743620046690293,0.8990990990990991,-2681.9647148829845,7,0.584251200759055,0.1153476278503381,-13.168693942302331,1851.474224767686,8.669445732316973,2021,3,199,6,0,18923.359878998526,1809.9210778964398,-2.8857992157499845
2021-07-19,21079.931169887408,12891.894844367982,2587.3822754089188,11.0,-0.2802306751992161,5,3.52681976191087,0.8995995995995997,-3199.3459498894927,7,0.6115719610500436,0.12274149543263137,-15.177212506555737,1916.3573790806734,8.147203979186209,2021,3,200,0,0,19471.493181252485,-1964.940984729179,3.5044049463409888
2021-07-20,20386.73098723282,13134.212647233064,3146.0899260728015,11.0,-0.2967128192734901,2,1.7259271365129834,0.9001001001001001,-4693.571586073047,7,0.6442530023797517,0.15432047090055973,-23.022678765969857,1853.339180657529,6.4800216987697965,2021,3,201,1,0,19648.486825772234,-4202.300402378371,-3.2884366512772267
2021-07-21,19682.015003416043,11713.757106185976,1054.6222824859428,16.0,-0.3131070409358267,1,2.5654577377198398,0.9006006006006007,-5886.364385255876,7,0.5951502985925433,0.05358304433275256,-29.907325973657823,1230.1259377135027,18.66262009657319,2021,3,202,2,0,17877.754189721432,-4181.090345627711,-3.4567385239845594
2021-07-22,20892.49263324589,12895.374551021625,2401.7253616548837,7.0,-0.3294084822245302,4,2.622499936492811,0.9011011011011012,1547.4290172431884,7,0.617225276916045,0.11495638188394317,7.406627080872051,2984.6418047494126,8.698951581562238,2021,3,203,3,0,21061.135997137015,-1591.5772214955678,6.150171258480164
2021-07-23,21465.99659201515,12232.96147627351,1507.5837137978144,12.0,-0.3456123126707333,2,4.157652862426022,0.9016016016016016,-1874.5485980561716,7,0.5698762423554975,0.07023124723492224,-8.732641832028706,1788.833049334596,14.238676363741886,2021,3,204,4,0,19319.287088703983,-4147.865159881352,2.7450241042883183
2021-07-24,18744.87227779244,10768.70517826646,1021.4272453246409,11.0,-0.3617137307297674,4,4.197722484547244,0.9021021021021022,-1845.2601457986602,7,0.5744880529820647,0.05449102187453971,-9.84407958855388,1704.079297981131,18.351647034669362,2021,3,205,5,0,20971.4092357001,-3583.3611362608126,-12.676440632786202
2021-07-25,19050.376482134707,11666.429028221013,1955.9719206650097,12.0,-0.37770796520396466,4,3.7592291541652267,0.9026026026026026,-4172.024466751316,7,0.6123988698680941,0.10267366225015578,-21.89995809617625,1587.5313735112256,9.739596095867153,2021,3,206,6,0,20366.216472444547,-2681.9647148829845,1.6298014721829013
2021-07-26,19065.156738974285,12181.152057652553,1629.58632046905,10.0,-0.39359027665646645,5,4.159282317484565,0.9031031031031032,-2745.581639147318,7,0.6389222089504786,0.08547458291479657,-14.401044149480366,1906.5156738974285,11.699384377187634,2021,3,207,0,0,21079.931169887408,-3199.3459498894927,0.07758511677413704
2021-07-27,19089.510408857383,11631.51291970726,1071.2129647786417,11.0,-0.4093559588156211,3,3.3686804698225807,0.9036036036036037,-2413.215475628519,7,0.6093143653548249,0.05611526654353625,-12.641578667773512,1735.410037168853,17.820462444460883,2021,3,208,1,0,20386.73098723282,-4693.571586073047,0.12773915376900202
2021-07-28,17948.04413635155,10612.297466549351,336.2893834383286,13.0,-0.42500033996955394,4,4.461545335631635,0.9041041041041041,-3400.5427136361304,7,0.5912787703176777,0.01873682619028198,-18.9465921066505,1380.61877971935,53.37083184977501,2021,3,209,2,0,19682.015003416043,-5886.364385255876,-5.979547133781926
2021-07-29,25313.92288318163,15187.999432620654,2161.6861795447303,18.0,-0.4405187843504952,3,3.5070307541056573,0.9046046046046047,-6435.762728983756,7,0.5999860038568515,0.08539514754471096,-25.42380633252077,1406.3290490656461,11.710267254663654,2021,3,210,3,0,20892.49263324589,1547.4290172431884,41.04000798566905
2021-07-30,18166.140417885174,10274.480383746244,2667.7978201986007,13.0,-0.455906693508459,3,3.5462912379414053,0.9051051051051051,-5176.137786059671,7,0.5655841112859985,0.1468555102421241,-28.493326964287856,1397.395416760398,6.809414221851647,2021,3,211,4,0,21465.99659201515,-1874.5485980561716,-28.236565696600845
2021-07-31,19412.573149385986,11949.801552809275,1454.330799381966,10.0,-0.47115950767386394,3,3.287525893390071,0.9056056056056057,-1991.5592028052552,7,0.6155702008616639,0.07491695141032688,-10.259120145894968,1941.2573149385985,13.348113893782331,2021,3,212,5,0,18744.87227779244,-1845.2601457986602,6.861296361409042
2021-08-01,19197.74336208567,11959.812548413105,1932.3829262933448,11.0,-0.4862727071086902,2,4.047560382109142,0.9061061061061062,-3494.452112620782,8,0.6229801244261334,0.10065677459308468,-18.202410807939565,1745.2493965532426,9.934751079026746,2021,3,213,6,0,19050.376482134707,-4172.024466751316,-1.106652815405429
2021-08-02,21344.759111108957,12580.810300248835,1612.473810336091,10.0,-0.5012418134457756,3,3.1630409467096694,0.9066066066066066,-848.5249994759688,8,0.5894098047562929,0.07554424961848706,-3.9753318135801816,2134.4759111108956,13.237274909079005,2021,3,214,0,0,19065.156738974285,-2745.581639147318,11.183688147761718
2021-08-03,18756.171912801125,11018.682073800925,2605.171995898522,8.0,-0.5160623910158526,3,4.2811451017584545,0.9071071071071072,-1267.6821568983214,8,0.5874696673195159,0.13889678597584654,-6.758746735697842,2344.5214891001406,7.199590638288024,2021,3,215,1,0,19089.510408857383,-2413.215475628519,-12.127507201337274
2021-08-04,21899.61135393243,13272.705927185481,2379.236993645543,11.0,-0.5307300481619331,4,2.5942806874271946,0.9076076076076076,-3371.3904120091256,8,0.6060703869432894,0.10864288663361656,-15.394749968490826,1990.8737594484026,9.204468244408535,2021,3,216,2,0,17948.04413635155,-3400.5427136361304,16.75949365225162
2021-08-05,17762.809603409216,10439.32589402523,1006.148571904115,13.0,-0.5452404385406507,4,2.620866996217445,0.9081081081081082,-4082.6648625201296,8,0.587706907133746,0.056643548761058884,-22.984341743642535,1366.3699694930167,17.65426110956305,2021,3,217,3,0,25313.92288318163,-6435.762728983756,-18.889840936745127
2021-08-06,19591.309611754208,11721.719459739614,1607.923547008256,9.0,-0.5595892624101763,4,4.049941404101204,0.9086086086086087,-938.3333949936614,8,0.5983121951534536,0.08207330591332952,-4.789538900608712,2176.812179083801,12.184229560047369,2021,3,218,4,0,18166.140417885174,-5176.137786059671,10.293979664084496
2021-08-07,17692.42683318916,11665.316994496756,801.000395376813,14.0,-0.5737722679043243,2,3.4291646283335897,0.9091091091091091,-5973.890556684407,8,0.6593395640112993,0.04527363051597982,-33.765240987053325,1263.7447737992259,22.08791273425795,2021,3,219,5,0,19412.573149385986,-1991.5592028052552,-9.692474960559927
2021-08-08,22588.93631536079,13429.848938843475,1483.8167160056123,13.0,-0.5877852522924734,4,3.1368868670774974,0.9096096096096097,-2724.7293394883,8,0.5945321528801245,0.0656877639252361,-12.06222949787789,1737.6104857969838,15.223535408179988,2021,3,220,6,0,19197.74336208567,-3494.452112620782,27.67573679031008
2021-08-09,19348.54011820285,11429.9539949111,2121.909429850774,10.0,-0.6016240632249227,3,4.212046185980368,0.9101101101101101,-2203.323306559023,8,0.5907398659063663,0.10966767605657801,-11.387542900387434,1934.854011820285,9.118457105666176,2021,3,221,0,0,21344.759111108957,-848.5249994759688,-14.345058801880917
2021-08-10,18222.16220847426,10609.526422266976,2606.3746258981823,11.0,-0.6152845999633277,4,3.0141908687311325,0.9106106106106107,-3793.738839690899,8,0.5822320260837647,0.14303322493123685,-20.819367077780772,1656.5602007703872,6.991382599957104,2021,3,222,1,0,18756.171912801125,-1267.6821568983214,-5.8215136793132505
2021-08-11,20724.496141021365,12806.793670362787,2437.9635898162655,15.0,-0.6287628145958345,5,3.339838996559704,0.9111111111111112,-6520.261119157687,8,0.61795440445056,0.1176368087902819,-31.461614674682988,1381.633076068091,8.50074062942968,2021,3,223,2,0,21899.61135393243,-3371.3904120091256,13.73236558822526
2021-08-12,18529.48693464096,11027.080074175525,2032.2845147623875,13.0,-0.6420547132365636,1,4.619382360056927,0.9116116116116116,-4929.877654296951,8,0.595109843735627,0.10967840188618619,-26.60558099469296,1425.3451488185356,9.117565380262423,2021,3,224,3,0,17762.809603409216,-4082.6648625201296,-10.591375498078703
2021-08-13,18518.193086563777,10786.229332777551,1365.5694679441297,12.0,-0.655156357209085,4,4.73131387664852,0.9121121121121122,-3233.605714157904,8,0.5824666198455238,0.07374204716198494,-17.461777717957304,1543.182757213648,13.56078436232394,2021,3,225,4,0,19591.309611754208,-938.3333949936614,-0.06095067886672245
2021-08-14,19825.390988486306,12555.88660922829,1360.7780585324304,11.0,-0.6680638642135333,1,4.757918568216262,0.9126126126126126,-2891.2736792744145,8,0.6333235302405982,0.06863814485791019,-14.583690586246375,1802.3082716805732,14.56915833127671,2021,3,226,5,0,17692.42683318916,-5973.890556684407,7.0589927203588365
2021-08-15,19241.988161981157,12254.994399445512,2358.3435449344156,12.0,-0.6807734094770159,3,3.274299378452871,0.9131131131131132,-4971.349782398771,8,0.6368881581405015,0.12256236336295513,-25.835946579685036,1603.4990134984298,8.159111594793654,2021,3,227,6,0,22588.93631536079,-2724.7293394883,-2.942705275492241
2021-08-16,18018.638675734073,10510.971422571092,1376.7206868919502,11.0,-0.6932812268869771,3,4.484562323987577,0.9136136136136137,-2669.053433728969,8,0.5833388199701429,0.07640536622480794,-14.812736310226459,1638.0580614303703,13.088085947493457,2021,3,228,0,0,19348.54011820285,-2203.323306559023,-6.3577083404729
2021-08-17,19952.02007265805,11037.942067914522,2192.6717646954476,8.0,-0.7055836101071774,2,2.7408377377850575,0.9141141141141141,321.4062400480816,8,0.5532242864491076,0.1098972312933993,1.610895733252253,2494.0025090822564,9.099410314808017,2021,3,229,1,0,18222.16220847426,-3793.738839690899,10.729897145491286
2021-08-18,22915.641169716095,14253.141546748118,1974.8304035547517,16.0,-0.7176769136759615,4,2.7744777002223513,0.9146146146146147,-6112.330780586775,8,0.6219831005900108,0.086178273997612,-26.67318245785964,1432.227573107256,11.603852730071038,2021,3,230,2,0,20724.496141021365,-6520.261119157687,14.8537395525145
2021-08-19,17614.019578078303,10226.09683396698,868.4712448236392,12.0,-0.7295575540864876,1,1.619635317900511,0.9151151151151151,-3080.548500712315,8,0.5805657697061928,0.04930568181634721,-17.489185174667575,1467.8349648398587,20.28163820398589,2021,3,231,3,0,18529.48693464096,-4929.877654296951,-23.135384047835807
2021-08-20,17132.033606988414,10674.532963774433,2530.668774938825,13.0,-0.7412220108485957,2,4.838294561518824,0.9156156156156157,-6473.168131724844,8,0.6230744819120674,0.14771560884088666,-37.78400323172575,1317.8487389991087,6.769765279694713,2021,3,232,4,0,18518.193086563777,-3233.605714157904,-2.736376946519059
2021-08-21,18897.285168051396,10353.319191974919,1891.02367873115,12.0,-0.7526668275320083,3,2.808816120739137,0.9161161161161162,-2947.0577026546725,8,0.5478733638141159,0.1000685369308074,-15.595138012930562,1574.773764004283,9.993151001012956,2021,3,233,5,0,19825.390988486306,-2891.2736792744145,10.303806317207487
2021-08-22,22321.88315529046,13839.42856232393,2895.331160248234,11.0,-0.7638886127905429,4,3.398773936202352,0.9166166166166166,-3212.8765672817044,8,0.6199937731975753,0.12970819442543396,-14.393393894816745,2029.2621050264054,7.7096131391673595,2021,3,234,6,0,19241.988161981157,-4971.349782398771,18.122169172897085
2021-08-23,19464.270574683822,11072.976380169901,2319.864812730002,12.0,-0.7748840413670406,5,2.7717405264573727,0.9171171171171172,-3528.570618216081,8,0.5688873023873781,0.11918580785387002,-18.128450304248812,1622.0225478903185,8.39026070307019,2021,3,235,0,0,18018.638675734073,-2669.053433728969,-12.801843647001443
2021-08-24,21902.15415407766,13506.674551979857,3068.817255352617,9.0,-0.7856498550787144,4,4.056132198664113,0.9176176176176176,-1873.3376532548136,8,0.6166824713661891,0.1401148596509753,-8.55321188991834,2433.5726837864067,7.137001760491285,2021,3,236,1,0,19952.02007265805,321.4062400480816,12.524916205001112
2021-08-25,19815.195867748036,11896.254054567038,2093.8263903337074,17.0,-0.7961828637826154,4,3.1994930714261276,0.9181181181181182,-7774.884577152709,8,0.6003601545988163,0.10566771099859268,-39.236980694232784,1165.599756926355,9.463628865901319,2021,3,237,2,0,22915.641169716095,-6112.330780586775,-9.528552632988763
2021-08-26,18220.66257161204,10455.427833268901,1868.3645996701657,10.0,-0.8064799463209447,3,2.4561464876536405,0.9186186186186187,-2103.1298613270264,8,0.5738225924648072,0.1025409801826359,-11.542554246099272,1822.066257161204,9.752198567040207,2021,3,238,3,0,17614.019578078303,-3080.548500712315,-8.047022632419798
2021-08-27,19209.76662796079,11322.341820313084,2389.902274241145,10.0,-0.8165380514459157,1,3.8533300513488484,0.9191191191191191,-2502.4774665934383,8,0.5894054852198382,0.12441079168356584,-13.027110193785255,1920.9766627960792,8.037887923287736,2021,3,239,4,0,17132.033606988414,-6473.168131724844,5.428474691638185
2021-08-28,21994.828355707406,13540.056241902794,1658.4186352929867,11.0,-0.8263541987239094,2,2.353015980151817,0.9196196196196197,-2003.6465214883738,8,0.6156018143414747,0.07540038996770101,-9.109625631465546,1999.529850518855,13.262530875879637,2021,3,240,5,0,18897.285168051396,-2947.0577026546725,14.498154931735696
2021-08-29,17652.878722880065,10644.674460285656,2187.797342269409,15.0,-0.8359254794186365,3,2.830075419747607,0.9201201201201201,-7179.593079675,8,0.6029993536685317,0.12393430990004956,-40.670947738226175,1176.8585815253377,8.068790642449853,2021,3,241,6,0,22321.88315529046,-3212.8765672817044,-19.740775252290867
2021-08-30,18444.470511991123,11358.888797430915,2305.294065725345,12.0,-0.8452490573530634,4,1.8144887082991352,0.9206206206206207,-4819.712351165136,8,0.6158424981647628,0.12498564619822654,-26.13093364773873,1537.0392093325936,8.000918748813808,2021,3,242,0,0,19464.270574683822,-3528.570618216081,4.484207938759965
2021-08-31,18359.89333440331,12004.15629289973,1931.6030479948981,10.0,-0.8543221697498269,3,2.3608335102419145,0.9211211211211212,-3575.8660064913183,8,0.6538249473599058,0.10520774891297453,-19.47650752300807,1835.989333440331,9.505003294264736,2021,3,243,1,0,21902.15415407766,-1873.3376532548136,-0.45855031475600105
2021-09-01,17986.448080552465,10009.748042475952,1243.3505784532379,15.0,-0.8631421280499115,4,3.642823335776382,0.9216216216216216,-5266.650540376725,9,0.5565161057729245,0.06912707683500831,-29.2812150391783,1199.0965387034978,14.466111483157148,2021,3,244,2,0,19815.195867748036,-7774.884577152709,-2.0340273608838055
2021-09-02,16870.147020047825,10930.694499513007,1055.3563199593082,14.0,-0.8717063187093217,3,1.9283711695176602,0.9221221221221222,-6315.90379942449,9,0.6479311938730229,0.06255762434702933,-37.4383447394911,1205.0105014319874,15.985261755667787,2021,3,245,3,0,18220.66257161204,-2103.1298613270264,-6.206345218940812
2021-09-03,16689.885432696683,10066.109228379617,924.4671115839283,13.0,-0.8800122039735356,1,2.3150834203026274,0.9226226226226226,-4700.690907266862,9,0.6031263227642886,0.05539086024957552,-28.164908178805536,1283.837340976668,18.053519939829123,2021,3,246,4,0,19209.76662796079,-2502.4774665934383,-1.068524104365698
2021-09-04,18454.444433019045,10623.274635649863,2249.596011665762,14.0,-0.888057322629493,2,3.4981048670937533,0.9231231231231232,-5618.42621429658,9,0.5756485747488825,0.12189995856178373,-30.44484072489326,1318.1746023585033,8.203448235736358,2021,3,247,5,0,21994.828355707406,-2003.6465214883738,10.572625003557334
2021-09-05,17096.320356609802,9592.635401096386,1486.3663448805755,17.0,-0.8958392907349089,4,3.0651144831255577,0.9236236236236237,-7582.68138936716,9,0.561093568733208,0.08694071670842987,-44.352710005434204,1005.6659033299884,11.50209059529226,2021,3,248,6,0,17652.878722880065,-7179.593079675,-7.3593333104044145
2021-09-06,20528.450328412422,12222.510001658937,3099.752693272883,17.0,-0.9033558023246842,4,5.0,0.9241241241241241,-8393.812366519398,9,0.5953937002610645,0.1509978904244256,-40.888680013522176,1207.555901671319,6.622609078770538,2021,3,249,0,0,18444.470511991123,-4819.712351165136,20.075255377837408
2021-09-07,16747.817498670163,10509.515555164327,1925.0083226040879,11.0,-0.9106046300942162,4,4.967117236819501,0.9246246246246247,-4486.706379098252,9,0.6275155288740649,0.1149408466361029,-26.78979741363024,1522.5288635154693,8.700127319976605,2021,3,250,1,0,18359.89333440331,-3575.8660064913183,-18.416552488181104
2021-09-08,18238.365810178973,10879.244925918616,2406.744006851499,16.0,-0.9175836260593934,2,2.805662029799077,0.9251251251251251,-7847.6231225911415,9,0.5965032744242263,0.13196050742157373,-43.02810462443583,1139.8978631361858,7.578024816207351,2021,3,251,2,0,17986.448080552465,-5266.650540376725,8.899955541234949
2021-09-09,20729.228350995443,13193.114475720939,1982.7361421997334,13.0,-0.9242907221930934,5,3.9457100947227857,0.9256256256256257,-4846.622266925229,9,0.6364498597019599,0.09564929811314081,-23.380620758574878,1594.5560269996495,10.45485978179504,2021,3,252,3,0,16870.147020047825,-6315.90379942449,13.65726823741138
2021-09-10,17446.481232170518,9742.300894276532,2293.7340764849,14.0,-0.9307239310379793,2,4.099426045503561,0.9261261261261262,-5789.553738590914,9,0.5584106482350247,0.13147259014358487,-33.184650025102144,1246.1772308693228,7.606148162958319,2021,3,253,4,0,16689.885432696683,-4700.690907266862,-15.83632088585335
2021-09-11,20121.958569871524,12067.130667999885,1268.4597847457824,9.0,-0.9368813462954315,1,3.0220169135804773,0.9266266266266266,-413.63188287414414,9,0.5996996080723435,0.06303858445693447,-2.0556243639894602,2235.773174430169,15.863300367779695,2021,3,254,5,0,18454.444433019045,-5618.42621429658,15.335340703359401
2021-09-12,19357.283645335025,10988.173464994456,2067.2603472683318,12.0,-0.9427611433904206,5,2.303566770801437,0.9271271271271272,-3298.1501669277623,9,0.5676505891177831,0.10679496075713742,-17.038290223755617,1613.1069704445854,9.36373769801837,2021,3,255,6,0,17096.320356609802,-7582.68138936716,-3.8002012670945495
2021-09-13,16526.64004720725,10097.799969636832,982.5623563125097,11.0,-0.9483615800121716,2,3.490161240553554,0.9276276276276276,-3353.7222787420924,9,0.6110013856895979,0.05945324358162855,-20.29282582038701,1502.4218224733863,16.81994017074969,2021,3,256,0,0,20528.450328412422,-8393.812366519398,-14.623144703518054
2021-09-14,22248.932097302102,13792.802953429911,3372.1392944693225,14.0,-0.9536809966304455,4,3.361723460148711,0.9281281281281282,-6116.0101505971315,9,0.6199310103113858,0.1515640966371697,-27.489005422146782,1589.2094355215788,6.597868638995069,2021,3,257,1,0,16747.817498670163,-4486.706379098252,34.62465470143663
2021-09-15,18787.841092193754,11062.323758475726,2678.545814370236,15.0,-0.9587178169872964,2,3.1513884024235046,0.9286286286286287,-6953.028480652209,9,0.588802284636741,0.14256804713358776,-37.008129068864406,1252.5227394795836,7.014194415267466,2021,3,258,2,0,18238.365810178973,-7847.6231225911415,-15.556211821636323
2021-09-16,18022.74172880254,9511.538108967956,1641.3374622419497,9.0,-0.9634705485641486,3,3.853853494531588,0.9291291291291291,-330.1338424073665,9,0.5277520064423582,0.0910703536087904,-1.831762599581463,2002.5268587558376,10.980521765575716,2021,3,259,3,0,20729.228350995443,-4846.622266925229,-4.072311233828296
2021-09-17,19261.869906814347,11656.596017486854,2212.60269569908,13.0,-0.9679377830240642,5,2.8994163143955207,0.9296296296296297,-5007.328806371587,9,0.6051642999293155,0.11486956907108582,-25.996068038026387,1481.6823005241806,8.705525824521555,2021,3,260,4,0,17446.481232170518,-5789.553738590914,6.875358902977169
2021-09-18,18823.235045276575,11512.3103030327,2350.5203636621054,15.0,-0.9721181966290612,3,2.5784019619366854,0.9301301301301301,-7039.595621418231,9,0.6116010492001773,0.12487334711638398,-37.39843658375141,1254.8823363517718,8.008114005849334,2021,3,261,5,0,20121.958569871524,-413.63188287414414,-2.2772184822128505
2021-09-19,18796.01380802973,11479.755662298687,1533.3814651763153,12.0,-0.9760105506323682,4,3.5872663762798656,0.9306306306306307,-3817.1233194452725,9,0.6107548004351057,0.08158014145112241,-20.308153411839815,1566.3344840024774,12.257885095714572,2021,3,262,6,0,19357.283645335025,-3298.1501669277623,-0.14461508439632675
2021-09-20,16947.9507133495,10786.661523920775,2092.9312715022415,14.0,-0.9796136916454901,2,3.8087760740551007,0.9311311311311312,-7131.6420820735175,9,0.6364581598307563,0.12349170155738588,-42.079672065933565,1210.5679080963928,8.097710108361458,2021,3,263,0,0,16526.64004720725,-3353.7222787420924,-9.83220758164548
2021-09-21,16536.38552705926,9386.304476411033,1051.2591003853938,14.0,-0.9829265519799822,3,2.5586840448799575,0.9316316316316317,-5101.178049737166,9,0.5676152422215716,0.06357248376104738,-30.84820465385177,1181.1703947899473,15.730075983168172,2021,3,264,1,0,22248.932097302102,-6116.0101505971315,-2.428406792368454
2021-09-22,18793.8419647478,11616.413231573904,1314.4917912713247,14.0,-0.9859481499638303,3,4.242472488792865,0.9321321321321322,-5337.063058097428,9,0.6180967815608525,0.06994268621269446,-28.39793517530011,1342.4172831962715,14.297420561729895,2021,3,265,2,0,18787.841092193754,-6953.028480652209,13.651450215614268
2021-09-23,15628.882652087344,9973.583347491394,2370.2013100130443,12.0,-0.9886775902323404,2,2.0836150897791375,0.9326326326326326,-6314.902005417094,9,0.6381507603270253,0.1516551990808177,-40.40533252435481,1302.4068876739454,6.593905161583651,2021,3,266,3,0,18022.74172880254,-330.1338424073665,-16.840406121308614
2021-09-24,19893.47548686962,11046.791500118514,2029.2649389141811,11.0,-0.9911140639934546,3,3.0375092330274853,0.9331331331331332,-1982.5809521630727,9,0.5552972132702391,0.10200655688612911,-9.96598585034397,1808.497771533602,9.803291381712937,2021,3,267,4,0,19261.869906814347,-5007.328806371587,27.286613699237883
2021-09-25,16261.996629373807,9917.023890583772,2252.216081778662,11.0,-0.9932568492674143,2,3.2935931710419126,0.9336336336336337,-4707.243342988628,9,0.6098281850994113,0.13849566772818764,-28.946281629932223,1478.3633299430733,7.220442461511544,2021,3,268,5,0,18823.235045276575,-7039.595621418231,-18.25462252632888
2021-09-26,17315.109319211428,10136.975676023021,1865.9941100031933,14.0,-0.9951053111006974,5,2.991021029878456,0.9341341341341342,-5887.860466814787,9,0.5854410439543609,0.10776681080106373,-34.004177266626314,1236.7935228008162,9.27929473431285,2021,3,269,6,0,18796.01380802973,-3817.1233194452725,6.475912606791456
2021-09-27,20738.52528915179,12402.35383694025,2574.4445285252755,13.0,-0.99665890175417,3,3.047951621159046,0.9346346346346347,-4638.273076313737,9,0.5980345113269869,0.12413826405833946,-22.36549133385098,1595.271176088599,8.055533945037643,2021,3,270,0,0,16947.9507133495,-7131.6420820735175,19.771263968527286
2021-09-28,21580.016113331905,13121.84790976831,2649.9717832416795,13.0,-0.9979171608653922,2,4.996859585846491,0.9351351351351351,-4591.803579678084,9,0.6080555195536564,0.12279748862673717,-21.278035917875503,1660.0012394870696,8.14348901743147,2021,3,271,1,0,16536.38552705926,-5101.178049737166,4.057621322863758
2021-09-29,18566.17611145991,10896.091384819169,1977.0243497542904,12.0,-0.9988797155850335,3,2.819292728768881,0.9356356356356357,-3906.939623113549,9,0.5868785968314495,0.10648527396731838,-21.043318773120994,1547.1813426216593,9.39096987539246,2021,3,272,2,0,18793.8419647478,-5337.063058097428,-13.965883927260258
2021-09-30,18105.23482446484,10525.286855098097,2365.9728585753546,13.0,-0.9995462806873573,3,5.0,0.9361361361361362,-5186.024889208613,9,0.5813394279137281,0.13067893797092958,-28.64378694608786,1392.71037111268,7.652342569714309,2021,3,273,3,1,15628.882652087344,-6314.902005417094,-2.482693712630235
2021-10-01,18359.64962413508,11032.86598322506,2058.1021153399442,15.0,-0.9999166586547379,4,3.8497014237848415,0.9366366366366367,-6731.318474429924,10,0.6009300944785767,0.11209920436795379,-36.663654330206406,1223.9766416090054,8.920669915886341,2021,4,274,4,0,19893.47548686962,-1982.5809521630727,1.405200220471392
2021-10-02,19874.307249761685,11380.96138042561,1561.1738792651045,13.0,-0.9999907397361901,5,3.5736441098495937,0.9371371371371372,-3467.8280099290296,10,0.5726469475086776,0.078552367116284,-17.448799429075006,1528.7928653662834,12.730361117185211,2021,4,275,5,0,16261.996629373807,-4707.243342988628,8.249926641494731
2021-10-03,19436.806497784655,11119.1713342282,1603.7022282311013,11.0,-0.9997685019798909,3,3.8809922827101326,0.9376376376376376,-2086.0670646746457,10,0.5720678103934166,0.08250852465984503,-10.732560747118663,1766.982408889514,12.11995977534036,2021,4,276,6,0,17315.109319211428,-5887.860466814787,-2.2013383736043224
2021-10-04,22508.359900580137,13844.702581826332,2557.859516903037,15.0,-0.9992500112396835,4,5.0,0.9381381381381382,-5894.202198149232,10,0.6150915767731924,0.1136404219677112,-26.186724506734553,1500.5573267053426,8.799685734043925,2021,4,277,0,0,20738.52528915179,-4638.273076313737,15.802767821686992
2021-10-05,18996.378875779712,10823.430307888499,1189.7905422719348,13.0,-0.9984354211555643,3,2.7051255968548418,0.9386386386386387,-3416.8419743807217,10,0.5697628152536123,0.0626324917002425,-17.98680683683972,1461.2599135215164,15.966153874030342,2021,4,278,1,0,21580.016113331905,-4591.803579678084,-15.603007239589706
2021-10-06,19247.83631929849,11881.8580420337,2351.822544134801,13.0,-0.9973249731081555,2,2.6036656648508885,0.9391391391391392,-5385.84426687001,10,0.6173087636931208,0.122186333316685,-27.981556874888796,1480.6027937921915,8.18422136793466,2021,4,279,2,0,18566.17611145991,-3906.939623113549,1.3237125094371915
2021-10-07,18150.227347675213,11121.432055032103,1420.1890272738035,17.0,-0.9959189961471792,4,2.896107042742463,0.9396396396396397,-7991.393734630694,10,0.6127434021622105,0.07824634920926815,-44.02916603496032,1067.660432216189,12.780148979545638,2021,4,280,3,0,18105.23482446484,-5186.024889208613,-5.702505743582098
2021-10-08,19232.39543661649,10676.533897574594,1807.5097430087515,13.0,-0.994217906893952,3,3.525714517571649,0.9401401401401401,-3651.6482039668554,10,0.5551328191415812,0.09398255921711343,-18.986965071519354,1479.415033585884,10.640272071011111,2021,4,281,4,0,18359.64962413508,-6731.318474429924,5.962283932933143
2021-10-09,19262.271094730164,11218.580330670271,2718.35169713343,14.0,-0.9922222094179324,4,2.1193831001499412,0.9406406406406407,-5874.660933073537,10,0.5824121296755858,0.14112311491022084,-30.498277717006832,1375.8765067664403,7.0860113925077135,2021,4,282,5,0,19874.307249761685,-3467.8280099290296,0.15534028619645923
2021-10-10,21313.130934639063,13384.933262307124,1703.4062053710122,11.0,-0.989932495087353,4,3.5178713914548863,0.9411411411411412,-2575.2085330390737,10,0.6280134675357962,0.07992285181350618,-12.082732194234909,1937.5573576944603,12.512066040053513,2021,4,283,6,0,19436.806497784655,-2086.0670646746457,10.64703029992129
2021-10-11,19448.718714914405,11178.6484633788,877.5994447919625,13.0,-0.9873494423939864,3,4.854837706730938,0.9416416416416417,-3007.5291932563578,10,0.5747755740231034,0.04512376664273356,-15.463893726582667,1496.0552857626465,22.16127053216719,2021,4,284,0,0,22508.359900580137,-5894.202198149232,-8.747716257373195
2021-10-12,19554.001038686794,11500.198492057381,772.5306836544648,15.0,-0.9844738167520923,5,3.621125912499822,0.9421421421421422,-4718.728137025052,10,0.58812508341923,0.039507550507236054,-24.131778083110667,1303.6000692457862,25.311617327853412,2021,4,285,1,0,18996.378875779712,-3416.8419743807217,0.5413329552226731
2021-10-13,15491.554913224498,9525.963394560646,1669.8899015094553,10.0,-0.9813064702716093,4,3.2658516328197784,0.9426426426426426,-3704.2983828456036,10,0.6149133155399866,0.10779356306473403,-23.91172741274278,1549.1554913224497,9.276991794022644,2021,4,286,2,0,19247.83631929849,-5385.84426687001,-20.77552372747098
2021-10-14,16198.726847807626,10110.931363325873,2052.1482588622857,14.0,-0.9778483415056567,3,3.005471641053098,0.9431431431431432,-7164.352774380533,10,0.6241806197685413,0.12668577463790176,-44.22787569475051,1157.0519177005447,7.893546081698905,2021,4,287,3,0,18150.227347675213,-7991.393734630694,4.564886730507878
2021-10-15,20332.361412061236,12073.647404214495,1142.049370894225,14.0,-0.9741004551724206,3,4.218809363641252,0.9436436436436437,-4083.335363047483,10,0.5938143218845382,0.056169047350139896,-20.082937147798447,1452.3115294329455,17.80339968677623,2021,4,288,4,0,19232.39543661649,-3651.6482039668554,25.518268213856988
2021-10-16,17695.587855408732,10318.597615899418,2074.968204776805,14.0,-0.970063921851507,3,2.839333781409562,0.9441441441441442,-5897.9779652674915,10,0.5831169724460719,0.11725907168111299,-33.33021775518324,1263.9705611006236,8.528124823634185,2021,4,289,5,0,19262.271094730164,-5874.660933073537,-12.968358683061576
2021-10-17,15425.334731800283,9966.385769929424,695.5251147649495,16.0,-0.965739937654855,5,4.977116736479399,0.9446446446446447,-8036.57615289409,10,0.6461049917693586,0.045089790714951644,-52.09984932337443,964.0834207375177,22.177969428197034,2021,4,290,6,0,21313.130934639063,-2575.2085330390737,-12.829486887685038
2021-10-18,19597.044818957787,12627.676723273462,1801.1223507031111,14.0,-0.9611297838723007,4,5.0,0.9451451451451451,-6031.754255018785,10,0.6443663746208154,0.09190785484966292,-30.778897077297017,1399.788915639842,10.8804628465732,2021,4,291,0,0,19448.718714914405,-3007.5291932563578,27.04453523823549
2021-10-19,22554.472126724482,14022.112301425588,3131.031555679096,17.0,-0.9562348265919058,1,3.7054006389294303,0.9456456456456457,-8198.671730380202,10,0.621699866112627,0.138820874994861,-36.35053697694706,1326.7336545132048,7.203527567716447,2021,4,292,1,0,19554.001038686794,-4718.728137025052,15.091190202850079
2021-10-20,18758.32437034142,11297.653693487364,1750.7374427038205,12.0,-0.9510565162951536,3,3.490787929538684,0.9461461461461462,-3890.066765849765,10,0.6022741408262435,0.09333122768001029,-20.73781585737107,1563.1936975284516,10.71452744014617,2021,4,293,2,0,15491.554913224498,-3704.2983828456036,-16.83102018550485
2021-10-21,21206.73478311896,12319.908009050912,1837.704531057076,14.0,-0.9455963874271428,3,4.324527846593248,0.9466466466466467,-4150.877756989026,10,0.5809431831466029,0.08665664704402916,-19.57339401581623,1514.766770222783,11.539795666129484,2021,4,294,3,0,16198.726847807626,-7164.352774380533,13.052394043514347
2021-10-22,19708.908372887818,11410.122820454408,1516.014366539972,14.0,-0.9398560579418953,1,4.37583880178186,0.9471471471471472,-4417.228814106562,10,0.5789322576663112,0.07692026051658184,-22.412346389427828,1407.779169491987,13.000475990125231,2021,4,295,4,0,20332.361412061236,-4083.335363047483,-7.062975161190055
2021-10-23,18629.960291670122,11439.233227634952,510.0239407421036,12.0,-0.9338372288229252,1,2.8552066151524675,0.9476476476476476,-2919.2968767069324,10,0.6140234895052188,0.027376544703111735,-15.669903912850616,1552.4966909725101,36.527619202664965,2021,4,296,5,0,17695.587855408732,-5897.9779652674915,-5.474418272205927
2021-10-24,21463.81772223881,13087.489743787628,2021.577413114799,16.0,-0.9275416835791965,3,3.0787558934906385,0.9481481481481482,-6445.249434663616,10,0.609746593693236,0.09418536065092598,-30.028439106551154,1341.4886076399257,10.617361266006561,2021,4,297,6,0,15425.334731800283,-8036.57615289409,15.211290771434282
2021-10-25,19209.67609943057,12226.604956131556,946.6913661897149,19.0,-0.9209712877166347,3,2.4421220522533638,0.9486486486486487,-9163.620222890702,10,0.6364815779738205,0.04928200565639822,-47.70314801488162,1011.0355841805563,20.291381949268768,2021,4,298,0,0,19597.044818957787,-6031.754255018785,-10.502053511536813
2021-10-26,20485.1703777992,12616.32727294759,2575.517093236721,14.0,-0.9141279881853337,3,3.8272519506672458,0.9491491491491492,-5906.6739883851105,10,0.6158761211290941,0.1257259298183791,-28.83390218119185,1463.2264555570857,7.953808744501456,2021,4,299,1,0,22554.472126724482,-8198.671730380202,6.6398531228042845
2021-10-27,20455.39853461519,11521.698969889203,1918.925204236603,15.0,-0.9070138128026362,2,4.0333023067655125,0.9496496496496497,-4985.225639510616,10,0.5632595693695172,0.09381020863462253,-24.371197809099048,1363.6932356410127,10.659820658696734,2021,4,300,2,0,18758.32437034142,-3890.066765849765,-0.1453336371381897
2021-10-28,17839.979906045242,11229.961752488605,2211.755596336204,14.0,-0.8996308696522434,2,2.4200594897109813,0.9501501501501501,-6801.737442779567,10,0.6294828700274057,0.12397747127432189,-38.126373900649604,1274.2842790032316,8.065981582954896,2021,4,301,3,0,21206.73478311896,-4150.877756989026,-12.7859578201034
2021-10-29,20582.19287098678,11850.285408934862,1272.3632606328292,13.0,-0.8919813464595487,4,3.1358408761470726,0.9506506506506507,-2940.4557985809124,10,0.5757542689068543,0.06181864433047789,-14.286406783826514,1583.2456054605213,16.176349559755373,2021,4,302,4,0,19708.908372887818,-4417.228814106562,15.371166219824683
2021-10-30,19915.424951457637,11757.269334898405,1255.5463323172862,10.0,-0.8840675099433637,3,2.4221968659349207,0.9511511511511512,-1097.3907157580543,10,0.5903599528283163,0.06304391371901864,-5.510255083348019,1991.5424951457637,15.861959402725455,2021,4,303,5,0,18629.960291670122,-2919.2968767069324,-3.239537806824444
2021-10-31,18973.24960392102,11509.049865478459,2634.3045118346245,13.0,-0.8758917051442433,2,2.78096015180493,0.9516516516516517,-5570.104773392063,10,0.6065934990440432,0.1388430852293335,-29.357674039353505,1459.4807387631554,7.202375245034738,2021,4,304,6,0,21463.81772223881,-6445.249434663616,-4.7308824684037525
2021-11-01,20445.934686255758,13265.394556645437,2961.90418452934,11.0,-0.8674563547295971,3,3.94081364818104,0.9521521521521522,-4581.364054919019,11,0.6488035279484068,0.14486518860497008,-22.407212608375985,1858.7213351141597,6.902969648055887,2021,4,305,0,0,19209.67609943057,-9163.620222890702,7.761902220642214
2021-11-02,18444.142333407333,12621.444678047079,1081.664073588662,18.0,-0.858763958275803,3,2.9132143466573766,0.9526526526526526,-9658.966418228407,11,0.6843064019944276,0.058645398307812645,-52.36874799395472,1024.6745740781853,17.05163625543629,2021,4,306,1,0,20485.1703777992,-5906.6739883851105,-9.790661975429648
2021-11-03,20803.240666390135,12785.305929402173,3262.8755387661886,14.0,-0.8498170915275277,1,3.2593392351741612,0.9531531531531532,-6444.940801778227,11,0.6145824169624786,0.1568445797023208,-30.98046552040673,1485.9457618850097,6.375738338538219,2021,4,307,2,0,20455.39853461519,-4985.225639510616,12.790501668976152
2021-11-04,19293.511479363897,11484.508578258145,1768.0954093125679,14.0,-0.8406184056344783,2,2.1981506176421473,0.9536536536536537,-5159.092508206815,11,0.5952523774918751,0.09164197047301115,-26.740039073368877,1378.107962811707,10.912030752268723,2021,4,308,3,0,17839.979906045242,-6801.737442779567,-7.257182720889088
2021-11-05,21889.32569090229,13400.848238781648,2507.4954598555278,16.0,-0.8311706263658079,1,3.6495921677797316,0.9541541541541542,-6819.018007734886,11,0.6122092762478906,0.11455334418536707,-31.152252490669586,1368.082855681393,8.729557457369621,2021,4,309,4,0,20582.19287098678,-2940.4557985809124,13.454337818778317
2021-11-06,20416.1938977959,12693.544051614457,1865.2196257216226,12.0,-0.8214765533024145,4,3.464581344124281,0.9546546546546547,-3742.56977954018,11,0.6217390036144216,0.09135981148391174,-18.331378504120803,1701.3494914829917,10.945731867847579,2021,4,310,5,0,19915.424951457637,-1097.3907157580543,-6.729909426669356
2021-11-07,19698.041766622766,11658.491247195063,1081.944041887548,13.0,-0.8115390590073611,4,2.9168325999734703,0.9551551551551551,-3442.3935224598454,11,0.5918604186812989,0.054926477195354616,-17.475815937667416,1515.233982047905,18.206155775170934,2021,4,311,6,0,18973.24960392102,-5570.104773392063,-3.517561278895698
2021-11-08,22059.94602422451,14133.573292490866,1322.9488406392059,14.0,-0.801361088174677,4,3.3487885618540205,0.9556556556556557,-4596.57610890556,11,0.6406893868629814,0.05997062908433442,-20.836751385782897,1575.7104303017509,16.674829250060693,2021,4,312,0,0,20445.934686255758,-4581.364054919019,11.990553607231469
2021-11-09,22745.179804818436,13762.143262486763,2053.9775933658393,16.0,-0.7909456567567774,4,3.6442359044027555,0.9561561561561562,-5870.941051034167,11,0.6050575717836855,0.09030386266415515,-25.811803210236402,1421.5737378011522,11.073723432175354,2021,4,313,1,0,18444.142333407333,-9658.966418228407,3.1062350734741395
2021-11-10,21533.022001502362,13168.684745447114,1577.186829261257,15.0,-0.780295851070776,4,2.848105480872525,0.9566566566566567,-5212.849573206008,11,0.6115576691710217,0.07324502938562066,-24.208629763357447,1435.5348001001576,13.652803588011368,2021,4,314,2,0,20803.240666390135,-6444.940801778227,-5.329295321988548
2021-11-11,21152.067895237124,13024.202863169505,2283.9480229541145,15.0,-0.7694148268839381,3,2.3189899647985763,0.9571571571571572,-7275.271872656577,11,0.6157413510431387,0.10797752892370387,-34.395085665807514,1410.137859682475,9.261186192791953,2021,4,315,3,0,19293.511479363897,-5159.092508206815,-1.7691622951885644
2021-11-12,18188.545713759697,11123.920733563045,1914.8136998179116,15.0,-0.7583058084785625,3,4.944459546149452,0.9576576576576576,-6850.18871962126,11,0.61158934356955,0.10527579994311191,-37.66210244307256,1212.5697142506465,9.498859192144556,2021,4,316,4,0,21889.32569090229,-6819.018007734886,-14.010555356361786
2021-11-13,19135.404047761676,11900.712678891812,1212.1531896726851,15.0,-0.7469720876965551,1,2.993381836231782,0.9581581581581582,-5977.4618208028205,11,0.6219211598139143,0.06334609850135221,-31.23770893932089,1275.6936031841117,15.786291873660593,2021,4,317,5,0,20416.1938977959,-3742.56977954018,5.205794618784054
2021-11-14,19530.14091174372,11409.45795377277,2283.9480229541145,15.0,-0.7354170229639858,3,3.4225919174504886,0.9586586586586587,-6324.617078227288,11,0.5841974210699175,0.11694477952182862,-32.38387836937836,1302.0093941162481,8.55104438256128,2021,4,318,6,0,19698.041766622766,-3442.3935224598454,2.0628614007668133
2021-11-15,19630.589120320546,11499.202595219313,1469.1267526599595,12.0,-0.7236440382959124,4,4.308671788016251,0.9591591591591592,-2937.7402275587256,11,0.585779801346662,0.07483864817583072,-14.965114951734854,1635.8824266933789,13.362079946320462,2021,4,319,0,0,22059.94602422451,-4596.57610890556,0.5143240339675392
2021-11-16,19950.92920565283,11420.48040690585,2452.883566204042,15.0,-0.711656622281775,3,5.0,0.9596596596596597,-5922.434767457064,11,0.5724284963965492,0.12294583078912687,-29.685007181414996,1330.061947043522,8.133663366878793,2021,4,320,1,0,22745.179804818436,-5870.941051034167,1.6318414254857139
2021-11-17,20548.681162669378,12548.95931291174,2401.2826262155386,12.0,-0.6994583270516471,3,2.5044108400889074,0.9601601601601601,-4001.560776457901,11,0.610694146917289,0.11685823567976368,-19.473564968867706,1712.3900968891148,8.557377185980995,2021,4,321,2,0,21533.022001502362,-5212.849573206008,2.99611086208047
2021-11-18,21708.00494871212,13414.27122098333,3109.2466531883065,15.0,-0.6870527672236675,2,3.859861770981208,0.9606606606606607,-6815.512925459515,11,0.6179412273341666,0.14323041940216483,-31.396311828572077,1447.2003299141413,6.981757116776869,2021,4,322,3,0,21152.067895237124,-7275.271872656577,5.641840353963334
2021-11-19,19728.85694233826,12066.2005984789,2893.1545656817616,14.0,-0.6744436188329457,3,2.933958171764715,0.9611611611611612,-6430.4982218223995,11,0.6116016064055263,0.1466458281966165,-32.59437807581496,1409.2040673098759,6.819150686368264,2021,4,323,4,0,18188.545713759697,-6850.18871962126,-9.117134490478717
2021-11-20,22945.28495808736,14604.417191526183,2465.982546140188,20.0,-0.661634618242279,4,3.0689677563386315,0.9616616616616617,-10125.114779579013,11,0.6364888132007561,0.10747229989275077,-44.127213055204564,1147.264247904368,9.304723179814003,2021,4,324,5,0,19135.404047761676,-5977.4618208028205,16.303164573344443
2021-11-21,19886.54957445101,11929.131735256082,2813.5201314859114,15.0,-0.6486295610349818,4,2.9238303831945682,0.9621621621621622,-6856.1022922909815,11,0.5998593014135484,0.14147854664041595,-34.476077746032274,1325.7699716300674,7.068209447624701,2021,4,325,6,0,19530.14091174372,-6324.617078227288,-13.33056176562435
2021-11-22,16713.70691212303,10362.594975070075,1957.537648813799,12.0,-0.6354323008901775,3,2.599476025759532,0.9626626626626626,-5206.425711760843,11,0.6200057850454304,0.11712169293778445,-31.15063426165767,1392.8089093435858,8.53812794980008,2021,4,326,0,0,19630.589120320546,-2937.7402275587256,-15.954716782061828
2021-11-23,20219.91393131789,11586.097920721075,2098.042114918709,15.0,-0.622046748440868,4,3.4669669105722707,0.9631631631631632,-5464.226104321895,11,0.5730043144632673,0.1037611793030003,-27.02398300449021,1347.9942620878594,9.637515752204685,2021,4,327,1,0,19950.92920565283,-5922.434767457064,20.978033404736117
2021-11-24,21174.350793825128,12511.060625057877,949.269651768249,16.0,-0.6084768701151264,3,2.3203978503614113,0.9636636636636637,-5085.979483000998,11,0.5908592309099912,0.04483111010161763,-24.019529725011324,1323.3969246140705,22.30593883875111,2021,4,328,2,0,20548.681162669378,-4001.560776457901,4.720281529136217
2021-11-25,19497.170275094366,12046.071043839507,1432.2833245746283,18.0,-0.594726686960764,4,4.257446053209496,0.9641641641641642,-8381.184093319769,11,0.6178368898602238,0.07346108714064128,-42.986669219511676,1083.1761263941314,13.612649076176881,2021,4,329,3,0,21708.00494871212,-6815.512925459515,-7.920812000620403
2021-11-26,22270.779292654937,13787.018630964534,1031.7969958217946,14.0,-0.5808002734538013,3,3.5440023488267,0.9646646646646647,-3748.0363341313914,11,0.6190631432242514,0.04632963140908539,-16.829390138887153,1590.7699494753526,21.58445836035503,2021,4,330,4,0,19728.85694233826,-6430.4982218223995,14.225700337159042
2021-11-27,23210.84818598928,13779.525437761476,2560.2782020179775,12.0,-0.5667017562911184,3,3.837947978321152,0.9651651651651652,-2728.955453790172,11,0.5936674664943603,0.11030524095898543,-11.757241406789461,1934.2373488324401,9.0657523731971,2021,4,331,5,0,22945.28495808736,-10125.114779579013,4.221086657907769
2021-11-28,22091.671979493087,13219.203561766817,2192.616518828577,17.0,-0.5524353131676203,3,3.127049110443022,0.9656656656656657,-6920.148101102307,11,0.598379496764108,0.09925081817546018,-31.324691528672137,1299.5101164407697,10.075483692559127,2021,4,332,6,0,19886.54957445101,-6856.1022922909815,-4.82178073600844
2021-11-29,20779.116478197426,11708.533013578051,2089.8222399511847,12.0,-0.5380051715382992,4,3.2062368526306013,0.9661661661661662,-2619.2387753318108,11,0.5634759796386568,0.10057320012349608,-12.605149877667118,1731.5930398497856,9.943006673468457,2021,4,333,0,0,16713.70691212303,-5206.425711760843,-5.941404084371971
2021-11-30,22790.779680635256,13495.95320797785,1135.3657678392558,14.0,-0.5234156073655503,5,3.7300511241338623,0.9666666666666667,-3040.5392951818485,11,0.5921672446969867,0.049816890152465786,-13.341093801039714,1627.9128343310897,20.073513158679237,2021,4,334,1,0,20219.91393131789,-5464.226104321895,9.681177756275527
2021-12-01,22157.764821661738,13739.850474756935,3010.0349991955227,15.0,-0.5086709438521042,1,2.5687594940753398,0.9671671671671672,-6592.12065229072,12,0.6200918994015437,0.13584560642384247,-29.750837710156446,1477.1843214441158,7.361298067159929,2021,4,335,2,0,21174.350793825128,-5085.979483000998,-2.777504183024393
2021-12-02,20590.093182335993,12641.658417454879,1757.9377985765746,15.0,-0.49377555015997737,1,3.2136076524693316,0.9676676676676677,-5809.5030336954605,12,0.6139680042001954,0.08537784569545753,-28.215040030413107,1372.6728788223995,11.712640344276153,2021,4,336,3,0,19497.170275094366,-8381.184093319769,-7.075044129871655
2021-12-03,19692.005435615923,12065.536122060159,2386.5318828518803,16.0,-0.4787338401157883,5,2.8123091888972365,0.9681681681681682,-7560.062569296116,12,0.6127124107043888,0.1211929323630737,-38.391532005280766,1230.7503397259952,8.251306247827783,2021,4,337,4,0,22270.779292654937,-3748.0363341313914,-4.361746878787942
2021-12-04,20621.258706959583,12397.64206776623,1850.1418951799014,14.0,-0.4635502709028512,3,2.7875449515271886,0.9686686686686687,-4826.5252559865485,12,0.6012068537592267,0.08972012433729308,-23.405580253729212,1472.947050497113,11.145771446332468,2021,4,338,5,0,23210.84818598928,-2728.955453790172,4.718936699372267
2021-12-05,21140.128647124162,12687.608767588586,1517.3177909647768,15.0,-0.4482293417404106,3,1.8121294074994867,0.9691691691691692,-5064.797911429201,12,0.6001670557153667,0.07177429316028254,-23.95821707602617,1409.3419098082775,13.932564933336968,2021,4,339,6,0,22091.671979493087,-6920.148101102307,2.5161894699932352
2021-12-06,21257.06866441951,12424.080628914982,1888.5406337696968,15.0,-0.4327755925504317,3,4.571461271584,0.9696696696696697,-5055.552598265171,12,0.584468198557906,0.0888429474253321,-23.782924532427426,1417.1379109613006,11.255817473192774,2021,4,340,0,0,20779.116478197426,-2619.2387753318108,0.5531660627394297
2021-12-07,21096.268612049465,13007.175377330947,2399.837898313846,16.0,-0.41719360261231697,1,2.9507689974769846,0.9701701701701702,-5744.348528164892,12,0.6165628441942427,0.1137565103310801,-27.22921590448425,1318.5167882530916,8.790705666775223,2021,4,341,1,0,22790.779680635256,-3040.5392951818485,-0.7564544994822953
2021-12-08,21773.83361058451,13274.786638545398,3396.088339080028,15.0,-0.4014879892059737,4,4.43070084413084,0.9706706706706707,-6897.041367040918,12,0.609666945929649,0.15597107977481517,-31.675824709564182,1451.5889073723006,6.4114450027771825,2021,4,342,2,0,22157.764821661738,-6592.12065229072,3.211776504154118
2021-12-09,22487.183085568475,13738.319275337484,3116.658162026571,16.0,-0.38566340624360745,4,4.3550338571154334,0.9711711711711712,-7167.794351795581,12,0.6109399840371416,0.1385970910703679,-31.875021093218354,1405.4489428480297,7.215158646383742,2021,4,343,3,0,20590.093182335993,-5809.5030336954605,3.276177671520375
2021-12-10,23078.048050017394,13583.811408676645,2654.1727598992666,17.0,-0.3697245428906732,3,2.4712002347868047,0.9716716716716717,-6759.936118558518,12,0.5886031339927992,0.11500854639642134,-29.291628581011743,1357.5322382363174,8.695005991581827,2021,4,344,4,0,19692.005435615923,-7560.062569296116,2.627563275491429
2021-12-11,22807.29301295903,12607.704347839797,1697.379415232841,16.0,-0.3536761221763721,3,2.6292710114617233,0.9721721721721722,-4297.790750113607,12,0.5527926677083571,0.07442266007931742,-18.843931840887983,1425.4558133099395,13.436767765815283,2021,4,345,5,0,20621.258706959583,-4826.5252559865485,-1.173214634407349
2021-12-12,19780.559133263745,12416.911835835095,2165.8279969287137,16.0,-0.33752289959411347,4,5.0,0.9726726726726727,-7602.180699500064,12,0.6277331066417805,0.10949275914484007,-38.43258751324146,1236.284945828984,9.133024026521902,2021,4,346,6,0,21140.128647124162,-5064.797911429201,-13.270903644617126
2021-12-13,16895.690688220962,9897.995684928375,2043.1338918769159,12.0,-0.32126966169236515,1,4.900740753541715,0.9731731731731732,-4645.438888584329,12,0.5858295980660254,0.12092633142848144,-27.49481494605576,1407.9742240184135,8.269497537775075,2021,4,347,0,0,21257.06866441951,-5055.552598265171,-14.584362482410707
2021-12-14,22223.60803625166,12902.776939729436,2727.7508522284234,16.0,-0.3049212246562894,4,3.4747851893375166,0.9736736736736737,-6206.919755706201,12,0.5805887558258825,0.12274113401293137,-27.929397177907976,1388.9755022657287,8.147227969187943,2021,4,348,1,0,21096.268612049465,-5744.348528164892,31.534179018470777
2021-12-15,19386.356153609966,11978.553148122975,1181.7245046962482,16.0,-0.2884824328806098,2,3.7058984851338796,0.9741741741741742,-6573.9214992092575,12,0.617885746718443,0.06095650442675878,-33.910041923918314,1211.6472596006229,16.40514017993818,2021,4,349,2,0,21773.83361058451,-6897.041367040918,-12.766837311086043
2021-12-16,21567.11059408007,12744.260036488477,1179.8090398472075,17.0,-0.27195815753410524,3,2.995322877642249,0.9746746746746747,-5956.958482255614,12,0.5909117951102191,0.054704084476251164,-27.620568162203114,1268.6535643576512,18.280170659544314,2021,4,350,3,0,22487.183085568475,-7167.794351795581,11.248913530684423
2021-12-17,20632.401532945703,12909.409111790732,2768.3209304176535,14.0,-0.2553532951161881,5,3.845882171360272,0.9751751751751752,-6245.328509262682,12,0.625686209682235,0.1341734710812609,-30.26951806502106,1473.7429666389787,7.4530381597891235,2021,4,351,4,0,23078.048050017394,-6759.936118558518,-4.333955895746799
2021-12-18,20680.21493809068,12716.631937642758,1772.7282611523738,14.0,-0.23867276600594997,4,2.9262544794220227,0.9756756756756757,-5009.14526070445,12,0.6149177837711987,0.08572097855168823,-24.221920689412933,1477.1582098636202,11.6657557682571,2021,4,352,5,0,22807.29301295903,-4297.790750113607,0.2317394078853674
2021-12-19,23765.490184789232,14601.078772473778,1978.7277575249934,14.0,-0.22192151300416674,3,1.8741169885612923,0.9761761761761762,-4014.3163452095396,12,0.6143815532077261,0.08326054889418819,-16.891367752131814,1697.535013199231,12.010490121448175,2021,4,353,6,0,19780.559133263745,-7602.180699500064,14.91897089046117
2021-12-20,23342.41536382432,13322.471362694323,1688.7344975694464,17.0,-0.20510449986861926,4,2.442755370791159,0.9766766766766767,-5268.790496439451,12,0.5707409089867052,0.07234617631672421,-22.571745101429965,1373.0832566955482,13.822430581847222,2021,4,354,0,0,16895.690688220962,-4645.438888584329,-1.780206583896582
2021-12-21,21516.302264019,13515.753351104599,2352.7325317754426,18.0,-0.1882267098432439,3,3.51687419828047,0.9771771771771772,-8752.183618861041,12,0.6281633891017857,0.1093465086568262,-40.67698766947064,1195.3501257788332,9.145239407125532,2021,4,355,1,0,22223.60803625166,-6206.919755706201,-7.823153993889587
2021-12-22,17772.508612502927,10794.130433118682,2494.8296650162256,15.0,-0.1712931441814778,2,2.59514621159793,0.9776776776776777,-7516.451485631981,12,0.6073498496168983,0.1403757747097738,-42.29257472602473,1184.8339075001952,7.123736286175409,2021,4,356,2,0,19386.356153609966,-6573.9214992092575,-17.399800419130084
2021-12-23,21691.88534582351,12830.492637871004,2706.2046072118746,18.0,-0.154308820664281,5,3.4461780280691725,0.9781781781781782,-8244.81189925937,12,0.5914881271646288,0.12475654209249816,-38.008738142472254,1205.1047414346394,8.015611712438862,2021,4,357,3,0,21567.11059408007,-5956.958482255614,22.053030434675435
2021-12-24,22947.945783630916,13840.461703849674,1656.4466935364976,16.0,-0.13727877211326517,4,2.6402711684537095,0.9786786786786787,-5348.962613755257,12,0.6031242113933468,0.0721827874771285,-23.309112999433463,1434.2466114769322,13.853718247121659,2021,4,358,4,0,20632.401532945703,-6245.328509262682,5.7904622755589275
2021-12-25,20696.200377428235,11529.60261000778,2216.0622101747254,16.0,-0.12020804489935275,3,2.874116861998405,0.9791791791791792,-5849.46444275427,12,0.5570878905184082,0.10707579989376287,-28.263470279954543,1293.5125235892647,9.339178423062611,2021,4,359,5,0,20680.21493809068,-5009.14526070445,-9.81240511649144
2021-12-26,22334.9810635156,13605.315043849694,1278.2750597148465,15.0,-0.10310169744743544,3,4.182532245130553,0.9796796796796797,-4548.609040048941,12,0.6091482685908386,0.05723197418792178,-20.365403611105528,1488.9987375677067,17.47275040201286,2021,4,360,6,0,23765.490184789232,-4014.3163452095396,7.918268359416625
2021-12-27,23179.66308646615,13393.112097788655,2276.8170135571104,17.0,-0.0859647987374467,1,3.697984438112084,0.9801801801801802,-6090.266024879616,12,0.5777958052206745,0.09822476733436517,-26.274178369898415,1363.5095933215382,10.180731674282494,2021,4,361,0,0,23342.41536382432,-5268.790496439451,3.7818792885853325
2021-12-28,24947.78015845579,14292.332952151706,2268.411521862811,16.0,-0.06880242680232064,1,3.492268462949322,0.9806806806806807,-4412.964315558727,12,0.5728899670180663,0.0909263873360675,-17.68880552710418,1559.2362599034868,10.997907530450545,2021,4,362,1,0,21516.302264019,-8752.183618861041,7.627880808250342
2021-12-29,23010.576505259054,13045.166310046487,2529.460989485229,20.0,-0.05161966722325418,3,4.203171178456521,0.9811811811811813,-8564.050794272662,12,0.5669204466504792,0.10992601549583611,-37.21788887955655,1150.5288252629528,9.097027627985652,2021,4,363,2,0,17772.508612502927,-7516.451485631981,-7.765034166938256
2021-12-30,21845.58821857567,13663.697118640364,2279.8090586611365,14.0,-0.034421611622745804,4,3.884486874677878,0.9816816816816817,-5297.9179587258295,12,0.6254671186661797,0.1043601589415009,-24.251660819189667,1560.3991584696907,9.582200814398435,2021,4,364,3,0,21691.88534582351,-8244.81189925937,-5.062838327484432
2021-12-31,25396.433478499224,14923.22839025314,1905.9290047675456,17.0,-0.01721335615583528,3,4.6572506330010945,0.9821821821821822,-5032.723916521461,12,0.5876111857551666,0.07504711267356169,-19.816656227663607,1493.907851676425,13.324963004903045,2021,4,365,4,1,22947.945783630916,-5348.962613755257,16.254289993913783
2022-01-01,22556.344378065995,14300.670481797846,1117.9471785831574,15.0,6.432490598706546e-16,4,3.1321125901478877,0.9826826826826827,-4862.273282315009,1,0.6339977011391951,0.049562427308489754,-21.55612275118095,1503.7562918710662,20.17657435895408,2022,1,1,5,0,20696.200377428235,-5849.46444275427,-11.18302340695857
2022-01-02,23319.08637378007,13723.55109274189,2197.3652313832836,14.0,0.017213356155833904,1,3.156292017177993,0.9831831831831832,-3801.829950345106,1,0.5885115253988948,0.09423033116142991,-16.303511593060847,1665.6490266985763,10.612294233444413,2022,1,2,6,0,22334.9810635156,-4548.609040048941,3.3814965001854214
2022-01-03,21856.579960027026,12260.268997219742,1238.9222303508725,16.0,0.03442161162274621,3,2.4591125868869237,0.9836836836836838,-4442.611267543589,1,0.5609417859355056,0.056684176235106666,-20.32619593581692,1366.036247501689,17.641607701104103,2022,1,3,0,0,23179.66308646615,-6090.266024879616,-6.271714038494592
2022-01-04,22725.233660878715,13076.8779765529,1696.2251422828283,16.0,0.0516196672232528,2,3.1568154261020642,0.9841841841841843,-4847.869457957013,1,0.5754342583092832,0.07464060293482766,-21.332539547448423,1420.3271038049197,13.397533791000436,2022,1,4,1,0,24947.78015845579,-4412.964315558727,3.9743349711635956
2022-01-05,21431.966553453407,13477.085742075513,3044.4306685840297,22.0,0.06880242680232015,3,4.271815915441957,0.9846846846846847,-12689.549857206135,1,0.6288310365015899,0.14205092477122544,-59.20851838564214,974.1802978842458,7.039728897298704,2022,1,5,2,0,23010.576505259054,-8564.050794272662,-5.6908858528115225
2022-01-06,23203.268630919545,13844.012089583393,1995.68077898186,16.0,0.08596479873744621,1,4.539989897809708,0.9851851851851852,-5436.424237645708,1,0.5966405987790676,0.0860086055428636,-23.429562119542908,1450.2042894324716,11.626743553023143,2022,1,6,3,0,21845.58821857567,-5297.9179587258295,8.264766898774024
2022-01-07,26474.465644751377,15610.535738605524,2757.075832268306,14.0,0.10310169744743496,5,4.2682441344693345,0.9856856856856857,-3093.1459261224527,1,0.589644978979976,0.10414094355158034,-11.68350654410914,1891.033260339384,9.602371227841877,2022,1,7,4,0,25396.433478499224,-5032.723916521461,14.098000871622007
2022-01-08,22676.90051975027,13686.149424776557,3118.789665889062,17.0,0.12020804489935226,2,2.064646506760451,0.9861861861861863,-7728.038570915349,1,0.603528220836737,0.13753156711927084,-34.07890140976133,1333.9353246911924,7.271057990146908,2022,1,8,5,0,22556.344378065995,-4862.273282315009,-14.344255993525534
2022-01-09,21986.138107620078,13442.57423265582,3432.1265501750268,12.0,0.1372787721132647,5,4.3665161701285875,0.9866866866866868,-4488.562675210768,1,0.6114113432225197,0.15610411129845042,-20.415421085957323,1832.1781756350065,6.4059811857749995,2022,1,9,6,0,23319.08637378007,-3801.829950345106,-3.0461059329010998
2022-01-10,27633.469160483743,17138.780904241474,2911.3219085647165,16.0,0.15430882066428142,3,2.0291851013823434,0.9871871871871872,-5216.633652322447,1,0.6202182145392796,0.10535491912567925,-18.87795420121303,1727.091822530234,9.49172576182311,2022,1,10,0,0,21856.579960027026,-4442.611267543589,25.685870912028808
2022-01-11,22841.27112176145,14429.01228800333,2446.949103537295,16.0,0.1712931441814773,5,4.218493859297878,0.9876876876876877,-6834.690269779177,1,0.6317079382791639,0.10712841200882316,-29.92254780106172,1427.5794451100905,9.334591834681909,2022,1,11,1,0,22725.233660878715,-4847.869457957013,-17.342006575038383
2022-01-12,23528.196800185673,13937.033757216861,1815.810951197526,18.0,0.1882267098432443,3,3.205772378743156,0.9881881881881882,-6624.647908228714,1,0.5923545214951141,0.07717595048266497,-28.15620748367948,1307.1220444547596,12.957404395357813,2022,1,12,2,0,21431.966553453407,-12689.549857206135,3.007388138612721
2022-01-13,25605.127418573935,14700.05260810334,2301.263209861535,18.0,0.20510449986861878,5,4.062026651147084,0.9886886886886888,-5796.18839939094,1,0.5741058174715403,0.08987509307187438,-22.63682700983706,1422.507078809663,11.126553150829963,2022,1,13,3,0,23203.268630919545,-5436.424237645708,8.827410940271774
2022-01-14,24806.480873278633,14677.155943405542,2150.0774351359687,15.0,0.2219215130041654,1,2.4340413216843473,0.9891891891891893,-4020.752505262877,1,0.5916661866865474,0.08667402063676098,-16.208476026093663,1653.7653915519088,11.537482542674049,2022,1,14,4,0,26474.465644751377,-3093.1459261224527,-3.1190883460160523
2022-01-15,26119.70555136544,15801.963584110708,2988.6394250329568,16.0,0.2386727660059495,4,4.436934106164918,0.9896896896896897,-5470.897457778224,1,0.6049824548379964,0.11442086968230473,-20.945479063764658,1632.48159696034,8.739664387943826,2022,1,15,5,0,22676.90051975027,-7728.038570915349,5.293877373398037
2022-01-16,24436.496543938167,14180.018463257593,3184.7752646472454,15.0,0.25535329511618676,5,2.328020203116089,0.9901901901901902,-4928.297183966672,1,0.5802803375582559,0.1303286360596268,-20.167773130265715,1629.099769595878,7.672910806359463,2022,1,16,6,0,21986.138107620078,-4488.562675210768,-6.444211264622323
2022-01-17,22943.832583367883,13287.724092573208,1656.8797422179714,14.0,0.27195815753410474,2,2.9652360713174577,0.9906906906906907,-3200.7712514232962,1,0.579141433511224,0.07221460216803766,-13.950464639214436,1638.8451845262773,13.847614886433622,2022,1,17,0,0,27633.469160483743,-5216.633652322447,-6.108338639650701
2022-01-18,25755.64639244559,15625.281776242295,1168.0321243521607,17.0,0.28848243288060854,1,2.701524297784772,0.9911911911911913,-4637.667508148867,1,0.606674029381975,0.04535052650415162,-18.00641085641378,1515.0380230850346,22.050460646988405,2022,1,18,1,0,22841.27112176145,-6834.690269779177,12.255205397183765
2022-01-19,22952.954639486616,13747.446607906744,2550.994655000078,14.0,0.30492122465628807,3,2.0965721177420007,0.9916916916916918,-4545.486623420207,1,0.598940172358317,0.11114014274273562,-19.80349238176282,1639.4967599633296,8.997649052105094,2022,1,19,2,0,23528.196800185673,-6624.647908228714,-10.881853672991227
2022-01-20,24851.027295229476,14927.014874843479,1416.202129780537,16.0,0.3212696616923639,5,3.5756220540707746,0.9921921921921922,-4292.189709394539,1,0.6006598720250467,0.05698766948167161,-17.271679188161727,1553.1892059518423,17.547655643676045,2022,1,20,3,0,25605.127418573935,-5796.18839939094,8.269404464719997
2022-01-21,24977.21799396844,14607.083129031027,2403.9003523646015,15.0,0.33752289959411386,3,4.94487129426957,0.9926926926926927,-4033.7654874271893,1,0.584816256660705,0.09624371909414016,-16.149778924143085,1665.1478662645627,10.39028841998361,2022,1,21,4,0,24806.480873278633,-4020.752505262877,0.5077886609669013
2022-01-22,26696.45449065845,15902.672337292184,3133.400416210394,18.0,0.3536761221763716,3,5.0,0.9931931931931932,-6739.618262844129,1,0.5956848068666498,0.11737140665277573,-25.245368313617966,1483.136360592136,8.519962642676148,2022,1,22,5,0,26119.70555136544,-5470.897457778224,6.883218527800716
2022-01-23,28375.800518558433,16563.363739000906,3554.282926371725,20.0,0.3697245428906735,2,3.577724629668998,0.9936936936936938,-7741.846146814198,1,0.5837144128557036,0.12525753851586113,-27.28326956538495,1418.7900259279218,7.983551424119451,2022,1,23,6,0,24436.496543938167,-4928.297183966672,6.2905208198625
2022-01-24,25402.77295031575,15686.762975751843,3181.3801741935345,14.0,0.38566340624360695,1,4.393345020054018,0.9941941941941943,-4665.370199629628,1,0.6175216779063035,0.1252375156214586,-18.365594215853662,1814.4837821654107,7.984827829247172,2022,1,24,0,0,22943.832583367883,-3200.7712514232962,-10.477334608756694
2022-01-25,23064.265689020172,14356.18408077398,3258.4937670723752,13.0,0.4014879892059733,4,3.6856757103428297,0.9946946946946947,-4950.412158826184,1,0.6224427117837225,0.14127888617861323,-21.463558500294443,1774.1742837707825,7.07819849836401,2022,1,25,1,0,25755.64639244559,-4637.667508148867,-9.205716501381044
2022-01-26,24688.272750632404,13889.869719260396,3012.74834286204,16.0,0.4171936026123165,1,3.89910655581457,0.9951951951951952,-5014.345311490031,1,0.5626100237775686,0.12203155616809469,-20.31063639865849,1543.0170469145253,8.194601719431743,2022,1,26,2,0,22952.954639486616,-4545.486623420207,7.041225953208419
2022-01-27,24154.768539707817,14028.105693728485,2868.7747834577235,17.0,0.43277559255043124,3,3.226281079098209,0.9956956956956957,-6342.111937478392,1,0.5807592679129921,0.11876639508019997,-26.25614866502508,1420.8687376298715,8.419890149269287,2022,1,27,3,0,24851.027295229476,-4292.189709394539,-2.1609620742338964
2022-01-28,26802.075824388143,15332.980867087846,3083.1198417797054,17.0,0.4482293417404102,5,3.6560615403380816,0.9961961961961963,-5214.02488447941,1,0.572081840509377,0.11503287513925571,-19.453809916226664,1576.5926955522436,8.693167051500945,2022,1,28,4,0,24977.21799396844,-4033.7654874271893,10.959770863995
2022-01-29,26568.12832952365,15615.86503051074,1671.5097948923822,16.0,0.4635502709028508,2,3.929982963685143,0.9966966966966968,-3519.2464958794735,1,0.5877668474356817,0.06291409670115634,-13.246121263155505,1660.5080205952281,15.894688987589332,2022,1,29,5,0,26696.45449065845,-6739.618262844129,-0.8728708044755895
2022-01-30,25353.292811477753,15170.256701991471,1078.888433467494,16.0,0.47873384011578785,4,3.0372322168989347,0.9971971971971972,-3695.852323981213,1,0.5983544944159563,0.04255417398796687,-14.57740559170308,1584.5808007173596,23.499457427672596,2022,1,30,6,0,28375.800518558433,-7741.846146814198,-4.5725295473521115
2022-01-31,24918.542123129064,14226.302664028173,1779.4904606075409,18.0,0.493775550159977,1,3.4380045600856097,0.9976976976976977,-5487.251001506651,1,0.5709123187758045,0.07141230220510537,-22.020754562577142,1384.363451284948,14.003189494267676,2022,1,31,0,0,25402.77295031575,-4665.370199629628,-1.7147701151933648
2022-02-01,21684.365323538615,12549.689287560512,1901.2811686070504,19.0,0.5086709438521045,3,3.4532559048020093,0.9981981981981982,-7966.605132628947,2,0.5787436754691495,0.08767981632107945,-36.73893615867609,1141.2823854494009,11.40513338141638,2022,1,32,1,0,23064.265689020172,-4950.412158826184,-12.978996859485326
2022-02-02,24759.487227226564,14353.713650295189,2873.7397755181564,13.0,0.5234156073655498,2,4.161122653864419,0.9986986986986988,-2867.9661985867815,2,0.5797258044387626,0.11606620723381025,-11.583302078376835,1904.5759405558895,8.615772185831352,2022,1,33,2,0,24688.272750632404,-5014.345311490031,14.181286183874931
2022-02-03,26900.58207790702,16243.982911443683,4336.191913214016,16.0,0.5380051715382995,4,2.6471742626978556,0.9991991991991993,-6479.592746750679,2,0.6038524692290798,0.1611932374048982,-24.08718416569973,1681.2863798691887,6.203734201876716,2022,1,34,3,0,24154.768539707817,-6342.111937478392,8.64757347771734
2022-02-04,25253.809162216123,15186.957665847798,1543.4726150880374,17.0,0.5524353131676191,3,3.4587662331138787,0.9996996996996997,-5076.621118719713,2,0.6013729480687611,0.06111840812503358,-20.102397567473417,1485.5181860127132,16.361682685750587,2022,1,35,4,0,26802.075824388143,-5214.02488447941,-6.121699935420222
2022-02-05,22459.80227342056,13115.012587383708,1279.9848676453182,15.0,0.5667017562911173,3,5.0,1.0002002002002002,-3935.1951816084675,2,0.5839326823862698,0.056990032773355334,-17.521058884233664,1497.3201515613705,17.546927968561057,2022,1,36,5,0,26568.12832952365,-3519.2464958794735,-11.063704769638715
2022-02-06,25687.49955040893,15500.910166315056,3740.377145344553,21.0,0.5808002734538001,3,4.43124812206875,1.0007007007007007,-10353.787761250678,2,0.6034417688610058,0.14561079166169788,-40.30671705096284,1223.2142643051873,6.867622849845713,2022,1,37,6,0,25353.292811477753,-3695.852323981213,14.37099595844662
2022-02-07,27200.564886284963,16046.998889477345,1772.6552037199754,16.0,0.5947266869607636,2,4.5793432391109645,1.0012012012012013,-3419.0892069123583,2,0.5899509424368075,0.06516979375725324,-12.569919857202406,1700.0353053928102,15.3445322187889,2022,1,38,0,0,24918.542123129064,-5487.251001506651,5.890278782902958
2022-02-08,26589.09269900242,15817.628064238424,2680.7842204090484,17.0,0.6084768701151253,4,3.5195454721424273,1.0017017017017018,-5509.319585645053,2,0.5948916062424302,0.10082270390932245,-20.720224070871563,1564.064276411907,9.918400927824512,2022,1,39,1,0,21684.365323538615,-7966.605132628947,-2.2480128256117893
2022-02-09,26661.821058509595,16833.818680255026,3279.5393266539804,18.0,0.6220467484408676,3,3.7567980509488184,1.0022022022022021,-7851.536948399412,2,0.6313829292947795,0.12300507603951745,-29.44861467327812,1481.2122810283108,8.129745797472074,2022,1,40,2,0,24759.487227226564,-2867.9661985867815,0.27352704483181167
2022-02-10,24945.059891370016,15637.266460717183,1869.7971087271192,16.0,0.6354323008901765,4,4.3017889333623405,1.0027027027027027,-5362.003678074286,2,0.6268682668557972,0.07495660931942655,-21.495252773192668,1559.066243210626,13.341051697502937,2022,1,41,3,0,26900.58207790702,-6479.592746750679,-6.439024413869299
2022-02-11,22648.766029175793,12939.468999041675,611.2115599625321,13.0,0.6486295610349815,2,4.7482044236247445,1.0032032032032032,-1301.9145298284147,2,0.5713101094502566,0.026986528059638158,-5.748280185116083,1742.212771475061,37.05552629038002,2022,1,42,4,0,25253.809162216123,-5076.621118719713,-9.205405287435886
2022-02-12,27826.704448346736,17110.88887794763,1401.2588789722922,16.0,0.6616346182422785,4,1.9387176696936905,1.0037037037037038,-3485.4433085731853,2,0.6149089235381675,0.05035662349357166,-12.525533934652708,1739.169028021671,19.858360839615393,2022,1,43,5,0,22459.80227342056,-3935.1951816084675,22.86190078744601
2022-02-13,25353.26532132287,15617.657470039518,1864.2882546714716,19.0,0.6744436188329453,2,2.447646954360123,1.0042042042042043,-7328.68040338812,2,0.6160018156282454,0.07353247130276147,-28.90625846614115,1334.3823853327826,13.599434131386872,2022,1,44,6,0,25687.49955040893,-10353.787761250678,-8.88872461205452
2022-02-14,25828.19157596716,14922.783301203986,2334.182257675552,17.0,0.6870527672236671,3,4.5475552811221185,1.0047047047047046,-5028.773982912378,2,0.5777711249087012,0.09037342977769618,-19.4700971150903,1519.3053868215977,11.065199168160776,2022,1,45,0,0,27200.564886284963,-3419.0892069123583,1.8732350591734725
2022-02-15,28405.703842145387,17452.811127164663,2064.2454568117855,16.0,0.6994583270516468,2,3.2784885153849572,1.0052052052052052,-3911.3527418310623,2,0.6144122048216958,0.0726701041552463,-13.769603328849081,1775.3564901340867,13.760816935994532,2022,1,46,1,0,26589.09269900242,-5509.319585645053,9.979453104942015
2022-02-16,25829.360967235778,16266.582539547742,2066.559399256017,19.0,0.7116566222817747,4,2.962623368593538,1.0057057057057057,-7703.780971567981,2,0.6297710020848638,0.08000815048724674,-29.825673896230466,1359.4400509071463,12.498726616101438,2022,1,47,2,0,26661.821058509595,-7851.536948399412,-9.0698082653636
2022-02-17,25401.246210195422,14679.475322995047,2963.185277972182,17.0,0.723644038295912,2,2.496671210403517,1.0062062062062063,-5841.414390771807,2,0.5779037454116356,0.1166551142196651,-22.996566162282267,1494.1909535409072,8.572277406689345,2022,1,48,3,0,24945.059891370016,-5362.003678074286,-1.6574732823758764
2022-02-18,30263.683831550177,17699.458888422974,3667.9480298118096,16.0,0.7354170229639854,4,3.0559866387647125,1.0067067067067068,-3903.7230866846076,2,0.5848415211756581,0.12119965468275012,-12.89903472562365,1891.480239471886,8.250848590431884,2022,1,49,4,0,22648.766029175793,-1301.9145298284147,19.142516005388323
2022-02-19,25343.291928904924,15714.805890764705,1076.8774879782113,18.0,0.7469720876965548,4,2.37810457326094,1.0072072072072071,-5848.391449837993,2,0.6200775311608754,0.04249161833431727,-23.07668422178294,1407.9606627169403,23.534053048583832,2022,1,50,5,0,27826.704448346736,-3485.4433085731853,-16.25840373575308
2022-02-20,26883.704204128117,16265.970177889694,2392.4199000724643,19.0,0.7583058084785622,2,5.0,1.0077077077077077,-6974.685873834042,2,0.6050494401508844,0.08899145303440355,-25.943916883161684,1414.9318002172693,11.237034185894304,2022,1,51,6,0,25353.26532132287,-7328.68040338812,6.078185420996141
2022-02-21,27464.515578245286,16754.447484566932,3299.5440292985477,22.0,0.7694148268839378,3,3.4820511584155414,1.0082082082082082,-10189.475935620194,2,0.6100397961447451,0.12013843899406422,-37.10051213752812,1248.387071738422,8.32373059258251,2022,1,52,0,0,25828.19157596716,-5028.773982912378,2.160458877642246
2022-02-22,26680.159522785343,16178.390321871455,1819.2856396564282,19.0,0.7802958510707751,1,3.453639566589826,1.0087087087087088,-6517.516438742539,2,0.6063828182157163,0.0681887092205249,-24.428326349310097,1404.2189222518602,14.665184477476492,2022,1,53,1,0,28405.703842145387,-3911.3527418310623,-2.855888913188165
2022-02-23,29466.83521499805,17875.449089462898,2528.4643914669577,20.0,0.7909456567567776,3,3.9704613401342654,1.0092092092092093,-6937.0782659318065,2,0.6066294177518134,0.0858071242811993,-23.541986152625473,1473.3417607499025,11.654043978013888,2022,1,54,2,0,25829.360967235778,-7703.780971567981,10.444748989723362
2022-02-24,27091.723555958422,15591.79806941951,2160.6490220512455,17.0,0.8013610881746761,4,4.269876135413256,1.0097097097097096,-4260.723535512334,2,0.5755188678643639,0.07975310310502717,-15.727030163701974,1593.630797409319,12.538697067161086,2022,1,55,3,0,25401.246210195422,-5841.414390771807,-8.06028757995274
2022-02-25,28776.545521388012,17789.58616614353,3765.71930123552,16.0,0.8115390590073613,4,4.256710525243712,1.0102102102102102,-5578.759945991038,2,0.6181974188987179,0.1308607142729022,-19.386482445728777,1798.5340950867508,7.641712836096552,2022,1,56,4,0,30263.683831550177,-3903.7230866846076,6.218954515572106
2022-02-26,29377.36323972641,18211.212940049732,3510.3963629093164,18.0,0.8214765533024138,3,4.358897555126058,1.0107107107107107,-6744.24606323264,2,0.6199063132876091,0.11949324159093622,-22.9572886041472,1632.075735540356,8.368674133247815,2022,1,57,5,0,25343.291928904924,-5848.391449837993,2.0878729793742723
2022-02-27,25660.825379913753,15281.799855914238,2615.283933980335,18.0,0.8311706263658081,2,2.995323559367315,1.0112112112112113,-6723.47381409095,2,0.5955303319228464,0.10191737386699465,-26.201315485953973,1425.6014099952085,9.811869773106901,2022,1,58,6,0,26883.704204128117,-6974.685873834042,-12.651025994010446
2022-02-28,25968.225404586337,15559.196767844871,3033.2531588867228,16.0,0.8406184056344775,3,3.261706556034511,1.0117117117117118,-5424.224522145256,2,0.5991628817692297,0.11680633203187653,-20.887929142771785,1623.014087786646,8.56117971179079,2022,1,59,0,0,27464.515578245286,-10189.475935620194,1.1979350629664598
2022-03-01,25440.480185161094,14498.734359818794,2439.5030256690875,17.0,0.8498170915275279,2,4.115225324353821,1.0122122122122121,-5097.757200326789,3,0.5699080463220032,0.09589060457640258,-20.037975554015702,1496.4988344212409,10.428550371723142,2022,1,60,1,0,26680.159522785343,-6517.516438742539,-2.03227294589039
2022-03-02,24677.61819274524,15063.698293656062,2257.8301358524914,19.0,0.8587639582758028,4,3.078088750688304,1.0127127127127127,-7843.910236763311,3,0.6104194568535998,0.09149303300738526,-31.78552393305637,1298.8220101444865,10.92979396495994,2022,1,61,2,0,29466.83521499805,-6937.0782659318065,-2.9986147543740738
2022-03-03,28884.71096060516,17616.85529722017,2804.4350424169334,19.0,0.8674563547295968,3,3.49591469437822,1.0132132132132132,-6736.579379031942,3,0.6099024262782888,0.09709063892804064,-23.322301504833217,1520.2479452950083,10.299654127738892,2022,1,62,3,0,27091.723555958422,-4260.723535512334,17.04821241256065
2022-03-04,25505.687718832938,15272.317122800107,1927.2304912059774,19.0,0.8758917051442431,4,3.8190110115398515,1.0137137137137138,-6893.859895173146,3,0.5987808402250335,0.07556081264897418,-27.028715991385894,1342.404616780681,13.234373280838133,2022,1,63,4,0,28776.545521388012,-5578.759945991038,-11.698310730478667
2022-03-05,27165.059681929102,16861.21248909271,3821.523424162001,18.0,0.8840675099433635,2,4.1281480658483005,1.0142142142142143,-7917.67623132561,3,0.6206948442785577,0.14067789538869216,-29.146544583491757,1509.1699823293945,7.108437308057575,2022,1,64,5,0,29377.36323972641,-6744.24606323264,6.505889907335893
2022-03-06,24865.744512418787,14752.408091961302,2482.448184544055,17.0,0.8919813464595485,3,2.0778552301038387,1.0147147147147146,-5969.1117640865705,3,0.5932823802880085,0.09983405818813255,-24.005361114787437,1462.6908536716933,10.016621763642497,2022,1,65,6,0,25660.825379913753,-6723.47381409095,-8.464237503736749
2022-03-07,26239.421871563783,16025.95608588507,2350.3109729967314,17.0,0.8996308696522431,3,4.071796519911156,1.0152152152152152,-5736.8451873180165,3,0.6107587341035412,0.08957175140904354,-21.863458788835423,1543.4954042096342,11.164234083504097,2022,1,66,0,0,25968.225404586337,-5424.224522145256,5.524376551278953
2022-03-08,26353.301555048813,15302.148763683228,2654.718170060356,16.0,0.9070138128026359,1,3.31302075371862,1.0157157157157157,-4927.0330981257575,3,0.5806539545612119,0.10073569584877157,-18.6960752823846,1647.0813471905508,9.926967710643899,2022,1,67,1,0,25440.480185161094,-5097.757200326789,0.43400225829077765
2022-03-09,27871.622783594026,16711.197594719295,734.3410614231963,22.0,0.9141279881853336,3,4.065966168691505,1.0162162162162163,-7173.915872548465,3,0.5995774887049615,0.026347266075065025,-25.739139512074704,1266.8919447088194,37.95460208854068,2022,1,68,2,0,24677.61819274524,-7843.910236763311,5.761408017032044
2022-03-10,26530.399578001332,15831.06261784938,2417.711079499955,18.0,0.9209712877166345,4,4.121545353883863,1.0167167167167168,-6118.374119348004,3,0.5967140664920967,0.09112984040785763,-23.061748849125067,1473.9110876667407,10.973354013618742,2022,1,69,3,0,28884.71096060516,-6736.579379031942,-4.812146088537672
2022-03-11,27815.91020381687,16802.200083310592,1547.348207381483,18.0,0.9275416835791963,4,4.786332048895326,1.0172172172172171,-4933.638086875204,3,0.6040499829124776,0.055628170929641466,-17.73674868348624,1545.3283446564928,17.976503330745864,2022,1,70,4,0,25505.687718832938,-6893.859895173146,4.845425045469232
2022-03-12,27380.75353263314,16243.688655163205,3821.401035720696,16.0,0.933837228822925,3,4.582762918096963,1.0177177177177177,-5484.33615825076,3,0.5932520679463232,0.13956522530200802,-20.02989491035875,1711.2970957895714,7.165108628142002,2022,1,71,5,0,27165.059681929102,-7917.67623132561,-1.5644164364753244
2022-03-13,27859.53403111751,16649.984120834673,2936.994486003399,24.0,0.9398560579418951,3,4.577257330088237,1.0182182182182182,-10927.444575720563,3,0.597640438000061,0.10542152222370064,-39.22335730208277,1160.8139179632296,9.485729089341323,2022,1,72,6,0,24865.744512418787,-5969.1117640865705,1.7486023454896582
2022-03-14,28267.850483863625,17373.733876038925,2506.0246637252753,16.0,0.9455963874271424,1,4.6549362553329905,1.0187187187187188,-4411.908055900574,3,0.614611071540672,0.08865282010585879,-15.607511644435295,1766.7406552414766,11.279957014406506,2022,1,73,0,0,26239.421871563783,-5736.8451873180165,1.4656255639094562
2022-03-15,26365.064162996852,15600.656379179001,2654.718170060356,17.0,0.9510565162951538,4,3.7331031878527567,1.0192192192192193,-6495.880353419763,3,0.5917169889187827,0.10069075325013739,-24.63821181416534,1550.886127235109,9.931398541788498,2022,1,74,1,0,26353.301555048813,-4927.0330981257575,-6.731273472501764
2022-03-16,28078.735151885303,16043.952540761842,2641.590091214263,19.0,0.9562348265919054,1,3.5257480696294716,1.0197197197197196,-5806.807480090802,3,0.571391569241843,0.09407795888686593,-20.680445357243638,1477.8281658887001,10.629482312669607,2022,1,75,2,0,27871.622783594026,-7173.915872548465,6.499779322720456
2022-03-17,28351.129779935633,17885.46982006409,3644.595879392677,19.0,0.9611297838723009,5,4.1982536665426675,1.0202202202202202,-8378.935919521133,3,0.6308556293485633,0.12855205092997715,-29.554151755359626,1492.1647252597702,7.778950182169433,2022,1,76,3,0,26530.399578001332,-6118.374119348004,0.9701100372822236
2022-03-18,28811.45498089746,17977.600027883716,2751.7087884919497,20.0,0.9657399376548549,3,4.085664761146418,1.0207207207207207,-7917.853835478207,3,0.6239740422621213,0.09550745668055934,-27.481617435592526,1440.572749044873,10.47038665624473,2022,1,77,4,0,27815.91020381687,-4933.638086875204,1.623657344645224
2022-03-19,25721.964617772377,14787.047423110616,1875.2982509419376,22.0,0.9700639218515071,3,3.252747010609392,1.0212212212212213,-8540.381056280177,3,0.5748801712017607,0.07290649368385399,-33.202677879353246,1169.1802098987444,13.716199332480887,2022,1,78,5,0,27380.75353263314,-5484.33615825076,-10.723132049990092
2022-03-20,25113.965620181472,15413.23327473148,4009.8476578950103,19.0,0.9741004551724205,5,3.8238587270466144,1.0217217217217218,-9509.115312445017,3,0.6137315590790438,0.15966604870529544,-37.86385414497635,1321.7876642200774,6.263072256806178,2022,1,79,6,0,27859.53403111751,-10927.444575720563,-2.3637346782244384
2022-03-21,26711.72357396427,15775.54675910289,1822.4702034332295,16.0,0.9778483415056568,1,3.4719228265723245,1.0222222222222221,-3686.2933885718485,3,0.5905851307355997,0.06822735337114594,-13.800282779823512,1669.482723372767,14.65687807879868,2022,1,80,0,0,28267.850483863625,-4411.908055900574,6.3620297086766975
2022-03-22,26738.85834542735,16175.05861492194,1810.3503304114415,18.0,0.9813064702716092,3,2.816853673231955,1.0227227227227227,-5646.5505999060315,3,0.6049270468455905,0.067704847642496,-21.117395989614703,1485.4921303015194,14.769991142736645,2022,1,81,1,0,26365.064162996852,-6495.880353419763,0.10158375362017136
2022-03-23,26704.02527475937,16169.52722936237,2427.2563788333027,19.0,0.9844738167520922,3,4.53236859310108,1.0232232232232232,-7092.758333436303,3,0.6055089846191015,0.09089477537034629,-26.560633688960642,1405.4750144610196,11.001732452999077,2022,1,82,2,0,28078.735151885303,-5806.807480090802,-0.130271345986388
2022-03-24,27353.954790516975,16295.168974152024,3665.3383432418555,23.0,0.9873494423939863,2,3.544159394024071,1.0237237237237238,-11006.552526876905,3,0.5957152850088503,0.1339966513548728,-40.237518162063495,1189.3023821963902,7.462873063533725,2022,1,83,3,0,28351.129779935633,-8378.935919521133,2.433826020873031
2022-03-25,28694.406836821432,16824.76126929966,2949.433773367004,16.0,0.989932495087353,3,5.0,1.0242242242242243,-3879.7882058452306,3,0.5863428843460069,0.10278775895733838,-13.521060839168776,1793.4004273013395,9.72878492676395,2022,1,84,4,0,28811.45498089746,-7917.853835478207,4.900395780317535
2022-03-26,26453.49546813902,15526.82675472528,1382.5930112707965,21.0,0.9922222094179323,4,2.1996061838401335,1.0247247247247246,-7255.924297857058,3,0.5869480187760449,0.05226504047209988,-27.4289811968184,1259.6902603875724,19.13324836194894,2022,1,85,5,0,25721.964617772377,-8540.381056280177,-7.80957550865563
2022-03-27,27702.06626806807,16163.143803100218,2761.0316562275857,19.0,0.9942179068939518,4,3.054576981725307,1.0252252252252252,-6422.109191259735,3,0.5834634733269458,0.09966879833112677,-23.182780407476116,1458.0034877930564,10.033230225950241,2022,1,86,6,0,25113.965620181472,-9509.115312445017,4.719870768809531
2022-03-28,30625.513582115702,17959.3970451542,3057.2481564868203,20.0,0.995918996147179,1,3.526111069352697,1.0257257257257257,-6391.13161952532,3,0.5864194569994706,0.09982683713334209,-20.868651238742107,1531.275679105785,10.017346324057788,2022,1,87,0,0,26711.72357396427,-3686.2933885718485,10.55317421364148
2022-03-29,26898.858185823217,16105.725766469252,1227.9279766460068,18.0,0.9973249731081555,5,4.409904878103132,1.0262262262262263,-4834.79555729204,3,0.5987512798947584,0.04564981785335313,-17.973980619891787,1494.381010323512,21.905892444356088,2022,1,88,1,0,26738.85834542735,-5646.5505999060315,-12.168466616242245
2022-03-30,31649.416495499907,18631.769902744567,3932.946224282733,17.0,0.9984354211555643,2,3.8195754980817482,1.0267267267267268,-4515.299631527392,3,0.5886923667421716,0.12426599475671034,-14.266612568258259,1861.7303820882298,8.047253811936352,2022,1,89,2,0,26704.02527475937,-7092.758333436303,17.660817707795594
2022-03-31,27784.17076983078,17011.528494754777,3984.4047841402303,20.0,0.9992500112396835,2,3.7483782033446014,1.0272272272272271,-9211.762509064227,3,0.6122741123239355,0.14340556776546537,-33.15471455087206,1389.208538491539,6.973229949031434,2022,1,90,3,1,27353.954790516975,-11006.552526876905,-12.212691902925632
2022-04-01,24100.239477772448,15203.766764331433,2503.3215732153585,20.0,0.9997685019798909,2,2.598188965956682,1.0277277277277277,-9606.848859774344,4,0.6308554227585085,0.10387123229726251,-39.862047298885564,1205.0119738886224,9.627304672174903,2022,2,91,4,0,28694.406836821432,-3879.7882058452306,-13.259101099603443
2022-04-02,28434.750753292115,16770.823831290247,2437.962607496494,21.0,0.9999907397361901,1,2.574446882216423,1.0282282282282282,-7574.035685494626,4,0.5898002756134079,0.08573884218817117,-26.63654677760001,1354.0357501567673,11.663325215020963,2022,2,92,5,0,26453.49546813902,-7255.924297857058,17.985345247367235
2022-04-03,27147.698099757283,16408.32111012206,1982.2690114586903,19.0,0.9999166586547379,2,3.7580037282319236,1.0287287287287288,-6442.892021823467,4,0.604409296501966,0.07301794075411547,-23.732737848153214,1428.8262157766992,13.695264337396937,2022,2,93,6,0,27702.06626806807,-6422.109191259735,-4.526337032814753
2022-04-04,28908.766947326865,17595.102723547585,1827.6001805877331,18.0,0.9995462806873574,5,2.408715204945313,1.0292292292292293,-4913.935956808453,4,0.6086424493859144,0.06321958262411215,-16.99808215882011,1606.042608184826,15.817883612831649,2022,2,94,0,0,30625.513582115702,-6391.13161952532,6.48699142409177
2022-04-05,27480.541292021393,16724.32591067247,4460.177674861488,16.0,0.9988797155850336,3,3.074497799768537,1.0297297297297296,-6503.962293512564,4,0.6085879362037222,0.16230312305225375,-23.667518861431244,1717.533830751337,6.161310892816575,2022,2,95,1,0,26898.858185823217,-4834.79555729204,-4.940458574064288
2022-04-06,28804.294059400076,17320.554069598085,2782.9866570263835,20.0,0.9979171608653922,2,3.900733863268686,1.0302302302302302,-7299.246667224394,4,0.601318471262643,0.09661707560988378,-25.340828184061454,1440.2147029700038,10.350137319802107,2022,2,96,2,0,31649.416495499907,-4515.299631527392,4.817054923743491
2022-04-07,25642.200652866304,15756.661600899644,2257.911523289324,20.0,0.9966589017541702,2,2.714140582178579,1.0307307307307307,-8372.372471322664,4,0.6144816435300124,0.0880545142695049,-32.650756402168604,1282.1100326433152,11.356601172534326,2022,2,97,3,0,27784.17076983078,-9211.762509064227,-10.977854204699188
2022-04-08,26586.47511545346,16193.009545612404,3405.8106788770183,17.0,0.9951053111006976,4,4.784284769889445,1.0312312312312313,-6612.345109035961,4,0.609069441334108,0.12810313003461604,-24.87108607034754,1563.910300909027,7.806210509686843,2022,2,98,4,0,24100.239477772448,-9606.848859774344,3.682501651751191
2022-04-09,26363.66228356416,15199.366158974846,2546.7456364868112,18.0,0.9932568492674143,4,4.479149075390312,1.0317317317317318,-5782.4495118974955,4,0.576527115068173,0.09660060158161422,-21.933407618798224,1464.6479046424533,10.351902406685713,2022,2,99,5,0,28434.750753292115,-7574.035685494626,-0.8380683446065018
2022-04-10,26515.19708002312,16343.696280208509,3107.4239410107,18.0,0.9911140639934547,2,2.2428640013293597,1.0322322322322321,-7335.923141196088,4,0.616389771906393,0.11719407295493467,-27.66686258848539,1473.066504445729,8.53285473220592,2022,2,100,6,0,27147.698099757283,-6442.892021823467,0.574786593869514
2022-04-11,28188.641214217874,17356.830147164095,1255.1532517073138,16.0,0.9886775902323405,1,2.75410300545441,1.0327327327327327,-3223.342184653535,4,0.6157384463927124,0.04452691572356583,-11.43489734094645,1761.7900758886171,22.458326244922254,2022,2,101,0,0,28908.766947326865,-4913.935956808453,6.311264174821263
2022-04-12,30484.565096983868,17909.09600610103,4074.9828868496347,17.0,0.9859481499638303,2,1.67137820440404,1.0332332332332332,-5099.513795966797,4,0.5874807775385633,0.13367364349418953,-16.72818286809459,1793.2097115872864,7.4809062868363245,2022,2,102,1,0,27480.541292021393,-6503.962293512564,8.144854749536389
2022-04-13,28691.33766325681,17233.771515677887,4443.631556656995,17.0,0.9829265519799825,1,2.8739269099614932,1.0337337337337338,-6586.065409078071,4,0.600661137446655,0.1548771133925789,-22.95489142533926,1687.7257448974594,6.456731908898788,2022,2,103,2,0,28804.294059400076,-7299.246667224394,-5.8824110759726045
2022-04-14,25279.17412235383,15509.16896981783,2653.1653766156082,18.0,0.9796136916454901,2,4.1131107812579195,1.0342342342342343,-7283.160224079609,4,0.6135156510553644,0.10495459083330856,-28.810910470525485,1404.3985623529907,9.527930051084896,2022,2,104,3,0,25642.200652866304,-8372.372471322664,-11.892661056625197
2022-04-15,27706.853634284143,16519.455270780807,4457.493275604847,18.0,0.9760105506323685,3,3.168884046180114,1.0347347347347349,-7670.094912101511,4,0.5962227068013173,0.16088052921639562,-27.683023894891562,1539.269646349119,6.2157925814312165,2022,2,105,4,0,26586.47511545346,-6612.345109035961,9.6034763642993
2022-04-16,29077.847048720934,17983.197253115566,1866.7131127408707,16.0,0.9721181966290613,2,3.868637794892774,1.0352352352352352,-3572.063317135502,4,0.6184500944304473,0.0641970882374176,-12.284483480329156,1817.3654405450584,15.577030476861175,2022,2,106,5,0,26363.66228356416,-5782.4495118974955,4.948210405025355
2022-04-17,24748.202661405252,16030.857844152832,2152.5985407182648,23.0,0.9679377830240643,3,2.282132545374605,1.0357357357357357,-11835.253723465845,4,0.6477584680988938,0.08697999487757693,-47.8226798341315,1076.0088113654458,11.496896515198527,2022,2,107,6,0,26515.19708002312,-7335.923141196088,-14.88983823341946
2022-04-18,26091.847660538842,15262.115580005815,3174.1069684221193,22.0,0.963470548564149,2,4.138380203665524,1.0362362362362363,-9944.374887889091,4,0.584938091720049,0.12165129161100462,-38.112957799186084,1185.9930754790382,8.220216873632763,2022,2,108,0,0,28188.641214217874,-3223.342184653535,5.4292629550387606
2022-04-19,28620.313785639933,16481.665969807073,3009.925957540571,18.0,0.9587178169872963,5,3.05591261765732,1.0367367367367368,-5271.278141707709,4,0.5758730003189779,0.10516746881548107,-18.417960687602736,1590.017432535552,9.50864379701412,2022,2,109,1,0,30484.565096983868,-5099.513795966797,9.690636546698572
2022-04-20,27642.312333711645,16737.296698029426,2719.7032716941026,20.0,0.9536809966304456,5,3.5097357458263243,1.0372372372372374,-7814.687636011884,4,0.6054955351046075,0.09838913759675752,-28.270745014632336,1382.1156166855822,10.163723602278587,2022,2,110,2,0,28691.33766325681,-6586.065409078071,-3.417158383563901
2022-04-21,28274.933215813864,17325.74118205139,2282.1504807270235,20.0,0.9483615800121717,3,3.425700398885558,1.0377377377377377,-7332.958446964551,4,0.6127597561348542,0.0807128513198624,-25.934485471616625,1413.746660790693,12.389600709768416,2022,2,111,3,0,25279.17412235383,-7283.160224079609,2.288596100300544
2022-04-22,27778.77744837488,16551.83328210254,1723.292659113349,22.0,0.942761143390421,3,2.482761183286173,1.0382382382382382,-8096.348492841009,4,0.5958445548175433,0.062036303156824686,-29.145805670849146,1262.6717021988582,16.119593675207398,2022,2,112,4,0,27706.853634284143,-7670.094912101511,-1.7547548694526682
2022-04-23,28373.62751306635,17750.80683950033,2678.2648742845936,18.0,0.9368813462954314,3,2.5775325346081743,1.0387387387387388,-6455.4442007185735,4,0.6256093561292401,0.09439275514035789,-22.751564627208047,1576.3126396147973,10.594033392849312,2022,2,113,5,0,29077.847048720934,-3572.063317135502,2.1413831684888196
2022-04-24,28622.736871873676,16504.33922326258,1983.985731883565,22.0,0.9307239310379796,3,4.2742355752027406,1.0392392392392393,-7465.588083272471,4,0.5766163905688796,0.06931502535081269,-26.082719191708676,1301.0334941760761,14.426886449782932,2022,2,114,6,0,24748.202661405252,-11835.253723465845,0.8779609117396392
2022-04-25,27725.057357954538,16981.49372628853,2823.6263840081897,18.0,0.9242907221930936,4,3.8191937260013566,1.0397397397397399,-6480.062752342181,4,0.6124962522905801,0.10184384282970903,-23.37258555926125,1540.2809643308076,9.818953922153932,2022,2,115,0,0,26091.847660538842,-9944.374887889091,-3.1362462574333616
2022-04-26,28460.715568461954,16773.498930697726,1681.0104420955154,17.0,0.9175836260593944,3,4.3400392332427415,1.0402402402402402,-3593.793804331288,4,0.5893561913560904,0.05906423673894855,-12.627208179943525,1674.1597393212915,16.93071908166339,2022,2,116,1,0,28620.313785639933,-5271.278141707709,2.653405549389598
2022-04-27,26148.872550405402,16549.012483346887,1739.4082933336006,21.0,0.9106046300942163,4,3.759726588402015,1.0407407407407407,-8939.548226275085,4,0.6328767120435683,0.06651943750082003,-34.18712684091035,1245.184407162162,15.033199882179886,2022,2,117,2,0,27642.312333711645,-7814.687636011884,-8.122926538847686
2022-04-28,28770.110882372857,18258.324206007776,2988.0280707151665,22.0,0.903355802324684,5,3.614392507847373,1.0412412412412413,-10076.241394350085,4,0.6346282181760536,0.10385876102222115,-35.02329704444654,1307.73231283513,9.628460711042418,2022,2,118,3,0,28274.933215813864,-7332.958446964551,10.02428814823535
2022-04-29,27019.603271245374,15828.433668855549,2802.1478960636073,25.0,0.8958392907349094,3,2.1191915050665866,1.0417417417417418,-11610.978293673781,4,0.5858129562435278,0.10370795854895808,-42.97242330730422,1080.784130849815,9.642461523605478,2022,2,119,4,0,27778.77744837488,-8096.348492841009,-6.084465987234
2022-04-30,27178.901243071647,16032.562177888696,3321.136756085053,17.0,0.8880573226294932,3,3.2837066425910644,1.0422422422422424,-5774.797690902103,4,0.5898900045481295,0.12219540173397062,-21.24735521592947,1598.7588966512733,8.183613997006875,2022,2,120,5,0,28373.62751306635,-6455.4442007185735,0.5895644367058361
2022-05-01,27697.916688848898,17048.54395679924,2659.0938012339557,21.0,0.8800122039735359,1,3.478092543677005,1.0427427427427427,-8809.721069184297,5,0.6155171938856663,0.09600338650395679,-31.806439336757286,1318.9484137547095,10.41629922043203,2022,2,121,6,0,28622.736871873676,-7465.588083272471,1.9096262984860557
2022-05-02,24781.122860145202,14675.108391192363,2780.7685412298397,19.0,0.8717063187093216,2,5.0,1.0432432432432432,-6582.642430260694,5,0.5921890010397365,0.11221317762408875,-26.563132217254676,1304.2696242181685,8.911609324084683,2022,2,122,0,0,27725.057357954538,-6480.062752342181,-10.53073363412198
2022-05-03,23907.799588111877,14321.974143901007,3084.8304768355247,21.0,0.8631421280499113,3,4.049565305678942,1.0437437437437438,-10299.005032624655,5,0.5990502844528859,0.129030296806129,-43.07801307547275,1138.4666470529464,7.750117799872404,2022,2,123,1,0,28460.715568461954,-3593.793804331288,-3.5241472993859713
2022-05-04,26463.03418429123,15890.514720845944,2573.3623169872226,17.0,0.8543221697498272,2,4.728848945367623,1.0442442442442443,-5600.842853541935,5,0.600479695948046,0.09724366068781337,-21.164779573412112,1556.6490696641902,10.283446683587474,2022,2,124,2,0,26148.872550405402,-8939.548226275085,10.687870235661268
2022-05-05,29987.787985612376,17032.836213268598,1447.1570686809423,17.0,0.8452490573530637,4,3.9780301647157827,1.0447447447447449,-2092.2052963371643,5,0.5679924181617083,0.04825821328919837,-6.976857704012608,1763.9875285654339,20.72186125100139,2022,2,125,3,0,28770.110882372857,-10076.241394350085,13.31953764928997
2022-05-06,26540.47797323081,15917.367910891368,2808.3813043245577,18.0,0.8359254794186368,2,2.9309574184404164,1.0452452452452452,-6585.271241985116,5,0.5997393086494487,0.10581502364641437,-24.812180280351907,1474.4709985128227,9.450453872614013,2022,2,126,4,0,27019.603271245374,-11610.978293673781,-11.495712901650258
2022-05-07,32381.19771666701,19083.85474296812,4668.523880059096,20.0,0.8263541987239097,3,3.593699372919881,1.0457457457457457,-7371.180906360205,5,0.5893498724151707,0.14417390983830558,-22.763768563650643,1619.0598858333506,6.936067705464349,2022,2,127,5,0,27178.901243071647,-5774.797690902103,22.00683706347435
2022-05-08,26560.032297364654,15689.457967218907,3008.568607839828,18.0,0.8165380514459165,3,3.6889789170113865,1.0462462462462463,-6537.994277694081,5,0.5907168256258352,0.11327428273264355,-24.615912377270696,1475.5573498535919,8.828129173505847,2022,2,128,6,0,27697.916688848898,-8809.721069184297,-17.976992297311256
2022-05-09,26916.14834160469,16871.505006697218,1689.8373153492691,21.0,0.8064799463209444,4,2.7486755441834547,1.0467467467467468,-8445.193980441796,5,0.6268172099727465,0.06278154265992295,-31.375937869193322,1281.7213496002234,15.92824829770163,2022,2,129,0,0,24781.122860145202,-6582.642430260694,1.3407967289082334
2022-05-10,30843.13570493831,17877.627975823358,2332.475891469133,22.0,0.7961828637826157,3,3.192490098725663,1.0472472472472474,-6966.96816235418,5,0.5796306882299571,0.0756238248206287,-22.588391235585995,1401.9607138608324,13.223345980871622,2022,2,130,1,0,23907.799588111877,-10299.005032624655,14.589707685863873
2022-05-11,30734.153869359492,18847.09491498968,2294.0931591711696,21.0,0.7856498550787148,4,3.3353864050582622,1.0477477477477477,-7207.034204801359,5,0.6132296660940241,0.07464312077445127,-23.449593684719698,1463.5311366361664,13.39708186936201,2022,2,131,2,0,26463.03418429123,-5600.842853541935,-0.3533422691564092
2022-05-12,29538.06151654551,17583.3554447614,2521.4983267238013,23.0,0.7748840413670415,3,4.784495866052095,1.0482482482482482,-8966.792254939694,5,0.5952779072828535,0.08536438064195255,-30.356739049774866,1284.2635441976308,11.714487851722868,2022,2,132,3,0,29987.787985612376,-2092.2052963371643,-3.8917367235752343
2022-05-13,28916.90920675942,17210.265439807736,3229.338185871517,21.0,0.7638886127905427,3,1.8354075796872173,1.0487487487487488,-8322.694418919831,5,0.5951626889565632,0.11167646454817684,-28.7814107635486,1376.9956765123534,8.954438198288445,2022,2,133,4,0,26540.47797323081,-6585.271241985116,-2.1028878602549983
2022-05-14,28072.578647584396,17238.733136576495,1492.647187760988,18.0,0.7526668275320086,1,4.464654736572834,1.0492492492492493,-5058.801676753086,5,0.6140772941804498,0.05317100386463528,-18.0204381658697,1559.5877026435776,18.807243183631385,2022,2,134,5,0,32381.19771666701,-7371.180906360205,-2.9198506421898696
2022-05-15,26999.209664569087,16369.551446025896,3942.4279902874555,23.0,0.7412220108485964,3,2.750563812032494,1.0497497497497499,-11712.769771744264,5,0.606297430532108,0.1460201257469059,-43.3818986454069,1173.878681068221,6.848371037108146,2022,2,135,6,0,26560.032297364654,-6537.994277694081,-3.823549651387903
2022-05-16,29104.163321541742,17747.80449153481,4105.700683269613,19.0,0.7295575540864886,4,2.4023366501843086,1.0502502502502504,-7949.341853262682,5,0.609802944529197,0.14106918786532294,-27.313418239990757,1531.7980695548285,7.088720188526838,2022,2,136,0,0,26916.14834160469,-8445.193980441796,7.796352867821077
2022-05-17,27874.806499932212,17208.97623022576,3210.6250158249186,22.0,0.7176769136759622,3,4.443953704030771,1.0507507507507508,-10144.794746118465,5,0.617366661550372,0.11518017231196659,-36.39413513468923,1267.0366590878277,8.682049869585978,2022,2,137,1,0,30843.13570493831,-6966.96816235418,-4.223989564749342
2022-05-18,24805.633481167795,14717.725897109016,3447.85878932226,23.0,0.7055836101071772,4,4.085518455387505,1.0512512512512513,-11759.95120526348,5,0.5933219124713173,0.13899499047020275,-47.408388962094136,1078.5058035290347,7.194503892673574,2022,2,138,2,0,30734.153869359492,-7207.034204801359,-11.010562598064599
2022-05-19,27574.206432946004,16238.405492513728,1470.7261442134727,21.0,0.6932812268869772,3,4.503614961904952,1.0517517517517518,-6934.925203781197,5,0.5888983797956876,0.05333702523007991,-25.150044555752878,1313.057449187905,18.748702157390674,2022,2,139,3,0,29538.06151654551,-8966.792254939694,11.16106530349279
2022-05-20,26329.592302409255,15255.180118166654,2126.759940108316,17.0,0.6807734094770164,2,4.140561558036461,1.0522522522522522,-4652.347755865714,5,0.5793929485482671,0.08077451088802882,-17.669653606599926,1548.7995472005443,12.380143055105828,2022,2,140,4,0,28916.90920675942,-8322.694418919831,-4.5136897540944965
2022-05-21,26011.726288715006,15194.330508239525,2877.026846506245,18.0,0.6680638642135339,1,5.0,1.052752752752753,-6459.6310660307645,5,0.5841338763752667,0.11060499463099539,-24.83353466945109,1445.0959049286114,9.041183025560809,2022,2,141,5,0,28072.578647584396,-5058.801676753086,-1.2072576363636456
2022-05-22,27627.226194512325,18050.882929361756,4032.6818835917866,23.0,0.6551563572090847,3,3.946979069555588,1.0532532532532533,-12856.33861844122,5,0.6533729735396764,0.14596767171627276,-46.53503224654131,1201.1837475874925,6.8508320249415755,2022,2,142,6,0,26999.209664569087,-11712.769771744264,6.2106600994728645
2022-05-23,27773.034441926713,17286.160455524423,3106.4340726643895,20.0,0.6420547132365636,4,3.374818099101473,1.0537537537537538,-8619.5600862621,5,0.6224080588554234,0.11185072625607147,-31.035715972216,1388.6517220963356,8.940487321562815,2022,2,143,0,0,29104.163321541742,-7949.341853262682,0.5277701293203041
2022-05-24,27176.83519470026,15630.563933716145,1795.301482980036,20.0,0.6287628145958348,4,3.774341101857074,1.0542542542542543,-6249.030221995921,5,0.575142904673619,0.06605999080165659,-22.99395855781817,1358.841759735013,15.137755665187331,2022,2,144,1,0,27874.806499932212,-10144.794746118465,-2.146683857945386
2022-05-25,28530.52196147718,16457.084198514523,4148.786653016805,22.0,0.6152845999633285,2,4.494775302676771,1.0547547547547547,-9675.348890054147,5,0.5768238036701677,0.14541572911349568,-33.91227438151363,1296.8419073398718,6.876835168357262,2022,2,145,2,0,24805.633481167795,-11759.95120526348,4.9810316656771825
2022-05-26,25455.85112624553,15514.443706606562,1293.9290436212946,22.0,0.6016240632249223,3,2.8764997397919063,1.0552552552552554,-8952.521623982328,5,0.6094647407255944,0.05083031941081813,-35.16881670773163,1157.0841421020696,19.67329758284328,2022,2,146,3,0,27574.206432946004,-6934.925203781197,-10.776777373309788
2022-05-27,26593.837241559697,16229.9347436248,3419.250929766231,21.0,0.5877852522924734,3,2.9784891339748953,1.0557557557557558,-9855.348431831335,5,0.6102893161375509,0.1285730561824592,-37.05876794804859,1266.3732019790332,7.77767931860382,2022,2,147,4,0,26329.592302409255,-4652.347755865714,4.470430431378825
2022-05-28,25630.10006049082,15652.501953953171,3642.9550035185184,20.0,0.5737722679043255,3,3.252831988321674,1.0562562562562563,-9665.356896980871,5,0.6107077973558807,0.14213580887006322,-37.710960449507425,1281.5050030245409,7.035524741792362,2022,2,148,5,0,26011.726288715006,-6459.6310660307645,-3.623911706742311
2022-05-29,23342.10112117685,13877.78277592926,1170.9333801053253,20.0,0.5595892624101764,2,1.8163337609877341,1.0567567567567568,-7706.615034857736,5,0.5945387137124003,0.050164009402007506,-33.0159440011422,1167.1050560588424,19.93461072830397,2022,2,149,6,0,27627.226194512325,-12856.33861844122,-8.926999636809663
2022-05-30,26253.486425606443,15689.364725362415,2916.1129289119262,22.0,0.5452404385406511,2,3.6104627267340375,1.0572572572572572,-9951.9912286679,5,0.5976107123836981,0.11107526374354927,-37.90731283202518,1193.3402920730202,9.002904573864452,2022,2,150,0,0,27773.034441926713,-8619.5600862621,12.472678827478267
2022-05-31,27231.0990797887,16502.599209952896,1682.2852243580642,22.0,0.5307300481619339,2,1.991097036839179,1.057757757757758,-8553.78535452226,5,0.6060203138183782,0.06177808759862652,-31.411825609606037,1237.7772308994863,16.186969180674872,2022,2,151,1,0,27176.83519470026,-6249.030221995921,3.7237441090061774
2022-06-01,29450.326769241496,17713.14256469156,2274.2888717985024,20.0,0.5160623910158538,1,3.542447450346095,1.0582582582582583,-6537.104667248566,6,0.6014582691554892,0.07722457172101108,-22.19705308694927,1472.5163384620748,12.949246304825053,2022,2,152,2,0,28530.52196147718,-9675.348890054147,8.149607487198107
2022-06-02,26913.144016575898,15038.23622357177,2255.776238946338,23.0,0.5012418134457756,2,4.1922318049082,1.0587587587587588,-8780.868445942211,6,0.5587692101045374,0.08381689770459362,-32.62669140600609,1170.1366963728651,11.930768465380634,2022,2,153,3,0,25455.85112624553,-8952.521623982328,-8.615125979910964
2022-06-03,25261.262988434904,15041.857977773345,2540.8388310298233,20.0,0.4862727071086906,1,3.1184988314849313,1.0592592592592593,-8321.433820368264,6,0.5954515411466085,0.10058241475072202,-32.94147970423323,1263.0631494217453,9.9420957677179,2022,2,154,4,0,26593.837241559697,-9855.348431831335,-6.137822571467655
2022-06-04,30069.000344493576,17615.696989565986,4537.306411978662,19.0,0.4711595076738632,3,4.841692696149497,1.0597597597597597,-7284.003057051073,6,0.5858424552777619,0.15089648342132406,-24.224294035717637,1582.5789654996618,6.627059672476663,2022,2,155,5,0,25630.10006049082,-9665.356896980871,19.032054566154287
2022-06-05,27151.0336862036,16378.225921176414,3123.705247540933,19.0,0.45590669350846025,3,2.33159928046521,1.0602602602602604,-7550.897482513748,6,0.6032266067828854,0.11504921999077326,-27.810718257664814,1429.001772958084,8.691932027702562,2022,2,156,6,0,23342.10112117685,-7706.615034857736,-9.70423567414782
2022-06-06,27930.69236345966,18251.0449193775,2601.4029344203627,19.0,0.44051878435049524,5,4.453008545305466,1.0607607607607608,-8121.755490338201,6,0.6534404762287395,0.09313778908766505,-29.078246198305813,1470.0364401820873,10.736780524806742,2022,2,157,0,0,26253.486425606443,-9951.9912286679,2.8715616733672844
2022-06-07,25720.491179792552,15616.035540612684,3381.856161121812,20.0,0.4250003399695548,2,4.040109645125536,1.0612612612612613,-9277.400521941943,6,0.6071437528720878,0.13148489807141733,-36.07007524502792,1286.0245589896276,7.605436173033652,2022,2,158,1,0,27231.0990797887,-8553.78535452226,-7.913162892297665
2022-06-08,25574.7172855655,15188.0655282531,3185.984451076385,23.0,0.40935595881562115,3,2.127173401351449,1.0617617617617618,-11199.332693763985,6,0.5938703196076119,0.12457554918405964,-43.79064123647202,1111.9442298071956,8.027257407651529,2022,2,159,2,0,29450.326769241496,-6537.104667248566,-0.5667617045415518
2022-06-09,25355.19668397215,15674.018761371915,1472.1206843208429,19.0,0.39359027665646695,3,5.0,1.0622622622622622,-6990.942761720609,6,0.6181777627968461,0.05805991973438008,-27.572031283590132,1334.4840359985342,17.22358564350291,2022,2,160,3,0,26913.144016575898,-8780.868445942211,-0.8583500616730189
2022-06-10,26679.698501993917,16249.163044800956,4070.3525660794485,21.0,0.37770796520396555,1,3.449003771596827,1.062762762762763,-10439.817108886487,6,0.6090459771719897,0.15256366430734775,-39.130191475388166,1270.4618334282818,6.554640677648158,2022,2,161,4,0,25261.262988434904,-8321.433820368264,5.2237883796777185
2022-06-11,27981.358072156054,16998.862088519552,1517.2847838452442,19.0,0.36171373072976704,4,2.7980127822754945,1.0632632632632633,-5734.788800208742,6,0.6075066851538895,0.05422484426712218,-20.495033820089557,1472.703056429266,18.44173115691775,2022,2,162,5,0,30069.000344493576,-7284.003057051073,4.878839129553336
2022-06-12,28775.555573134974,17568.758640488817,4083.9983346831386,20.0,0.34561231267073333,1,2.3743302441727865,1.0637637637637638,-8877.201402036982,6,0.6105445504201181,0.14192595949375808,-30.849800204465172,1438.7777786567488,7.045927352310627,2022,2,163,6,0,27151.0336862036,-7550.897482513748,2.8383093448534957
2022-06-13,25862.128714770763,16545.549011277228,1679.8629514234306,18.0,0.3294084822245307,5,3.3239855778722607,1.0642642642642643,-6763.283247929896,6,0.6397597503962421,0.0649545507235838,-26.151301474526917,1436.7849285983757,15.395380136728718,2022,2,164,0,0,27930.69236345966,-8121.755490338201,-10.12465893476685
2022-06-14,23949.855086203854,13804.468834059353,1852.4338171411882,20.0,0.3131070409358276,4,3.3980745020880323,1.0647647647647647,-7707.047564996687,6,0.5763904952398363,0.07734634762814367,-32.1799340215477,1197.4927543101926,12.928858707170996,2022,2,165,1,0,25720.491179792552,-9277.400521941943,-7.394107614485512
2022-06-15,27039.769222636605,16460.67757198769,2587.6960597241346,21.0,0.29671281927349014,3,3.5821164228317315,1.0652652652652654,-8808.604409075218,6,0.6087580643331628,0.09569963554118723,-32.57647776705509,1287.6080582207908,10.449360588939964,2022,2,166,2,0,25574.7172855655,-11199.332693763985,12.901598466091247
2022-06-16,22300.258368879644,12916.964456337017,2450.0869514827054,22.0,0.2802306751992165,3,3.261763075020832,1.0657657657657658,-10666.793038940079,6,0.5792293632957562,0.10986809708455395,-47.832598450185465,1013.6481076763474,9.101823245654332,2022,2,167,3,0,25355.19668397215,-6990.942761720609,-17.527926421018535
2022-06-17,26678.3396659988,16284.760122770404,2344.271164481967,21.0,0.26366549272800816,4,4.0065802480920745,1.0662662662662663,-8750.69162125357,6,0.6104113047006865,0.08787170393027532,-32.80073546858021,1270.3971269523238,11.380227710088365,2022,2,168,4,0,26679.698501993917,-10439.817108886487,19.63242409437209
2022-06-18,25020.31917165431,14552.848247249538,1355.360921935909,19.0,0.24702218048093705,3,3.1898961338694027,1.0667667667667668,-6087.889997531136,6,0.5816411912017716,0.05417040896390348,-24.331783922357584,1316.8589037712795,18.46026306846513,2022,2,169,5,0,27981.358072156054,-5734.788800208742,-6.214856378253608
2022-06-19,24953.87685513123,14763.642706276196,3109.6666575299005,23.0,0.23030567023061246,3,1.9520287062076231,1.0672672672672672,-11319.432508674865,6,0.5916372350471213,0.12461657463419212,-45.361418485750306,1084.9511676144014,8.024614726696408,2022,2,170,6,0,28775.555573134974,-8877.201402036982,-0.2655534330607279
2022-06-20,23783.92457996982,14122.809790862937,3012.4616367305835,21.0,0.21352091543979507,1,3.380510803480287,1.067767767767768,-10151.346847623703,6,0.5937964419361129,0.12665956901274392,-42.68154657777924,1132.56783714142,7.895179241446689,2022,2,171,0,0,25862.128714770763,-6763.283247929896,-4.688458959517694
2022-06-21,26183.59964851966,16198.068148784148,2083.8199827943827,21.0,0.19667288979357758,1,1.6060178773013774,1.0682682682682683,-8898.288483058872,6,0.6186341208321957,0.07958493143673603,-33.98420615387752,1246.8380785009363,12.565192706045416,2022,2,172,1,0,23949.855086203854,-7707.047564996687,10.089483173734838
2022-06-22,24958.129587825482,15434.104974666496,2098.7234968334596,21.0,0.1797665857255622,3,3.7830165047131117,1.0687687687687688,-9374.698883674473,6,0.6183999053436767,0.08408977481458435,-37.56170449666801,1188.482361325023,11.89205230011583,2022,2,173,2,0,27039.769222636605,-8808.604409075218,-4.6802963578136625
2022-06-23,25078.119572161213,14424.013055073536,2185.146258176193,20.0,0.16280701293851738,3,2.7165598157738917,1.0692692692692694,-7531.039741088516,6,0.5751632618852883,0.08713357681737374,-30.030320732055976,1253.9059786080607,11.476632046173593,2022,2,174,3,0,22300.258368879644,-10666.793038940079,0.48076513071020344
2022-06-24,21221.04432877218,12760.093652763231,1433.8428631406646,22.0,0.14579919691987403,4,3.63068828393264,1.0697697697697697,-10572.892187131716,6,0.6012943309987192,0.0675670264350098,-49.822676129075546,964.592924035099,14.800118530624738,2022,2,175,4,0,26678.3396659988,-8750.69162125357,-15.380241059503941
2022-06-25,26581.09343200147,15593.866131826297,4019.831180789425,22.0,0.1287481774525807,2,4.551259985219684,1.0702702702702704,-10632.60388061425,6,0.5866525457922868,0.15122896246058395,-40.00062641446293,1208.2315196364304,6.612489986900744,2022,2,176,5,0,25020.31917165431,-6087.889997531136,25.25817777950712
2022-06-26,27671.17051422519,15973.449853197446,3549.6017658953433,18.0,0.11165900712169492,4,2.7410010437856,1.0707707707707708,-6251.881104867601,6,0.5772596372454074,0.1282779766786723,-22.593482634403323,1537.2872507902882,7.795570415839444,2022,2,177,6,0,24953.87685513123,-11319.432508674865,4.1009489884692
2022-06-27,28794.93800920123,17168.45428030855,3337.2992878164273,20.0,0.09453674981720026,2,4.349005006809694,1.0712712712712713,-7710.8155589237485,6,0.5962316805412982,0.11589881828361692,-26.77837179736178,1439.7469004600614,8.628215669575612,2022,2,178,0,0,23783.92457996982,-10151.346847623703,4.061149109678364
2022-06-28,26309.37955895691,15631.386341146235,1898.3530863903175,21.0,0.07738647923346281,3,3.1532883466510775,1.0717717717717719,-8020.359868579644,6,0.5941373990259912,0.07215499256211201,-30.484792887672445,1252.8275980455671,13.859054855271259,2022,2,179,1,0,26183.59964851966,-8898.288483058872,-8.631928464128237
2022-06-29,22923.6297650765,14967.53610221866,3205.995251556407,22.0,0.060213277365793266,3,4.902555841652468,1.0722722722722722,-12849.901588698567,6,0.6529304589023366,0.1398554803236549,-56.05526576892734,1041.983171139841,7.15023821509025,2022,2,180,2,0,24958.129587825482,-9374.698883674473,-12.868983802119892
2022-06-30,25832.34951638739,15715.889622512781,2784.331581269213,24.0,0.04302223300453128,3,3.207877909441429,1.072772772772773,-11867.871687394605,6,0.6083801867322606,0.10778468212900665,-45.941898083509315,1076.3478965161412,9.277756173211216,2022,2,181,3,1,25078.119572161213,-7531.039741088516,12.688739877234623
2022-07-01,24693.18651529505,14127.10315879991,3416.060864816194,20.0,0.02581844022713244,2,2.827605611594647,1.0732732732732733,-8849.977508321055,7,0.5721053113193606,0.138340220396435,-35.839754836174535,1234.6593257647523,7.228555781784555,2022,3,182,4,0,21221.04432877218,-10572.892187131716,-4.40983117067878
2022-07-02,25981.738197226536,15306.655916250449,2746.05499137359,20.0,0.0086069968886885,3,4.049790760316231,1.0737737737737738,-8070.972710397504,7,0.58913132755238,0.10569173511519418,-31.064021387372204,1299.0869098613268,9.461477748568445,2022,3,183,5,0,26581.09343200147,-10632.60388061425,5.2182478803752375
2022-07-03,27099.8958052877,16770.62913088732,2982.4004249106533,20.0,-0.008606996888687764,4,3.1513682163010914,1.0742742742742744,-8653.133750510273,7,0.6188447827026351,0.11005209932684432,-31.930505610364317,1354.9947902643848,9.086605399776108,2022,3,184,6,0,27671.17051422519,-6251.881104867601,4.30362895497316
2022-07-04,26973.450059466108,17228.291422114627,3114.1790228985365,20.0,-0.025818440227131704,3,2.826840388696793,1.074774774774775,-9369.020385547057,7,0.6387129337972286,0.11545349282472085,-34.734230752432346,1348.6725029733054,8.661496292002008,2022,3,185,0,0,28794.93800920123,-7710.8155589237485,-0.46659126193732137
2022-07-05,25497.681723952504,14505.617378252524,1711.8268550718649,21.0,-0.04302223300453054,3,3.117728119436967,1.0752752752752754,-7519.762509371885,7,0.5688994605586419,0.0671365684772736,-29.491945937609792,1214.1753201882145,14.895012102659225,2022,3,186,1,0,26309.37955895691,-8020.359868579644,-5.471188640163193
2022-07-06,25111.02947604523,14126.655493057615,3565.8469986355744,23.0,-0.06021327736579253,4,3.464314774253599,1.0757757757757758,-10981.473015647958,7,0.5625677555965516,0.14200321822875597,-43.73167187798405,1091.7838902628362,7.042093922048154,2022,3,187,2,0,22923.6297650765,-12849.901588698567,-1.5164211872017108
2022-07-07,25120.828067228358,16007.979428022905,2897.7186992455863,19.0,-0.07738647923346208,4,4.573744104995884,1.0762762762762763,-8984.870060040133,7,0.6372393212987387,0.1153512412684292,-35.766615797834476,1322.1488456435977,8.669174158888682,2022,3,188,3,0,25832.34951638739,-11867.871687394605,0.03902106519557691
2022-07-08,24429.35564387934,14852.420475013054,2757.231807436931,22.0,-0.09453674981719774,3,1.9527298036323382,1.0767767767767769,-10780.296638570646,7,0.6079743031918347,0.11286551506436243,-44.12845265229744,1110.42525653997,8.860102214832779,2022,3,189,4,0,24693.18651529505,-8849.977508321055,-2.7525861070283986
2022-07-09,25359.150534206554,14781.343954585749,2411.5982440323196,18.0,-0.11165900712169419,2,3.5184645271603365,1.0772772772772774,-6233.791664411515,7,0.5828800903503226,0.09509775340381979,-24.582020821252875,1408.8416963448085,10.515495521262578,2022,3,190,5,0,25981.738197226536,-8070.972710397504,3.8060557301689224
2022-07-10,25613.079932746325,15635.162502709012,3190.671110370515,21.0,-0.1287481774525817,4,3.9999228757232346,1.077777777777778,-10012.753680333202,7,0.6104366418940291,0.12457194209944435,-39.092345421262266,1219.6704729879202,8.027489843593443,2022,3,191,6,0,27099.8958052877,-8653.133750510273,1.0013324310577776
2022-07-11,26334.686161124046,14482.937827165988,2625.8755972016415,21.0,-0.14579919691987506,3,3.654758859993437,1.0782782782782783,-7574.127263243583,7,0.5499567277375069,0.09971167232203541,-28.76103104818735,1254.0326743392402,10.02891614103446,2022,3,192,0,0,26973.450059466108,-9369.020385547057,2.817334854974418
2022-07-12,23766.569790714042,14261.629627727005,1635.8199719723077,25.0,-0.16280701293851665,2,4.547892135546827,1.0787787787787788,-12130.879808985272,7,0.6000710137522344,0.06882861037066641,-51.04177807655268,950.6627916285616,14.5288419251042,2022,3,193,1,0,25497.681723952504,-7519.762509371885,-9.751839663846551
2022-07-13,27835.114629985055,16864.979364412575,1543.4058892652054,21.0,-0.17976658572556148,2,3.4405237361931804,1.0792792792792794,-7373.270623692724,7,0.6058886262406468,0.05544815998719076,-26.489097392650766,1325.4816490469075,18.034863559602574,2022,3,194,2,0,25111.02947604523,-10981.473015647958,17.118771766806052
2022-07-14,24500.34217823304,15162.340376708738,2231.0650930694173,17.0,-0.19667288979357686,4,3.352358846251244,1.07977977977978,-6493.063291545115,7,0.6188623924681138,0.09106260952761605,-26.501929011072257,1441.1965987195906,10.981455563237901,2022,3,195,3,0,25120.828067228358,-8984.870060040133,-11.980451656411251
2022-07-15,25407.054045522935,14737.284451167492,2928.550103484006,18.0,-0.2135209154397961,1,3.9738636376106746,1.0802802802802804,-6658.780509128563,7,0.5800469595869735,0.11526523689983081,-26.208392744777626,1411.5030025290519,8.675642603927775,2022,3,196,4,0,24429.35564387934,-10780.296638570646,3.700813077196319
2022-07-16,25710.447971364643,15469.112363520464,2462.9824979973964,22.0,-0.23030567023061174,5,3.5794510519610796,1.0807807807807808,-9821.646890153217,7,0.6016663879505093,0.09579694996915558,-38.20099479049221,1168.65672597112,10.438745704555073,2022,3,197,5,0,25359.150534206554,-6233.791664411515,1.1941326424468768
2022-07-17,22195.348706769015,12854.496911031616,1002.2310340935711,23.0,-0.2470221804809346,2,3.187673009375623,1.0812812812812813,-10061.379238356172,7,0.5791527351454191,0.04515500284921931,-45.331025753552176,965.0151611638702,22.145940358794352,2022,3,198,6,0,25613.079932746325,-10012.753680333202,-13.671870939435271
2022-07-18,26164.14268051317,15826.17748614506,3066.352784290575,23.0,-0.26366549272800743,4,3.912915231669104,1.0817817817817819,-11128.387589922464,7,0.6048804151313646,0.11719676129783409,-42.532972418816506,1137.5714208918769,8.532658999498146,2022,3,199,0,0,26334.686161124046,-7574.127263243583,17.88119675963358
2022-07-19,27129.448861676065,15829.996155824127,1499.073311046152,22.0,-0.28023067519921585,3,2.9779773654266837,1.0822822822822824,-7799.620605194214,7,0.5834986267703393,0.05525631275037774,-28.74964635279491,1233.156766439821,18.097479730823405,2022,3,200,1,0,23766.569790714042,-12130.879808985272,3.6894240829906666
2022-07-20,24279.32782600289,14363.546276021623,1784.8407572530764,24.0,-0.2967128192734894,3,3.0110582783845383,1.082782782782783,-11069.05920727181,7,0.5915957138087828,0.07351277473759105,-45.590468099437956,1011.638659416787,13.603077880947488,2022,3,201,2,0,27835.114629985055,-7373.270623692724,-10.505635592543673
2022-07-21,23462.597256819477,13579.650656696573,1677.6945681695997,21.0,-0.31310704093582686,4,3.077604782587509,1.0832832832832833,-8594.747968046695,7,0.5787786623984948,0.071505066118883,-36.63169884377828,1117.2665360390226,13.985023079867075,2022,3,202,3,0,24500.34217823304,-6493.063291545115,-3.3638928352402786
2022-07-22,24925.160277094583,15280.664287168578,1920.7869784848535,24.0,-0.32940848222452995,3,4.5824553281331255,1.0837837837837838,-11476.290988558849,7,0.6130618265757358,0.07706217160216196,-46.04299776200512,1038.548344878941,12.976535428596009,2022,3,203,4,0,25407.054045522935,-6658.780509128563,6.233593852658426
2022-07-23,21082.67069979726,13078.82797820669,1548.7335501157236,19.0,-0.3456123126707326,3,1.0,1.0842842842842844,-8744.890828525151,7,0.6203591643791344,0.07346002658622452,-41.47904671588522,1109.6142473577506,13.612845604217675,2022,3,204,5,0,25710.447971364643,-9821.646890153217,-15.416107798626456
2022-07-24,23814.042978532183,14171.115502140603,2014.3875440186168,20.0,-0.36171373072976637,1,3.816479067810354,1.084784784784785,-8371.460067627037,7,0.5950739030292144,0.08458822157306684,-35.153459978105005,1190.7021489266092,11.8219768828714,2022,3,205,6,0,22195.348706769015,-10061.379238356172,12.955532615520049
2022-07-25,26060.995815160477,15655.7164865763,1613.7849657453582,19.0,-0.3777079652039649,1,3.527417451360178,1.0852852852852855,-6408.505637161183,7,0.6007336249779409,0.0619233807177303,-24.590409678179523,1371.6313586926567,16.148989096030952,2022,3,206,0,0,26164.14268051317,-11128.387589922464,9.435411024721297
2022-07-26,24280.946887098955,13844.2724249426,2383.9935936215315,22.0,-0.39359027665646623,2,2.1553036326095034,1.0857857857857858,-9547.319131465176,7,0.570170203382735,0.09818371601019416,-39.3202092812035,1103.6794039590434,10.18498831207583,2022,3,207,1,0,27129.448861676065,-7799.620605194214,-6.830318153176684
2022-07-27,25489.826936830425,15144.057838094861,2671.045844681531,22.0,-0.4093559588156221,4,3.7477814233088016,1.0862862862862863,-9925.276745945968,7,0.5941216421604303,0.10478870065697145,-38.93818804867941,1158.6284971286557,9.54301364298357,2022,3,208,2,0,24279.32782600289,-11069.05920727181,4.978718726878717
2022-07-28,22544.875880139174,13501.823219562631,1969.4410856911713,22.0,-0.4250003399695525,2,3.880601593465226,1.0867867867867869,-10526.388425114628,7,0.5988865625761557,0.08735648384856017,-46.69082447416715,1024.7670854608716,11.447347191006273,2022,3,209,3,0,23462.597256819477,-8594.747968046695,-11.553436843606303
2022-07-29,26085.65712958964,16961.79082326877,2385.7805659100495,22.0,-0.4405187843504946,2,3.97171138508592,1.0872872872872874,-10861.914259589179,7,0.6502343697536593,0.09145947729274555,-41.63941205555534,1185.71168770862,10.93380401463675,2022,3,210,4,0,24925.160277094583,-11476.290988558849,15.70548122897275
2022-07-30,22867.96750688015,13164.796991241008,3421.0003072787176,20.0,-0.45590669350845797,3,1.3785375495640406,1.087787787787788,-9717.829791639575,7,0.5756872353120229,0.14959791709733108,-42.49538044304037,1143.3983753440075,6.6845850490644345,2022,3,211,5,0,21082.67069979726,-8744.890828525151,-12.335091298350232
2022-07-31,22424.387471679067,14186.721102383657,1268.1168620819253,22.0,-0.47115950767386416,3,4.593111529483551,1.0882882882882883,-10630.450492786516,7,0.6326469840168794,0.05655079157383882,-47.40575637221872,1019.2903396217757,17.683218433720633,2022,3,212,6,0,23814.042978532183,-8371.460067627037,-1.9397440330787052
2022-08-01,26991.069151555348,16693.070877666112,3343.86483742944,19.0,-0.48627270710868997,4,2.909810636252127,1.0887887887887888,-8245.866563540203,8,0.6184664558463473,0.12388782447459111,-30.55035173760443,1420.5825869239657,8.071818229442684,2022,3,213,0,0,26060.995815160477,-6408.505637161183,20.364800089383863
2022-08-02,22311.61829794183,13527.289181010165,1096.316076081286,25.0,-0.5012418134457749,2,4.049254197402541,1.0892892892892894,-12311.98695914962,8,0.6062890194862293,0.04913655573708059,-55.181954059716766,892.4647319176732,20.351446799624913,2022,3,214,1,0,24280.946887098955,-9547.319131465176,-17.337034066113933
2022-08-03,24265.551520110526,15438.641154163883,1395.6628591836031,22.0,-0.5160623910158532,1,4.092859024545829,1.08978978978979,-10168.75249323696,8,0.6362369774026699,0.05751622245333767,-41.90612558222473,1102.9796145504786,17.38639912958974,2022,3,215,2,0,25489.826936830425,-9925.276745945968,8.757469745477575
2022-08-04,25107.588905484277,15250.606079593996,2494.4725505312103,21.0,-0.5307300481619333,5,2.7986423315045657,1.0902902902902905,-9437.48972464093,8,0.6074102191573955,0.09935133795289838,-37.588195983961995,1195.5994716897276,10.065289714307536,2022,3,216,3,0,22544.875880139174,-10526.388425114628,3.470093744524605
2022-08-05,25897.14651954262,15732.867509559537,2827.6647849612723,26.0,-0.5452404385406505,2,4.028367961881241,1.0907907907907908,-13463.38577497819,8,0.6075135535757629,0.10918827612252366,-51.987912123130585,996.0440969054854,9.158492427134465,2022,3,217,4,0,26085.65712958964,-10861.914259589179,3.144697075575742
2022-08-06,23459.881133343064,14049.368353497066,2710.1837331188317,20.0,-0.5595892624101757,4,3.1916054072701137,1.0912912912912913,-9299.670953272835,8,0.5988678405334704,0.11552418862288698,-39.640741998711135,1172.9940566671532,8.656195831544546,2022,3,218,5,0,22867.96750688015,-9717.829791639575,-9.411327940552583
2022-08-07,26357.92742747267,16426.540897692914,2624.5232174031808,20.0,-0.5737722679043249,4,1.842898256529474,1.0917917917917919,-8693.136687623424,8,0.6232106429040264,0.09957244265979956,-32.9811086685163,1317.8963713736334,10.042939324252718,2022,3,219,6,0,22424.387471679067,-10630.450492786516,12.353201099602629
2022-08-08,25209.546181849422,15673.962326015095,3352.4305543699465,20.0,-0.5877852522924728,4,4.434193540422223,1.0922922922922924,-9816.846698535619,8,0.6217471037737349,0.13298258247836517,-38.940989368557666,1260.4773090924712,7.5197817741484245,2022,3,220,0,0,26991.069151555348,-8245.866563540203,-4.356872325349448
2022-08-09,25631.560888458418,15066.097889326944,1446.9920459623136,22.0,-0.6016240632249218,2,2.879964029587008,1.092792792792793,-8481.52904683084,8,0.5877947876405384,0.05645352822090038,-33.090177706071614,1165.0709494753826,17.713684715808025,2022,3,221,1,0,22311.61829794183,-12311.98695914962,1.6740273845661013
2022-08-10,24263.532025605877,13898.495618064142,1749.3120737762658,23.0,-0.6152845999633265,4,2.8164052298095568,1.0932932932932933,-9784.275666234531,8,0.5728141971826992,0.07209634903649541,-40.32502628186595,1054.9361750263424,13.870327878791707,2022,3,222,2,0,24265.551520110526,-10168.75249323696,-5.337282691467093
2022-08-11,23109.520528241905,13764.221998247314,1451.1119758020002,24.0,-0.6287628145958343,4,3.1775473055706223,1.0937937937937938,-11305.81344580741,8,0.5956082897274395,0.06279282056192431,-48.92275212716201,962.8966886767461,15.925387505309327,2022,3,223,3,0,25107.588905484277,-9437.48972464093,-4.75615626012782
2022-08-12,23736.95942279286,13842.156371476893,915.141070716986,28.0,-0.6420547132365644,3,3.7177893802619106,1.0942942942942944,-13420.338019401017,8,0.5831478297167785,0.038553424405243876,-56.537729960958906,847.7485508140308,25.93803314301658,2022,3,224,4,0,25897.14651954262,-13463.38577497819,2.715066692033563
2022-08-13,23733.13394646947,14208.118080574002,3083.8811976217607,18.0,-0.6551563572090842,3,3.454183671342318,1.094794794794795,-7958.865331726294,8,0.5986616901341677,0.12993990614882606,-33.53482666755122,1318.507441470526,7.695865185978006,2022,3,225,5,0,23459.881133343064,-9299.670953272835,-0.016116117718600886
2022-08-14,22713.121147424772,14246.591755796933,2690.5359561743444,24.0,-0.6680638642135334,2,3.9384535397657365,1.0952952952952955,-13424.006564546506,8,0.6272406008547275,0.11845734184706706,-59.10243016543117,946.3800478093655,8.441857502517978,2022,3,226,6,0,26357.92742747267,-8693.136687623424,-4.297842844292521
2022-08-15,19475.81037119723,11456.835395174941,829.6215656068961,22.0,-0.6807734094770158,2,2.428408506777073,1.0957957957957958,-10410.646589584609,8,0.5882597528325935,0.04259753765285285,-53.45424088222235,885.2641077816922,23.475535326700456,2022,3,227,0,0,25209.546181849422,-9816.846698535619,-14.25304235034467
2022-08-16,25254.476182468978,15131.274018825598,3698.862115512198,22.0,-0.6932812268869779,3,2.906090903655412,1.0962962962962963,-11175.659951868818,8,0.5991521625512608,0.14646362445956632,-44.252194625310345,1147.9307355667718,6.827633848949754,2022,3,228,1,0,25631.560888458418,-8481.52904683084,29.670990326635227
2022-08-17,25816.39142584763,15518.846222912773,3517.843618933453,22.0,-0.705583610107178,3,3.407202342142773,1.0967967967967969,-10820.298415998597,8,0.6011237576517046,0.1362639557522107,-41.9125130135934,1173.4723375385286,7.338697856522313,2022,3,229,2,0,24263.532025605877,-9784.275666234531,2.225012466379006
2022-08-18,21456.92688539,13298.371572336642,1509.2309634779103,21.0,-0.7176769136759616,3,5.0,1.0972972972972974,-10150.675650424553,8,0.6197705591004968,0.07033770360216608,-47.307220202796785,1021.7584231138095,14.217126075881792,2022,3,230,3,0,23109.520528241905,-11305.81344580741,-16.8864209894683
2022-08-19,22227.056499930175,12212.789232965803,1342.2929847425087,26.0,-0.7295575540864868,3,3.4089499692689937,1.097797797797798,-12128.025717778137,8,0.5494559854564715,0.06039004691182233,-54.56424568775553,854.8867884588528,16.559020089190124,2022,3,231,4,0,23736.95942279286,-13420.338019401017,3.589188790425335
2022-08-20,24841.517763079668,14601.560510465151,1481.8594765767741,25.0,-0.7412220108485958,3,4.368177810929305,1.0982982982982983,-11241.902223962257,8,0.5877885823935646,0.05965253374248998,-45.254490209412104,993.6607105231867,16.7637472754608,2022,3,232,5,0,23733.13394646947,-7958.865331726294,11.76251683689069
2022-08-21,26411.598115712048,15952.600715566965,1534.551791891696,23.0,-0.7526668275320081,3,3.530844135027454,1.0987987987987988,-9475.554391746613,8,0.6039998278664134,0.05810143654195629,-35.87649013222597,1148.3303528570455,17.211278404069727,2022,3,233,6,0,22713.121147424772,-13424.006564546506,6.32038818081353
2022-08-22,23764.470495460977,14858.721775490016,1275.3171576183981,26.0,-0.7638886127905421,5,3.1130730900499453,1.0992992992992994,-13169.568437647436,8,0.6252494360574135,0.05366486738519944,-55.41704975148859,914.0180959792683,18.634165120024058,2022,3,234,0,0,19475.81037119723,-10410.646589584609,-10.022595409235446
2022-08-23,23279.578252885454,13721.79572797817,1941.3672667466149,20.0,-0.7748840413670409,2,3.3026204607084475,1.0997997997998,-8383.58474183933,8,0.5894348934898501,0.08339357550457284,-36.01261436426668,1163.9789126442727,11.991331393929327,2022,3,235,1,0,25254.476182468978,-11175.659951868818,-2.040408359479906
2022-08-24,24382.705074831287,13691.346691877834,1862.3287631779917,20.0,-0.7856498550787143,3,3.365264230376895,1.1003003003003005,-7170.9703802245385,8,0.5615187752900535,0.07637908744999565,-29.410068973957586,1219.1352537415644,13.092588997671468,2022,3,236,2,0,25816.39142584763,-10820.298415998597,4.738603122284246
2022-08-25,25358.456200454755,15524.92944325592,2351.6996725023987,19.0,-0.7961828637826153,2,3.982916591168591,1.1008008008008008,-7718.172915303563,8,0.6122190294446044,0.09273828240617524,-30.436288606422156,1334.6555894976186,10.78303343618333,2022,3,237,3,0,21456.92688539,-10150.675650424553,4.001816544263059
2022-08-26,23743.735064871333,13928.559844509984,3691.1070801819315,22.0,-0.806479946320944,3,4.599689014061243,1.1013013013013013,-11475.931859820583,8,0.5866204203532063,0.1554560421979647,-48.33246255682465,1079.2606847668787,6.432686602985526,2022,3,238,4,0,22227.056499930175,-12128.025717778137,-6.36758453598002
2022-08-27,23886.558573181283,13737.101814363588,3074.896743391415,23.0,-0.8165380514459161,4,3.787744678149057,1.1018018018018019,-11325.43998457372,8,0.5750975709739522,0.12872916514829247,-47.41344363138773,1038.5460249209252,7.768247380832675,2022,3,239,5,0,24841.517763079668,-11241.902223962257,0.6015208134682037
2022-08-28,23592.03450759865,13843.04800970258,3515.7422527860767,23.0,-0.8263541987239093,5,4.449662142993405,1.1023023023023024,-12166.755754890004,8,0.5867678773207938,0.149022427533908,-51.57145625135156,1025.7406307651588,6.710399344236047,2022,3,240,6,0,26411.598115712048,-9475.554391746613,-1.2330117152719922
2022-08-29,24042.145777880956,14333.02478790065,1385.026187198844,23.0,-0.8359254794186364,2,2.7281682098962516,1.102802802802803,-10075.905197218537,8,0.5961624607187597,0.0576082600943666,-41.909342411892716,1045.310685994824,17.35862180808665,2022,3,241,0,0,23764.470495460977,-13169.568437647436,1.907895099667356
2022-08-30,23521.719435142637,13810.659328816477,2326.842882296933,20.0,-0.8452490573530623,5,3.1682955929487755,1.1033033033033033,-8615.782775970772,8,0.5871449732617189,0.09892316285434952,-36.629051714214214,1176.0859717571318,10.108855915498372,2022,3,242,1,0,23279.578252885454,-8383.58474183933,-2.164641823348057
2022-08-31,25384.833922312235,14128.117324837805,2270.1639039377656,25.0,-0.8543221697498268,1,2.9205579726338664,1.1038038038038038,-11013.447306463337,8,0.5565574062085853,0.08942992933833552,-43.38593405877265,1015.3933568924894,11.18193883634586,2022,3,243,2,0,24382.705074831287,-7170.9703802245385,7.920826078666732
2022-09-01,22992.73684692141,14244.17520659641,1055.9232193810724,24.0,-0.863142128049911,3,3.751555672699882,1.1043043043043044,-11507.361579056073,9,0.6195075993532114,0.04592420756220042,-50.04781142701087,958.0307019550587,21.775008281756094,2022,3,244,3,0,25358.456200454755,-7718.172915303563,-9.42333159520209
2022-09-02,24737.72077440848,15480.06998528445,957.9847984161504,25.0,-0.871706318709322,1,3.212833291856469,1.104804804804805,-11700.334009292119,9,0.6257678355436367,0.0387256694807227,-47.29754255046924,989.5088309763393,25.82266526077209,2022,3,245,4,0,23743.735064871333,-11475.931859820583,7.589283255423829
2022-09-03,23994.28755833787,14722.333530672475,3132.3906150692783,20.0,-0.8800122039735355,4,4.083818349627356,1.1053053053053055,-9860.436587403883,9,0.6135766063017175,0.13054734829919096,-41.09493379801327,1199.7143779168935,7.660056010545541,2022,3,246,5,0,23886.558573181283,-11325.43998457372,-3.0052615713881847
2022-09-04,21509.136644900733,12336.639151728032,2738.791755311682,24.0,-0.8880573226294929,3,2.755198630694047,1.1058058058058058,-12766.294262138981,9,0.5735534324504249,0.12733155219230893,-59.352890229397204,896.2140268708639,7.853512996446469,2022,3,247,6,0,23592.03450759865,-12166.755754890004,-10.357260691299675
2022-09-05,25437.698271148445,15161.873195715307,2463.0286648643455,21.0,-0.8958392907349091,4,3.534424778657025,1.1063063063063063,-8987.203589431207,9,0.5960395093180256,0.09682592499565591,-35.330254701639156,1211.318965292783,10.327812515551646,2022,3,248,0,0,24042.145777880956,-10075.905197218537,18.26461792077123
2022-09-06,22863.376150258635,13714.765032540452,2584.2394360830913,23.0,-0.9033558023246845,4,4.049486328809805,1.1068068068068069,-11835.628318364908,9,0.5998573851213705,0.1130296513996625,-51.766756757973475,994.0598326199406,8.847235991767253,2022,3,249,1,0,23521.719435142637,-8615.782775970772,-10.120106361233239
2022-09-07,25558.672427629477,15634.60065135864,2075.9659431063474,25.0,-0.9106046300942161,2,1.8477577799675116,1.1073073073073074,-12151.894166835511,9,0.611714113697756,0.08122354355393606,-47.54509140192685,1022.3468971051791,12.311701216728563,2022,3,250,2,0,25384.833922312235,-11013.447306463337,11.788706355777446
2022-09-08,28758.90603778791,17589.513867031787,1611.5597207603942,24.0,-0.9175836260593934,1,5.0,1.107807807807808,-9642.16755000427,9,0.6116197133479262,0.05603689231582304,-33.527588070752394,1198.2877515744963,17.845386470827393,2022,3,251,3,0,22992.73684692141,-11507.361579056073,12.521126123510662
2022-09-09,24395.405664285794,14270.156499182229,2000.370592895151,22.0,-0.9242907221930933,4,3.2734784920960993,1.1083083083083083,-9475.121427791586,9,0.5849526216353659,0.08199784092230279,-38.83977810487039,1108.8820756493542,12.195443059867294,2022,3,252,4,0,24737.72077440848,-11700.334009292119,-15.172692479222516
2022-09-10,23307.401577508885,14025.43872471211,1832.1674339204808,24.0,-0.9307239310379792,3,1.8799680690590614,1.1088088088088088,-11750.204581123708,9,0.6017590025241741,0.07860882423240526,-50.414047838187116,971.1417323962036,12.721218129958567,2022,3,253,5,0,23994.28755833787,-9860.436587403883,-4.459872902911865
2022-09-11,23595.28761285542,14385.812770020872,1377.4318158679982,20.0,-0.9368813462954312,2,3.626475118861429,1.1093093093093094,-8167.95697303345,9,0.6096900790555759,0.058377411560668245,-34.61689938707635,1179.764380642771,17.12991332205194,2022,3,254,6,0,21509.136644900733,-12766.294262138981,1.235170014079734
2022-09-12,25748.16702772185,16176.811377706494,3635.305237924818,26.0,-0.9427611433904208,3,3.526754774378521,1.10980980980981,-14863.949587909461,9,0.6282704069881819,0.14118695260951408,-57.72818535745142,990.3141164508404,7.082807451519522,2022,3,255,0,0,25437.698271148445,-8987.203589431207,9.124192297166477
2022-09-13,23381.130000102574,14380.931269973906,2732.6998203770863,23.0,-0.9483615800121715,3,3.4344844963420056,1.1103103103103105,-12132.501090248417,9,0.6150657076843941,0.11687629384743585,-51.89013999834564,1016.5708695696771,8.556055014076227,2022,3,256,1,0,22863.376150258635,-11835.628318364908,-9.193031197408342
2022-09-14,22061.417431044116,13631.37880231423,2973.4406667392977,26.0,-0.9536809966304454,1,4.292952890341333,1.1108108108108108,-15343.402038009412,9,0.6178831820267628,0.13478012806897746,-69.54857767397425,848.5160550401583,7.419491391848376,2022,3,257,2,0,25558.672427629477,-12151.894166835511,-5.644348964539647
2022-09-15,26725.02626479766,16076.929072843275,1978.5581869610319,23.0,-0.9587178169872961,2,4.097955977141645,1.1113113113113113,-9730.460995006648,9,0.601568317035478,0.07403390991488748,-36.40954698639028,1161.9576636868549,13.507323889142723,2022,3,258,3,0,28758.90603778791,-9642.16755000427,21.13920761587631
2022-09-16,23914.438993653777,15053.892968794018,2117.588552658449,23.0,-0.9634705485641488,1,3.7383009528190763,1.1118118118118119,-11657.04252779869,9,0.6294896975333145,0.08854853560313071,-48.7447877447267,1039.7582171153815,11.293241533456191,2022,3,259,4,0,24395.405664285794,-9475.121427791586,-10.516686656529139
2022-09-17,27925.427361310387,16960.13781476598,1740.3595561444731,22.0,-0.9679377830240641,3,3.8601245071573183,1.1123123123123124,-8375.070009600067,9,0.6073367327679148,0.06232168029613308,-29.990839177642837,1269.3376073322904,16.045780461122256,2022,3,260,5,0,23307.401577508885,-11750.204581123708,16.772245289638676
2022-09-18,25053.5037262986,14601.558280692374,746.1898609525795,26.0,-0.9721181966290611,4,3.4165132404495306,1.112812812812813,-11094.244415346353,9,0.5828150202147236,0.029783852554295862,-44.282207137761546,963.5962971653308,33.5752400794022,2022,3,261,6,0,23595.28761285542,-8167.95697303345,-10.284260283123636
2022-09-19,22382.074421180674,14130.929637771,1579.9515537794887,22.0,-0.976010550632368,5,4.920392679392039,1.1133133133133133,-10928.806770369814,9,0.6313503106038543,0.07059004112167298,-48.82839081272839,1017.3670191445761,14.16630425638007,2022,3,262,0,0,25748.16702772185,-14863.949587909461,-10.662897031498764
2022-09-20,25668.840718373263,15750.25606729347,3513.2397427331534,25.0,-0.97961369164549,3,2.3166431853137865,1.1138138138138138,-13594.65509165336,9,0.6135943668083047,0.13686787733341008,-52.961702637090916,1026.7536287349305,7.306316277295662,2022,3,263,1,0,23381.130000102574,-12132.501090248417,14.684815336340073
2022-09-21,23998.384340482917,14177.508593725508,2904.539723858385,23.0,-0.982926551979982,2,3.611721339372717,1.1143143143143144,-11483.663977100976,9,0.5907692948232954,0.12103063617323237,-47.85182124835447,1043.408014803605,8.262370847730569,2022,3,264,2,0,22061.417431044116,-15343.402038009412,-6.507720376692605
2022-09-22,26011.484092383413,15367.143971730424,2138.3488650289983,20.0,-0.9859481499638304,5,3.5520197049510243,1.114814814814815,-7494.008744376009,9,0.5907830524837364,0.08220787623783227,-28.81038512743061,1300.5742046191706,12.164284564497697,2022,3,265,3,0,26725.02626479766,-9730.460995006648,8.38848033825592
2022-09-23,23235.92358030167,14089.841920751382,2160.4565479628873,23.0,-0.9886775902323404,3,4.150624324851674,1.1153153153153155,-11414.374888412598,9,0.606381832512829,0.09297915533662804,-49.123826943935946,1010.2575469696378,10.75509877864057,2022,3,266,4,0,23914.438993653777,-11657.04252779869,-10.670519614428574
2022-09-24,23823.605923944662,14525.755952000589,2723.247054637878,22.0,-0.9911140639934546,2,2.8249168980600805,1.1158158158158158,-11025.397082693806,9,0.6097211311492112,0.11430876851017727,-46.279295913018714,1082.891178361121,8.748235266929386,2022,3,267,5,0,27925.427361310387,-8375.070009600067,2.529197264795635
2022-09-25,22785.35524171523,13769.859277844742,1715.9072567444737,24.0,-0.9932568492674143,5,2.1050619180827708,1.1163163163163163,-11900.411292873985,9,0.6043293655845665,0.075307461241728,-52.22833335987149,949.3898017381347,13.278896719013257,2022,3,268,6,0,25053.5037262986,-11094.244415346353,-4.3580752869401
2022-09-26,25088.991307982586,15209.049121510992,1632.6323271975953,22.0,-0.9951053111006976,4,3.6254584128785545,1.1168168168168169,-9352.690140726001,9,0.6062040890688146,0.06507365350627466,-37.27806361728958,1140.4086958173903,15.367202333331049,2022,3,269,0,0,22382.074421180674,-10928.806770369814,10.110160854766391
2022-09-27,22583.061681254432,14399.815696040849,2296.040980080012,26.0,-0.99665890175417,4,3.7249843937748834,1.1173173173173174,-14912.794994866428,9,0.6376378853888414,0.10167093428194865,-66.0353109128915,868.5792954328628,9.835652707064254,2022,3,270,1,0,25668.840718373263,-13594.65509165336,-9.988164115353815
2022-09-28,21975.789383947114,13721.24520648571,3101.9928480777976,24.0,-0.9979171608653921,4,4.69167952755812,1.117817817817818,-14047.448670616393,9,0.6243800833160884,0.1411550135415724,-63.92238488087158,915.6578909977965,7.084410074499297,2022,3,271,2,0,23998.384340482917,-11483.663977100976,-2.689060969139523
2022-09-29,23142.126364303316,13980.593614214502,3183.8190882750323,24.0,-0.9988797155850336,2,2.483710362939931,1.1183183183183183,-13222.286338186219,9,0.6041188002403937,0.1375767739815848,-57.135140177013156,964.2552651793048,7.268668766239961,2022,3,272,3,0,26011.484092383413,-7494.008744376009,5.307372399592558
2022-09-30,24622.34105700577,15244.059924587204,1483.8687171415415,25.0,-0.9995462806873573,2,4.423755013373376,1.1188188188188188,-12105.587584722973,9,0.619114969177548,0.06026513537872297,-49.16505525082304,984.8936422802309,16.593341966556952,2022,3,273,4,1,23235.92358030167,-11414.374888412598,6.396191384494743
2022-10-01,26003.009624048602,15085.54382266539,3678.7237485126093,26.0,-0.9999166586547379,4,5.0,1.1193193193193194,-13561.257947129398,10,0.5801460692732155,0.1414729987682034,-52.152647494263185,1000.1157547711001,7.068486627886153,2022,4,274,5,0,23823.605923944662,-11025.397082693806,5.607381377125353
2022-10-02,21317.62034671408,12989.535733001852,2583.2738720032394,24.0,-0.9999907397361901,2,3.1977880899820184,1.11981981981982,-13455.189258291011,10,0.6093332896325866,0.12118021758471872,-63.11768874505267,888.2341811130867,8.252172012324424,2022,4,275,6,0,22785.35524171523,-11900.411292873985,-18.018642245939443
2022-10-03,23737.36488860633,15147.072108030354,1750.891099352513,23.0,-0.9997685019798909,3,2.4672462244054207,1.1203203203203205,-11560.598318776536,10,0.6381109351906529,0.07376097168194609,-48.70211320012818,1032.059342982884,13.557305133017415,2022,4,276,0,0,25088.991307982586,-9352.690140726001,11.350913012508146
2022-10-04,27438.78100261859,16354.245653874968,2322.8106944185633,21.0,-0.9992500112396835,4,3.174420506901303,1.1208208208208208,-8038.2753456749415,10,0.5960266839957,0.0846542962020393,-29.29530777955412,1306.6086191723139,11.812749557486843,2022,4,277,1,0,22583.061681254432,-14912.794994866428,15.593205612257744
2022-10-05,23674.55556557085,13780.916375032966,1619.2625647161108,23.0,-0.9984354211555644,4,3.5112039738971044,1.1213213213213213,-10125.623374178229,10,0.5820982082161709,0.06839674604371254,-42.7700674090102,1029.3285028509065,14.620578577830257,2022,4,278,2,0,21975.789383947114,-14047.448670616393,-13.718632167691801
2022-10-06,23495.07942356666,13771.003209843466,2803.9507955215913,23.0,-0.9973249731081555,3,3.951030300005532,1.1218218218218219,-11479.874581798395,10,0.5861228626463167,0.11934204370933506,-48.860760905892256,1021.5251923289853,8.379276648182445,2022,4,279,3,0,23142.126364303316,-13222.286338186219,-0.7580971964060601
2022-10-07,22247.083293094413,12803.433457185452,1582.791158905357,25.0,-0.9959189961471792,4,3.026884216129562,1.1223223223223224,-12139.141322996396,10,0.5755106540712099,0.07114600768347291,-54.56509135633271,889.8833317237765,14.055602451355794,2022,4,280,4,0,24622.34105700577,-12105.587584722973,-5.311734035767723
2022-10-08,24480.66710837052,14296.019310958458,3011.9580572810332,24.0,-0.9942179068939518,4,4.744158827317873,1.122822822822823,-12027.310259868973,10,0.5839718030425042,0.12303414951674962,-49.1298305173904,1020.0277961821049,8.127824704992673,2022,4,281,5,0,26003.009624048602,-13561.257947129398,10.039895054330206
2022-10-09,21638.160712939174,12797.64237846849,1639.1126564098288,26.0,-0.9922222094179325,4,2.6083741479935507,1.1233233233233233,-13598.594321939145,10,0.5914385491561565,0.07575101590911436,-62.84542620023829,832.2369504976606,13.201143086975813,2022,4,282,6,0,21317.62034671408,-13455.189258291011,-11.611229313515825
2022-10-10,25532.428682110552,14616.67369967701,3351.4700837735927,23.0,-0.9899324950873531,2,2.10863587826176,1.1238238238238238,-10835.71510134005,10,0.5724748664398804,0.13126327015345077,-42.439030130072034,1110.105594874372,7.618277366021503,2022,4,283,0,0,23737.36488860633,-11560.598318776536,17.99722268835302
2022-10-11,25715.364207079307,15437.027691222384,2717.8744879881106,24.0,-0.9873494423939866,2,4.385368339429854,1.1243243243243244,-11639.537972131187,10,0.6003036770901595,0.10569068616340631,-45.26297149984321,1071.4735086283044,9.461571651204151,2022,4,284,1,0,27438.78100261859,-8038.2753456749415,0.7164830547315981
2022-10-12,28582.984199717474,17600.92910672381,3000.5105906685712,27.0,-0.9844738167520922,3,1.6803031750350401,1.124824824824825,-13618.455497674906,10,0.6157834669655586,0.10497541368330006,-47.64532423388289,1058.6290444339804,9.52604009751175,2022,4,285,2,0,23674.55556557085,-10125.623374178229,11.15138782226046
2022-10-13,26513.80433407092,15454.404510369091,3431.081169051872,25.0,-0.9813064702716094,2,3.336696184901827,1.1253253253253255,-12371.681345350044,10,0.5828814422723104,0.1294073504435893,-46.66128326764528,1060.5521733628368,7.727536315148619,2022,4,286,3,0,23495.07942356666,-11479.874581798395,-7.239201656442185
2022-10-14,25579.524597117605,16107.356720091446,3486.0364247560688,24.0,-0.977848341505657,2,5.0,1.1258258258258258,-13213.86854772991,10,0.6296972666140356,0.1362822992085196,-51.657991130995825,1065.8135248799001,7.337710075392429,2022,4,287,4,0,22247.083293094413,-12139.141322996396,-3.523748328159537
2022-10-15,24291.30127154201,14830.176807189006,2912.1390506683674,23.0,-0.9741004551724208,2,3.4903651576320547,1.1263263263263263,-11851.014586315361,10,0.610513888960037,0.11988402836533198,-48.787071774533466,1056.1435335453048,8.341394709832587,2022,4,288,5,0,24480.66710837052,-12027.310259868973,-5.036150381468596
2022-10-16,22825.98921938726,14210.883824444383,1344.327819954261,23.0,-0.9700639218515071,3,2.6033858794430005,1.1268268268268269,-11129.222425011387,10,0.6225747190125879,0.05889461381206892,-48.75680224872261,992.4343138864025,16.979481403698006,2022,4,289,6,0,21638.160712939174,-13598.594321939145,-6.032250128449935
2022-10-17,26834.35895999302,15771.698099069741,3364.357035419317,23.0,-0.9657399376548551,5,3.454082028970565,1.1273273273273274,-10701.696174496039,10,0.5877426817828423,0.12537497319891974,-39.88057322498761,1166.7112591301313,7.976073489670075,2022,4,290,0,0,25532.428682110552,-10835.71510134005,17.56055214992063
2022-10-18,23900.06245956532,14767.300089272501,1733.642890223638,24.0,-0.9611297838723011,2,3.4593593691043734,1.127827827827828,-11800.880519930819,10,0.6178770500811938,0.07253716985705184,-49.3759400834028,995.8359358152217,13.786035517662025,2022,4,291,1,0,25715.364207079307,-11639.537972131187,-10.934848508221872
2022-10-19,24588.32361135225,14207.027216613693,1670.8185212214507,26.0,-0.9562348265919062,4,3.628519952282493,1.1283283283283283,-12089.522126482892,10,0.5777956822584851,0.06795170535538446,-49.16773635149835,945.7047542827788,14.716334119505076,2022,4,292,2,0,28582.984199717474,-13618.455497674906,2.8797462473219237
2022-10-20,26311.133892045684,16231.804085645663,2530.5484376725058,24.0,-0.9510565162951538,4,4.0298103857276955,1.1288288288288288,-11651.218631272484,10,0.6169176954609631,0.09617785565819095,-44.28246490279483,1096.2972455019035,10.397403780283131,2022,4,293,3,0,26513.80433407092,-12371.681345350044,7.006619515524948
2022-10-21,23033.08601963462,13905.771281677537,1815.8086447023986,22.0,-0.9455963874271429,1,2.668711065305809,1.1293293293293294,-10288.493906745316,10,0.6037302717414211,0.07883479630799396,-44.66832580738361,1046.9584554379371,12.684754027817517,2022,4,294,4,0,25579.524597117605,-13213.86854772991,-12.458786025189417
2022-10-22,26009.996573563963,15882.623554130769,2681.9757057229676,28.0,-0.939856057941896,5,4.850038444189435,1.12982982982983,-14954.602686289772,10,0.6106353574176764,0.10311326639884581,-57.495596525719385,928.9284490558558,9.698073147367518,2022,4,295,5,0,24291.30127154201,-11851.014586315361,12.924497183710715
2022-10-23,25964.48055828608,14990.891032159221,4029.8761989069326,25.0,-0.9338372288229259,3,3.6960914274980943,1.1303303303303305,-13056.286672780076,10,0.5773614842209951,0.15520727209853127,-50.28518341998337,1038.5792223314431,6.442997074036346,2022,4,296,6,0,22825.98921938726,-11129.222425011387,-0.1749943147787536
2022-10-24,23866.048269046743,13872.094040289743,1965.0258292743142,22.0,-0.9275416835791963,3,4.081435237121443,1.1308308308308308,-9571.071600517314,10,0.5812480509511607,0.0823356178250452,-40.103294406433385,1084.820375865761,12.145411990772914,2022,4,297,0,0,26834.35895999302,-10701.696174496039,-8.081934412393476
2022-10-25,21305.378449441683,13081.841178791703,2355.8639455472407,24.0,-0.9209712877166351,4,2.997480480195486,1.1313313313313313,-13332.32667489726,10,0.6140159025963943,0.11057601962517484,-62.57728163118661,887.7241020600701,9.043552149821913,2022,4,298,1,0,23900.06245956532,-11800.880519930819,-10.729341492726896
2022-10-26,23202.434529186627,13447.286715399876,1929.6686265722542,25.0,-0.9141279881853346,2,4.529105709596427,1.131831831831832,-12174.520812785504,10,0.5795636099515492,0.08316664460985335,-52.470876698180206,928.0973811674651,12.024051285117288,2022,4,299,2,0,24588.32361135225,-12089.522126482892,8.90411819835406
2022-10-27,25959.479060597332,15807.29058240796,1988.1620676523974,28.0,-0.9070138128026355,4,3.294358072949548,1.1323323323323324,-14235.973589463025,10,0.6089217177859744,0.07658713270059933,-54.83921135794723,927.1242521641905,13.05702361138498,2022,4,300,3,0,26311.133892045684,-11651.218631272484,11.882565719310989
2022-10-28,24671.268799067788,14119.192376210549,1714.1602572626418,23.0,-0.8996308696522431,1,3.7220420107948256,1.132832832832833,-9562.083834405403,10,0.5722929165582293,0.06948002031121367,-38.75797354518998,1072.6638608290343,14.392626765519323,2022,4,301,4,0,23033.08601963462,-10288.493906745316,-4.962388723296296
2022-10-29,22954.45417157564,14196.759609278717,3707.0227632976002,27.0,-0.8919813464595485,4,2.7535151382503127,1.1333333333333333,-16549.32820100068,10,0.6184751553299176,0.16149470318871637,-72.09636995635302,850.1649693176163,6.192153552128823,2022,4,302,5,0,26009.996573563963,-14954.602686289772,-6.958760984181811
2022-10-30,25141.17682654108,14468.444438540391,3555.098918802065,28.0,-0.8840675099433647,3,2.7024546988782987,1.1338338338338338,-15282.366530801377,10,0.5754879550135584,0.14140542995779784,-60.78620199937524,897.8991723764672,7.071864215528696,2022,4,303,6,0,25964.48055828608,-13056.286672780076,9.526354399980663
2022-10-31,23873.840438971056,14600.454232222395,3012.014539774545,24.0,-0.8758917051442426,3,4.050564245162306,1.1343343343343344,-12938.628333025885,10,0.6115670526300822,0.1261638045824336,-54.19583986121141,994.743351623794,7.926203583584978,2022,4,304,0,0,23866.048269046743,-9571.071600517314,-5.040879336372672
2022-11-01,26466.312145026623,16192.602753838974,3547.5986955252215,25.0,-0.8674563547295968,2,3.1451145358340913,1.134834834834835,-13273.889304337572,11,0.6118193825081816,0.13404204847602325,-50.15390596015439,1058.6524858010648,7.460345551037105,2022,4,305,1,0,21305.378449441683,-13332.32667489726,10.85904763702652
2022-11-02,25451.567519805543,14922.554602668539,1337.3200226942404,23.0,-0.8587639582758032,4,2.816941529996498,1.1353353353353355,-9208.307105557236,11,0.5863118093239764,0.05254371942528033,-36.179724877030246,1106.5898921654584,19.03177032265574,2022,4,306,2,0,23202.434529186627,-12174.520812785504,-3.834099060196283
2022-11-03,22645.00332517227,13878.015278645726,2135.7582143367763,25.0,-0.8498170915275284,4,2.9854533263783756,1.1358358358358358,-13368.770167810231,11,0.6128511035906483,0.09431476708871397,-59.036291476051396,905.8001330068909,10.602793505913915,2022,4,307,3,0,25959.479060597332,-14235.973589463025,-11.027077968574229
2022-11-04,24033.774901683973,14550.486072677162,2283.9480229541145,25.0,-0.840618405634478,3,4.059162457373937,1.1363363363363364,-13683.364915517246,11,0.6054182554425794,0.09503076534157293,-56.933898114184686,961.3509960673589,10.522907990961238,2022,4,308,4,0,24671.268799067788,-9562.083834405403,6.132794756395277
2022-11-05,23257.151582789622,13684.870021577402,2842.8531221231647,27.0,-0.8311706263658081,3,2.9967697110371114,1.136836836836837,-14870.571560910945,11,0.588415566406002,0.12223565349364995,-63.93978001981645,861.3759845477638,8.180919162443463,2022,4,309,5,0,22954.45417157564,-16549.32820100068,-3.2313830102483676
2022-11-06,26278.069963968108,15262.56463634276,2666.2820409261594,27.0,-0.8214765533024146,3,3.4058760547182687,1.1373373373373374,-13250.776713300813,11,0.5808099551173447,0.1014641503193387,-50.425228075996365,973.2618505173373,9.855697769632863,2022,4,310,6,0,25141.17682654108,-15282.366530801377,12.989201925372384
2022-11-07,23919.108228547666,13370.15209129231,2400.659584512869,24.0,-0.8115390590073607,4,3.5120222002296777,1.137837837837838,-11051.703447257512,11,0.5589736859560223,0.10036576454165883,-46.20449617794365,996.6295095228194,9.963556841984001,2022,4,311,0,0,23873.840438971056,-12938.628333025885,-8.976921587677467
2022-11-08,26006.667313815025,15778.82541193886,2670.5540011286666,21.0,-0.8013610881746766,3,1.9661208911917607,1.1383383383383383,-9242.712099252502,11,0.6067223155331778,0.10268728279959344,-35.53977904097951,1238.412729229287,9.738304225574067,2022,4,312,1,0,26466.312145026623,-13273.889304337572,8.727579077450054
2022-11-09,28798.44094983973,16496.66318422281,2750.6166390495487,25.0,-0.7909456567567775,4,2.3230988757011852,1.1388388388388389,-10448.838873432629,11,0.5728318145053827,0.09551269264334453,-36.28265464659044,1151.937637993589,10.469812674364821,2022,4,313,2,0,25451.567519805543,-9208.307105557236,10.734838117999402
2022-11-10,27406.623010029085,16491.645905738103,2067.856349248166,26.0,-0.7802958510707761,4,3.76902231139805,1.1393393393393394,-11952.879244957185,11,0.6017394372047664,0.0754509721424439,-43.61310490746412,1054.1008850011187,13.25363970277414,2022,4,314,3,0,22645.00332517227,-13368.770167810231,-4.832962805989638
2022-11-11,25577.084641781956,15214.526677028049,2610.731433071877,26.0,-0.7694148268839377,3,2.910376511077842,1.13983983983984,-13048.17346831797,11,0.5948499170297953,0.10207306538787711,-51.01509281086268,983.7340246839213,9.79690377868055,2022,4,315,4,0,24033.774901683973,-13683.364915517246,-6.675533748093054
2022-11-12,26437.544890833342,16202.098322219103,2817.354049779652,25.0,-0.7583058084785628,2,4.345379929024335,1.1403403403403405,-12581.907481165414,11,0.6128442860001284,0.10656640249361846,-47.59105859912099,1057.5017956333336,9.383820571965758,2022,4,316,5,0,23257.151582789622,-14870.571560910945,3.3641842340614625
2022-11-13,24363.092453893718,14466.832722591298,2723.7614082406717,26.0,-0.7469720876965559,3,4.2734456834004355,1.1408408408408408,-13627.501676938253,11,0.5938011666609755,0.1117986730705592,-55.935024269713765,937.0420174574507,8.944649990334614,2022,4,317,6,0,26278.069963968108,-13250.776713300813,-7.846615279540936
2022-11-14,23576.137484546583,13980.958597554403,1771.1141256241667,29.0,-0.7354170229639866,4,4.07533493308435,1.1413413413413414,-15375.935238631986,11,0.5930131094085485,0.07512316751567454,-65.21821162906956,812.9702580878132,13.311472786226018,2022,4,318,0,0,23919.108228547666,-11051.703447257512,-3.2301111644033598
2022-11-15,26278.67802824857,16133.14216909329,3649.670052026261,26.0,-0.7236440382959125,2,4.955817429850078,1.141841841841842,-14304.13419287098,11,0.6139251811583056,0.1388833200856986,-54.43247250677749,1010.7183857018681,7.200288698332855,2022,4,319,1,0,26006.667313815025,-9242.712099252502,11.463033524780798
2022-11-16,22704.353784886996,13790.141285474256,1580.9262810770847,25.0,-0.7116566222817752,3,3.4335285378054534,1.1423423423423424,-12666.713781664344,11,0.6073787175855925,0.06963097457234911,-55.78980094159676,908.1741513954798,14.361424727165979,2022,4,320,2,0,28798.44094983973,-10448.838873432629,-13.601613595323602
2022-11-17,27853.142445274912,16869.963445756333,2544.241449622342,25.0,-0.699458327051648,4,4.019105540723071,1.142842842842843,-11561.062450103764,11,0.6056754091177314,0.09134486188124724,-41.507210444274364,1114.1256978109966,10.947523258615778,2022,4,321,3,0,27406.623010029085,-11952.879244957185,22.677538894831596
2022-11-18,24663.269047468515,15032.595223385371,3411.1637606495365,25.0,-0.687052767223667,3,3.032479218723175,1.1433433433433433,-13780.489936566393,11,0.6095134912753322,0.1383094736583456,-55.87454732802686,986.5307618987406,7.230162718066711,2022,4,322,4,0,25577.084641781956,-13048.17346831797,-11.45247220874188
2022-11-19,25606.17960889837,14595.921703735468,2878.4420878454494,29.0,-0.6744436188329459,3,5.0,1.1438438438438439,-15068.18418268255,11,0.5700155949333129,0.11241200881232458,-58.845889597080806,882.9717106516679,8.895846721052123,2022,4,323,5,0,26437.544890833342,-12581.907481165414,3.8231369881059463
2022-11-20,26650.43756879681,16368.656881271576,1890.1802691240339,25.0,-0.6616346182422791,2,5.0,1.1443443443443444,-11608.3995815988,11,0.6141984287881459,0.07092492437486722,-43.55800744971741,1066.0175027518724,14.099415809237824,2022,4,324,6,0,24363.092453893718,-13627.501676938253,4.078148227686218
2022-11-21,25676.820161183423,15712.326493716855,3295.2290371156005,26.0,-0.6486295610349827,2,3.5095043476142336,1.144844844844845,-14130.735369649032,11,0.6119264922636233,0.12833477885618863,-55.03304256891971,987.5700061993624,7.7921200232136245,2022,4,325,0,0,23576.137484546583,-15375.935238631986,-3.653288637757035
2022-11-22,26354.640536556784,15304.442757645822,2394.7219438631487,25.0,-0.6354323008901778,4,3.809268983924154,1.1453453453453455,-11344.524164952187,11,0.5807114969531411,0.09086528577543701,-43.04564180724106,1054.1856214622715,11.005302976445634,2022,4,326,1,0,26278.67802824857,-14304.13419287098,2.6398143193682833
2022-11-23,26032.65179611869,15497.550840834112,3690.6333184809846,28.0,-0.6220467484408682,1,4.587438079491845,1.1458458458458458,-15555.532363196406,11,0.5953120320667717,0.14176939588733084,-59.75392935388795,929.7375641470961,7.053708550713833,2022,4,327,2,0,22704.353784886996,-12666.713781664344,-1.2217534896423965
2022-11-24,26314.362371458265,15768.963779061143,2891.5331467978617,30.0,-0.6084768701151273,2,3.3822883961487142,1.1463463463463464,-16346.13455440074,11,0.5992531210319147,0.10988421858681052,-62.1186799955696,877.1454123819422,9.100487884982154,2022,4,328,3,0,27853.142445274912,-11561.062450103764,1.0821432159345834
2022-11-25,24401.310616014707,14573.537977407957,2794.5498083289,27.0,-0.5947266869607649,4,2.974700743360236,1.146846846846847,-14566.77716972215,11,0.5972440663840108,0.11452457830256144,-59.69669989841406,903.7522450375817,8.73175011706316,2022,4,329,4,0,24663.269047468515,-13780.489936566393,-7.269990921454128
2022-11-26,26647.375281058645,16155.355151919453,2379.6879483092907,26.0,-0.5808002734538015,3,4.199191800805506,1.1473473473473474,-12687.6678191701,11,0.6062644062135051,0.0893029021886748,-47.613198993706085,1024.8990492714863,11.197844364422211,2022,4,330,5,0,25606.17960889837,-15068.18418268255,9.204688634920434
2022-11-27,28700.39081800262,17935.91788171716,1983.274141485485,26.0,-0.5667017562911186,5,3.562751396866936,1.147847847847848,-12018.801205200025,11,0.6249363639489769,0.06910268762756554,-41.87678586474546,1103.861185307793,14.471217174498047,2022,4,331,6,0,26650.43756879681,-11608.3995815988,7.704381821061701
2022-11-28,24856.857245136223,15454.997710918147,1882.2570463802,21.0,-0.5524353131676212,5,3.6463955597162085,1.1483483483483483,-9280.397512162124,11,0.6217599255811894,0.07572385470204622,-37.33536150865586,1183.6598688160107,13.20587817319577,2022,4,332,0,0,25676.820161183423,-14130.735369649032,-13.39192067884839
2022-11-29,24136.243936257353,13825.636765038707,1739.9341205522333,27.0,-0.5380051715382986,2,2.8325829255456276,1.1488488488488489,-13029.326949333587,11,0.5728164167362387,0.07208802351962114,-53.982413269203796,893.9349606021242,13.871929776626722,2022,4,333,1,0,26354.640536556784,-11344.524164952187,-2.8990523692204673
2022-11-30,27721.61834953903,16944.006004876443,3173.645417936691,26.0,-0.5234156073655497,1,2.125862281309283,1.1493493493493494,-13196.033073274106,11,0.6112199436277932,0.11448268921101658,-47.601957818214956,1066.2160903668857,8.734945054939981,2022,4,334,2,0,26032.65179611869,-15555.532363196406,14.854732255567505
2022-12-01,26391.233927994486,16499.207016564396,2501.923881113454,27.0,-0.5086709438521059,4,3.6889139279032808,1.14984984984985,-14209.896969683365,12,0.6251775518181767,0.09480132258838947,-53.84324586130936,977.4531084442402,10.548376042619392,2022,4,335,3,0,26314.362371458265,-16346.13455440074,-4.799086419738785
2022-12-02,26436.249891824984,16055.15419543959,2348.0083251575843,25.0,-0.49377555015997915,3,4.22396963319536,1.1503503503503505,-11966.912628772192,12,0.6073158735121659,0.0888177534546483,-45.2670582164257,1057.4499956729994,11.259010289092881,2022,4,336,4,0,24401.310616014707,-14566.77716972215,0.17057165251659345
2022-12-03,27960.61037936747,17321.856440213465,1416.5029645397883,25.0,-0.47873384011578773,2,3.3193546007391665,1.1508508508508508,-10777.749025385783,12,0.6195092383603867,0.0506606595965103,-38.54618650721172,1118.4244151746989,19.739182394476437,2022,4,337,5,0,26647.375281058645,-12687.6678191701,5.766175209343416
2022-12-04,26835.794275537737,17107.611788173024,2792.1133764316146,25.0,-0.4635502709028506,4,4.649143615647094,1.1513513513513514,-13063.930889066902,12,0.6374922840933956,0.10404437251841565,-48.68099209187699,1073.4317710215096,9.61128387624234,2022,4,338,6,0,28700.39081800262,-12018.801205200025,-4.022859617756236
2022-12-05,27044.94455247411,16738.821504537955,1837.4504434602889,28.0,-0.44822934174041085,1,2.9368669396675644,1.151851851851852,-13931.327395524135,12,0.6189260795880117,0.06794062527638632,-51.51176172128509,965.8908768740754,14.718734128983114,2022,4,339,0,0,24856.857245136223,-9280.397512162124,0.7793705481153657
2022-12-06,25936.96373478821,15686.832538693789,3025.3994027915555,25.0,-0.4327755925504335,4,2.656236436027264,1.1523523523523524,-12775.268206697136,12,0.6048060481980653,0.11664431634045541,-49.25506446061835,1037.4785493915283,8.573070950849004,2022,4,340,1,0,24136.243936257353,-13029.326949333587,-4.096813049611303
2022-12-07,26751.220551191633,16573.276567757355,1264.0286190920606,30.0,-0.4171936026123164,2,3.446215754243095,1.152852852852853,-15086.084635657782,12,0.6195334727266901,0.04725125033727683,-56.39400492694817,891.7073517063877,21.163461133029386,2022,4,341,2,0,27721.61834953903,-13196.033073274106,3.1393682958784197
2022-12-08,26673.946996083047,16076.812114198272,3150.6746979375107,27.0,-0.4014879892059731,2,3.4339259397189674,1.1533533533533533,-14153.539816052737,12,0.602715905394844,0.11811805348492946,-53.0612879231226,987.9239628178906,8.466106327493696,2022,4,342,3,0,26391.233927994486,-14209.896969683365,-0.2888599230854272
2022-12-09,31004.575937107402,18614.697083906918,4972.442872155726,24.0,-0.3856634062436077,2,4.115974985068178,1.1538538538538539,-11782.564018955243,12,0.6003854760557513,0.16037770947882973,-38.00266142280451,1291.8573307128083,6.235280471641868,2022,4,343,4,0,26436.249891824984,-11966.912628772192,16.235426056969704
2022-12-10,24948.254147369065,14793.245370564573,1440.9818540009971,26.0,-0.3697245428906726,5,2.880029740748812,1.1543543543543544,-12085.973077196504,12,0.5929571377291988,0.057758825346620773,-48.444163690993335,959.5482364372717,17.313371489098433,2022,4,344,5,0,27960.61037936747,-10777.749025385783,-19.533638524918217
2022-12-11,26770.278707032892,16843.873903635787,2924.187210691306,25.0,-0.3536761221763715,4,4.594475389451919,1.154854854854855,-12997.782407294202,12,0.6292005431833883,0.1092326024205002,-48.553033569574005,1070.8111482813156,9.154775935397153,2022,4,345,6,0,26835.794275537737,-13063.930889066902,7.3032146814809185
2022-12-12,28766.81622886016,16850.875404345094,1050.4295499132945,22.0,-0.3375228995941137,4,5.0,1.1553553553553555,-6734.488725398229,12,0.5857747784907646,0.03651532173586372,-23.410615452960304,1307.5825558572799,27.3857644534416,2022,4,346,0,0,27044.94455247411,-13931.327395524135,7.458037862350508
2022-12-13,26742.212743460157,16811.51150841515,2652.0656975881275,30.0,-0.32126966169236537,3,3.4686847784253265,1.1558558558558558,-16721.364462543122,12,0.6286507279591674,0.09917151295704554,-62.52797636064111,891.4070914486718,10.083540829241286,2022,4,347,1,0,25936.96373478821,-12775.268206697136,-7.0379824770765875
2022-12-14,23368.274715540894,14270.896891194721,2167.2777540991137,28.0,-0.3049212246562888,3,4.499768336147455,1.1563563563563564,-15469.89992975294,12,0.6106953579120656,0.09274444863735627,-66.20043678049026,834.5812398407462,10.782316512658774,2022,4,348,2,0,26751.220551191633,-15086.084635657782,-12.616525267694477
2022-12-15,28716.986100557457,16530.538572933503,2199.9277078622767,27.0,-0.2884824328806092,2,2.654802343499792,1.156856856856857,-11613.480180238323,12,0.5756362633268333,0.07660719339274853,-40.44115263200577,1063.5920777984243,13.053604442512546,2022,4,349,3,0,26673.946996083047,-14153.539816052737,22.88877313419908
2022-12-16,26357.031492532926,15998.043542015464,2216.970115137013,27.0,-0.2719581575341063,3,4.360177232945533,1.1573573573573575,-13457.982164619552,12,0.6069744063001855,0.08411304269090741,-51.060310674334715,976.1863515752935,11.888762646177577,2022,4,350,4,0,31004.575937107402,-11782.564018955243,-8.21797454566
2022-12-17,28000.801716828435,15750.467776271249,4034.420683095154,24.0,-0.2553532951161866,3,4.337821126847571,1.157857857857858,-10984.086742537967,12,0.5625006003597834,0.1440823274953043,-39.227758025001656,1166.7000715345182,6.94047644415371,2022,4,351,5,0,24948.254147369065,-12085.973077196504,6.2365529470236325
2022-12-18,27907.368350799337,17057.17501889512,1878.9538481974196,26.0,-0.23867276600595022,3,4.190749824151903,1.1583583583583583,-11828.760516293201,12,0.6112068613738192,0.06732823477221928,-42.38579706837315,1073.3603211845898,14.852609806021771,2022,4,352,6,0,26770.278707032892,-12997.782407294202,-0.33368103875734967
2022-12-19,27788.27443787365,17115.580404218686,1565.9382255576957,28.0,-0.22192151300416613,2,3.487549528903765,1.1588588588588589,-13293.244191902733,12,0.6159281477690907,0.056352481657638356,-47.837602229035454,992.4383727812018,17.74544741570319,2022,4,353,0,0,28766.81622886016,-6734.488725398229,-0.42674719962363383
2022-12-20,28220.036518393674,16635.843933210177,4049.7650830387474,24.0,-0.20510449986862037,5,1.1366008470063749,1.1593593593593594,-11665.57249785525,12,0.5895046919009839,0.14350672722904279,-41.33790716483195,1175.8348549330697,6.968314442875962,2022,4,354,1,0,26742.212743460157,-16721.364462543122,1.5537563567875168
2022-12-21,26812.609891714725,16149.339783006624,2967.7171117286484,22.0,-0.18822670984324416,2,2.9866182850782965,1.15985985985986,-9904.447003020548,12,0.6023039102954643,0.11068363444342257,-36.93951108460012,1218.754995077942,9.034759339341749,2022,4,355,2,0,23368.274715540894,-15469.89992975294,-4.9873309900275835
2022-12-22,28592.110769923427,18132.3451788292,4173.515013014674,26.0,-0.17129314418147804,5,2.999267185852318,1.1603603603603605,-14513.749421920447,12,0.6341730180306573,0.14596736304634325,-50.761377985383746,1099.696568073978,6.850846512055639,2022,4,356,3,0,28716.986100557457,-11613.480180238323,6.636805911082089
2022-12-23,25883.72291161008,15277.36039483508,2818.4429353313963,26.0,-0.15430882066428214,1,2.717396049551618,1.1608608608608608,-13012.080418556397,12,0.590230410324106,0.10888862258941857,-50.2712861785422,995.5278042926954,9.1836959291023,2022,4,357,4,0,26357.031492532926,-13457.982164619552,-9.472500579293897
2022-12-24,27735.949185425,16112.115717726698,3277.758125092611,27.0,-0.1372787721132663,3,3.597794403637653,1.1613613613613614,-13253.924657394307,12,0.5809109185343285,0.11817724726778214,-47.78608645691899,1027.257377237963,8.46186574082288,2022,4,358,5,0,28000.801716828435,-10984.086742537967,7.1559500159233735
2022-12-25,29289.17049867182,18314.33400043439,3040.2804189844996,28.0,-0.120208044899353,3,3.164829243583012,1.161861861861862,-14465.44392074707,12,0.6252937071490261,0.10380220290371035,-49.388370085124244,1046.0418035239936,9.633706915908386,2022,4,359,6,0,27907.368350799337,-11828.760516293201,5.6000294162026565
2022-12-26,26570.3753512393,16923.51880600898,3144.191111246008,28.0,-0.10310169744743568,3,2.840310392187982,1.1623623623623625,-15897.334566015685,12,0.6369318680031228,0.11833446346475326,-59.831050016665266,948.941976829975,8.450623518463468,2022,4,360,0,0,27788.27443787365,-13293.244191902733,-9.282595243029535
2022-12-27,29384.052269128217,17632.279197400854,3871.4095425249866,27.0,-0.08596479873744783,3,2.652959881401744,1.162862862862863,-13719.636470797624,12,0.6000628856737321,0.13175206425127442,-46.690757098917544,1088.298232189934,7.590013907431642,2022,4,361,1,0,28220.036518393674,-11665.57249785525,10.589526420663375
2022-12-28,27178.568872548458,16812.872841233253,2860.501418195156,29.0,-0.06880242680232,3,2.927589611611817,1.1633633633633633,-15694.80538687995,12,0.6186077317049239,0.1052484195032207,-57.74698977153425,937.1920300878778,9.501330326099568,2022,4,362,2,0,26812.609891714725,-9904.447003020548,-7.505715605117224
2022-12-29,29523.48124822948,18384.826706703127,1736.0714868811956,24.0,-0.05161966722325442,3,4.397199369479942,1.1638638638638639,-9797.416945354842,12,0.6227187963413245,0.05880307516192074,-33.18516831731147,1230.1450520095616,17.005913334402834,2022,4,363,3,0,28592.110769923427,-14513.749421920447,8.627799302742112
2022-12-30,28218.060593188482,16559.594239643895,2044.1686538852623,28.0,-0.03442161162274694,4,2.9711799562980046,1.1643643643643644,-12785.702300340676,12,0.5868438117834786,0.07244185500043547,-45.31035100061766,1007.7878783281601,13.804174396058585,2022,4,364,4,0,25883.72291161008,-13012.080418556397,-4.421635253868594
2022-12-31,30299.20788261954,17936.871811887788,2220.053903616967,28.0,-0.017213356155836416,4,3.0880490348533822,1.164864864864865,-12257.717832885215,12,0.5919914435181282,0.07327102121671145,-40.455571909246444,1082.114567236412,13.647960454138214,2022,4,365,5,1,27735.949185425,-13253.924657394307,7.375231485375089
2023-01-01,28051.7074607506,17446.461733027725,2199.5640070859617,24.0,1.2864981197413093e-15,4,3.1346419079814027,1.1653653653653655,-10794.318279363088,1,0.6219393866643759,0.07841105608860169,-38.48007574749696,1168.8211441979417,12.75330355033142,2023,1,1,6,0,29289.17049867182,-14465.44392074707,-7.417687058275102
2023-01-02,26989.210896442426,17036.033677219708,1907.102643340762,24.0,0.01721335615583366,2,3.7711948110475357,1.1658658658658658,-11153.925424118044,1,0.6312164421029927,0.07066166738473062,-41.32734916524846,1124.5504540184345,14.151944569257243,2023,1,2,0,0,26570.3753512393,-15897.334566015685,-3.787635978290438
2023-01-03,28658.99588886647,17476.837963407055,2877.5958737917504,25.0,0.03442161162274419,3,3.8649995908228263,1.1663663663663664,-11695.437948332336,1,0.6098203171938941,0.10040811914522264,-40.80895923110765,1146.3598355546587,9.959353969709126,2023,1,3,1,0,29384.052269128217,-13719.636470797624,6.186861108429609
2023-01-04,26610.294716300345,15526.26965302918,3217.477692321116,26.0,0.05161966722325167,3,1.06427476860547,1.166866866866867,-12933.45262904995,1,0.5834685342105002,0.12091101307308051,-48.603191986173165,1023.4728737038594,8.27054520993538,2023,1,4,2,0,27178.568872548458,-15694.80538687995,-7.148544842640526
2023-01-05,30515.93092946684,19303.089113529822,2976.220264620294,29.0,0.06880242680232079,3,4.317308171062087,1.1673673673673675,-14963.378448683277,1,0.6325577665694067,0.09753004984509228,-49.034645160486704,1052.2734803264427,10.253250168417914,2023,1,5,3,0,29523.48124822948,-9797.416945354842,14.677162559849677
2023-01-06,26511.8067697882,15641.598612966938,3579.7015299662085,26.0,0.08596479873744685,3,4.649094427395003,1.167867867867868,-13509.493373144947,1,0.589986142732131,0.13502291869618988,-50.95651718667409,1019.6848757610846,7.406150079232574,2023,1,6,4,0,28218.060593188482,-12785.702300340676,-13.121422279181294
2023-01-07,27247.919565388183,16181.182848647184,1938.7091315529697,25.0,0.10310169744743294,3,2.6598507701106646,1.1683683683683683,-10871.972414811971,1,0.5938502134012983,0.07115072132022972,-39.900192705435586,1089.9167826155274,14.054671287157813,2023,1,7,5,0,30299.20788261954,-12257.717832885215,2.7765470757686206
2023-01-08,27873.400867814013,16895.209437933216,1981.6536362587601,26.0,0.12020804489935379,2,2.722161404212132,1.1688688688688689,-11803.462206377963,1,0.6061409412527935,0.07109479197233576,-42.34668837991586,1072.0538795313082,14.06572791420668,2023,1,8,6,0,28051.7074607506,-10794.318279363088,2.2955194833309323
2023-01-09,31512.019602212564,19684.291971684925,1700.7097472767014,29.0,0.13727877211326533,2,3.1397972897773827,1.1693693693693694,-13072.982116749063,1,0.6246598034707628,0.05397019196945691,-41.485700636690275,1086.6213655935367,18.528746397009762,2023,1,9,0,0,26989.210896442426,-11153.925424118044,13.054089637838695
2023-01-10,32196.69892923659,19745.007345818067,3507.0315745935704,27.0,0.15430882066428117,2,2.895196784434716,1.16986986986987,-12655.339991175046,1,0.6132618561056389,0.10892519081852113,-39.30632770455612,1192.4703307124664,9.180612790167954,2023,1,10,1,0,28658.99588886647,-11695.437948332336,2.1727560964577286
2023-01-11,27254.87659004328,16560.358704206923,1930.0516448779408,27.0,0.1712931441814771,4,3.6791414991572853,1.1703703703703705,-12835.533759041584,1,0.6076108489978169,0.07081491044369743,-47.09444827840697,1009.4398737053067,14.121319842592563,2023,1,11,2,0,26610.294716300345,-12933.45262904995,-15.348847874295057
2023-01-12,27672.17035574054,16834.946478503378,2002.2234039826462,27.0,0.18822670984324494,4,1.9427797709129084,1.1708708708708708,-12764.999526745483,1,0.6083710190448072,0.07235512712747118,-46.12937605776703,1024.8951983607608,13.820720655196368,2023,1,12,3,0,30515.93092946684,-14963.378448683277,1.5310792705981457
2023-01-13,28618.935280517486,17193.118502632224,2627.0040812251646,30.0,0.2051044998686194,5,2.6056579135706084,1.1713713713713714,-15201.187303339902,1,0.6007602426193872,0.09179251623010286,-53.11583800843983,953.9645093505828,10.89413430494953,2023,1,13,4,0,26511.8067697882,-13509.493373144947,3.421361290443703
2023-01-14,30841.867245505862,18784.19010456277,4329.603544443891,26.0,0.22192151300416516,4,4.731357760139926,1.171871871871872,-13071.9264035008,1,0.6090484066686954,0.14038072046609892,-42.38370621158024,1186.225663288687,7.123485309661833,2023,1,14,5,0,27247.919565388183,-10871.972414811971,7.76734683942506
2023-01-15,28165.542239533712,15634.545304873074,1597.5700467363308,30.0,0.23867276600594928,1,2.7574240261215857,1.1723723723723725,-13066.573112075694,1,0.5550947740295273,0.05672072751697107,-46.39205239136207,938.8514079844571,17.63023931067873,2023,1,15,6,0,27873.400867814013,-11803.462206377963,-8.67757125296016
2023-01-16,28983.45874936841,17241.771520086146,3067.7552219699696,28.0,0.2553532951161874,4,4.49474262248234,1.172872872872873,-13726.067992687707,1,0.5948831597078409,0.10584503555969904,-47.35828153355513,1035.1235267631575,9.447774236288833,2023,1,16,0,0,31512.019602212564,-13072.982116749063,2.9039615246130523
2023-01-17,30882.538783312077,18650.184237445636,3832.525154354511,27.0,0.27195815753410535,4,3.7842705564721095,1.1733733733733733,-13200.17060848807,1,0.6039070935296159,0.12410006771935095,-42.74315237198379,1143.797732715262,8.058013330512226,2023,1,17,1,0,32196.69892923659,-12655.339991175046,6.552289188001259
2023-01-18,29481.250676137402,17113.243363872687,3637.323397648094,32.0,0.28848243288060826,3,2.052585828329393,1.1738738738738739,-16869.31608538338,1,0.5804788796740031,0.12337751330855859,-57.22048996733261,921.2890836292938,8.105204693979116,2023,1,18,2,0,27254.87659004328,-12835.533759041584,-4.537477041660464
2023-01-19,29192.40433895591,17708.604262279325,4247.555247176898,25.0,0.30492122465628957,3,4.008263356172965,1.1743743743743744,-12763.755170500313,1,0.6066168465146947,0.1455020695746096,-43.72286373639898,1167.6961735582363,6.872754476438746,2023,1,19,3,0,27672.17035574054,-12764.999526745483,-0.9797628341978393
2023-01-20,29836.545742945724,17799.69183527437,1460.9066520381477,27.0,0.3212696616923645,5,3.4058661582457175,1.174874874874875,-11024.052744366794,1,0.5965734769911415,0.04896366572137631,-36.94815358099293,1105.0572497387304,20.42330747232892,2023,1,20,4,0,28618.935280517486,-15201.187303339902,2.2065376887447252
2023-01-21,24729.64417290527,15715.524352900908,1551.1239648178444,25.0,0.33752289959411275,3,3.1356263550002077,1.1753753753753755,-12537.00414481348,1,0.6354933472969023,0.06272326257396434,-50.696257726787245,989.1857669162108,15.943048224265807,2023,1,21,5,0,30841.867245505862,-13071.9264035008,-17.11626276727386
2023-01-22,29521.018185856934,18499.120774121588,4321.991690566133,29.0,0.35367612217637057,5,3.6959656745376033,1.1758758758758758,-16500.094278830788,1,0.6266423690963421,0.14640388293371034,-55.89270049884569,1017.9661443398943,6.830419931230828,2023,1,22,6,0,28165.542239533712,-13066.573112075694,19.375022056327328
2023-01-23,27885.900040137556,16498.63723952345,2360.8571652315795,31.0,0.3697245428906733,1,3.8797067884534338,1.1763763763763764,-15773.594364617475,1,0.5916480090574858,0.08466132209587932,-56.5647669320831,899.5451625850825,11.811769238230129,2023,1,23,0,0,28983.45874936841,-13726.067992687707,-5.538827066956442
2023-01-24,27806.506863284958,16608.485262187627,3543.8132130923073,31.0,0.38566340624360673,2,4.066073457579695,1.176876876876877,-17145.791611994977,1,0.5972877263528944,0.12744546557091904,-61.66107701443746,896.9840923640309,7.84649336498782,2023,1,24,1,0,30882.538783312077,-13200.17060848807,-0.2847072417900165
2023-01-25,29778.3153224064,17830.01541063964,2916.973259312098,30.0,0.40148798920597223,3,4.442602278038402,1.1773773773773775,-14968.673347545337,1,0.5987583655286107,0.09795628892132961,-50.267025469645375,992.61051074688,10.208635004569409,2023,1,25,2,0,29481.250676137402,-16869.31608538338,7.091176424338896
2023-01-26,33998.55485803187,20173.30317673931,3829.3557584453724,27.0,0.41719360261231553,3,3.826508730222685,1.177877877877878,-11604.104077152811,1,0.5933576665530987,0.11263289791097457,-34.13116859115981,1259.205735482662,8.878400703055721,2023,1,26,3,0,29192.40433895591,-12763.755170500313,14.172190367162884
2023-01-27,30081.40292100906,18146.3542446195,4417.939562027712,27.0,0.432775592550431,4,2.3994927289709107,1.1783783783783783,-14082.890885638151,1,0.6032416204879181,0.14686614097184253,-46.815937815860856,1114.1260341114466,6.808921330558567,2023,1,27,4,0,29836.545742945724,-11024.052744366794,-11.521524821804064
2023-01-28,31530.47735359014,18539.14537771029,4895.247220447453,24.0,0.44822934174040996,5,3.121083633879047,1.1788788788788789,-11103.915244567605,1,0.5879754108955593,0.15525445953611824,-35.21645143537062,1313.7698897329226,6.441038814523463,2023,1,28,5,0,24729.64417290527,-12537.00414481348,4.817177032554687
2023-01-29,31745.00459816917,18481.69509143274,3843.2477046028002,32.0,0.4635502709028498,3,5.0,1.1793793793793794,-16179.93819786637,1,0.5821922323016023,0.12106621981161887,-50.96845441565794,992.0313936927865,8.259942381582718,2023,1,29,6,0,29521.018185856934,-16500.094278830788,0.6803805796318008
2023-01-30,32605.457740887265,19874.63025648249,2549.553576046409,29.0,0.47873384011578846,1,4.079592848305382,1.17987987987988,-13018.726091641634,1,0.6095491869620249,0.07819407401998431,-39.92805804200118,1124.3261289961126,12.788692909700892,2023,1,30,0,0,27885.900040137556,-15773.594364617475,2.7105150987053905
2023-01-31,32131.41383419745,19593.613092629374,4556.504568283049,27.0,0.49377555015997676,4,5.0,1.1803803803803805,-13618.703826714973,1,0.6097961699953551,0.14180840568657338,-42.38439023252874,1190.0523642295352,7.051768159711292,2023,1,31,1,0,27806.506863284958,-17145.791611994977,-1.4538790114740907
2023-02-01,31401.476584545104,18438.728070897065,1655.3139255321132,31.0,0.5086709438521035,3,4.616347265759348,1.1808808808808808,-13492.565411884074,2,0.5871930264569811,0.05271452509805895,-42.967932974606434,1012.9508575659711,18.97010355570522,2023,1,32,2,0,29778.3153224064,-14968.673347545337,-2.2717246536953617
2023-02-02,32410.14358974275,19893.763869226947,2787.3979191178732,26.0,0.5234156073655488,2,3.6934416572445987,1.1813813813813814,-11071.018198602069,2,0.613812888984638,0.08600387441665135,-34.159114932480136,1246.543984220875,11.627383147361886,2023,1,33,3,0,33998.55485803187,-11604.104077152811,3.212164251199834
2023-02-03,27826.911569682117,16380.358077226605,4140.29761312944,29.0,0.5380051715382993,3,3.7411256558248938,1.181881881881882,-15893.744120673928,2,0.5886516739814301,0.14878753622232238,-57.11645031420025,959.5486748166247,6.720993070990656,2023,1,34,4,0,30081.40292100906,-14082.890885638151,-14.14135055393938
2023-02-04,30914.33757504318,18675.1851640449,2599.5632801778265,28.0,0.5524353131676188,4,3.4707359680985235,1.1823823823823825,-12760.410869179545,2,0.6040946249846602,0.08408924415305688,-41.27667571140483,1104.0834848229708,11.892127347224433,2023,1,35,5,0,31530.47735359014,-11103.915244567605,11.09510840838286
2023-02-05,28593.414956519075,17566.220980217673,1770.740461650857,29.0,0.5667017562911164,4,2.1097563073228,1.182882882882883,-13943.546485349456,2,0.6143449814207209,0.061928260907049934,-48.76488697328696,985.9798260868646,16.147716492490098,2023,1,36,6,0,31745.00459816917,-16179.93819786637,-7.507592918302619
2023-02-06,33705.55883894529,20206.529021015318,2127.0204341340705,28.0,0.5808002734537993,3,3.5144378019745792,1.1833833833833833,-11027.990616204099,2,0.5995013795073934,0.06310592399009246,-32.71861080511664,1203.7699585337602,15.846372840638521,2023,1,37,0,0,32605.457740887265,-13018.726091641634,17.878745474089254
2023-02-07,31685.740599490942,19238.81481576513,4216.306475235629,25.0,0.5947266869607641,3,4.4685396420337575,1.1838838838838839,-11769.380691509818,2,0.607175797433443,0.1330663697759164,-37.14409216522748,1267.4296239796377,7.515046827263709,2023,1,38,1,0,32131.41383419745,-13618.703826714973,-5.992537459787006
2023-02-08,30271.42693705465,17904.641340289003,2725.638639883264,28.0,0.6084768701151251,5,3.020288004143037,1.1843843843843844,-12758.853043117617,2,0.5914700148598641,0.09003997880743654,-42.14817183758113,1081.1223906090947,11.10617764736089,2023,1,39,2,0,31401.476584545104,-13492.565411884074,-4.463565110606926
2023-02-09,32920.10393255761,19653.82906782052,3975.8098906035593,30.0,0.622046748440866,4,3.829562399249448,1.184884884884885,-14709.535025866466,2,0.5970160090649989,0.12077148658912731,-44.68252911959643,1097.3367977519204,8.280100115038469,2023,1,40,3,0,32410.14358974275,-11071.018198602069,8.749759306062877
2023-02-10,31328.692911384387,18694.28603139046,2154.104651447443,28.0,0.6354323008901783,3,4.181272836714558,1.1853853853853855,-11919.697771453517,2,0.5967145225071688,0.06875820378272701,-38.04722337178029,1118.8818896922996,14.543719076198636,2023,1,41,4,0,27826.911569682117,-15893.744120673928,-4.8341615944879734
2023-02-11,32843.29662784047,19332.68880343416,4328.44062066354,30.0,0.6486295610349819,2,2.7722556485500194,1.1858858858858858,-14817.83279625723,2,0.5886342355488854,0.13179068683971346,-45.116764508032084,1094.776554261349,7.587789577394195,2023,1,42,5,0,30914.33757504318,-12760.410869179545,4.834557639350789
2023-02-12,30375.674822188397,18137.017811755144,3506.2944019239985,26.0,0.6616346182422784,4,3.1389577085250684,1.1863863863863864,-12067.637391490745,2,0.5970902018778088,0.1154309960996412,-39.72796476829462,1168.2951854687844,8.663184359396759,2023,1,43,6,0,28593.414956519075,-13943.546485349456,-7.51331948681525
2023-02-13,31926.118431888917,18381.361909701478,3110.0222619266874,28.0,0.6744436188329439,2,2.6856708076182727,1.186886886886887,-11965.265739739249,2,0.575746843416503,0.09741310296024866,-37.477984570112746,1140.2185154246042,10.2655594536196,2023,1,44,0,0,33705.55883894529,-11027.990616204099,5.104227704491926
2023-02-14,30291.747239744538,17929.471470275672,2489.717015899634,27.0,0.6870527672236676,2,2.8422675146484746,1.1873873873873875,-11727.441246430768,2,0.5918929445823171,0.08219126470964938,-38.714971287769366,1121.916564434983,12.166743066098586,2023,1,45,1,0,31685.740599490942,-11769.380691509818,-5.119229246834822
2023-02-15,27723.02229927238,16491.375632878593,2033.2666398375566,30.0,0.6994583270516472,3,2.4699157730775507,1.187887887887888,-14801.61997344377,2,0.5948621133313963,0.07334217091802872,-53.39107624579682,924.1007433090793,13.634720481858322,2023,1,46,2,0,30271.42693705465,-12758.853043117617,-8.47994973727313
2023-02-16,29510.481364702377,17578.198942573734,4594.960449378064,28.0,0.7116566222817745,2,2.7796412308975786,1.1883883883883883,-15062.678027249422,2,0.5956595124740696,0.15570604872864316,-51.04179034255253,1053.945763025085,6.422358078989922,2023,1,47,3,0,32920.10393255761,-14709.535025866466,6.44756205198056
2023-02-17,30806.250899762803,18363.00181692229,3357.979912967594,30.0,0.7236440382959118,3,4.635564544638271,1.1888888888888889,-14914.73083012708,2,0.5960803824091324,0.1090031995095336,-48.414624936531695,1026.8750299920935,9.174042638193738,2023,1,48,4,0,31328.692911384387,-11919.697771453517,4.390879020395455
2023-02-18,30405.653891738933,18212.510235113292,4617.565065984683,31.0,0.7354170229639858,2,2.767618376727766,1.1893893893893894,-17224.42140935904,2,0.5989843303472431,0.1518653432820681,-56.64874523234257,980.8275448948043,6.58478082219617,2023,1,49,5,0,32843.29662784047,-14817.83279625723,-1.3003757235092617
2023-02-19,30615.73938823634,18609.164391984836,2090.869163862487,30.0,0.7469720876965552,4,3.601167375248552,1.18988988988989,-14084.294167610984,2,0.6078299843098071,0.06829393003867394,-46.00344283379506,1020.5246462745447,14.642589750417251,2023,1,50,6,0,30375.674822188397,-12067.637391490745,0.6909422084636851
2023-02-20,29238.532961605473,17980.37831402954,4183.696281038978,29.0,0.7583058084785621,2,3.0977049970632353,1.1903903903903905,-16125.541633463046,2,0.6149548726552199,0.14308844723956538,-55.151678282348406,1008.2252745381197,6.98868440668556,2023,1,51,0,0,31926.118431888917,-11965.265739739249,-4.498360824040848
2023-02-21,30060.25557968564,17711.270734387246,3809.4482157826883,26.0,0.7694148268839383,1,4.443092749629551,1.1908908908908908,-12260.463370484295,2,0.589192287052819,0.12672707341706926,-40.78629118100302,1156.1636761417553,7.890973673075503,2023,1,52,1,0,30291.747239744538,-11727.441246430768,2.8104098764435648
2023-02-22,29346.924231929555,17006.55411146316,3318.219390197138,28.0,0.7802958510707756,2,4.548929837282893,1.1913913913913914,-13377.849269730743,2,0.5795003925133649,0.11306872788347966,-45.585183523851526,1048.104436854627,8.844178392371466,2023,1,53,2,0,27723.02229927238,-14801.61997344377,-2.3730049329259373
2023-02-23,32974.36248500476,19263.595284881307,4743.0965525316105,27.0,0.790945656756777,5,4.191255985711157,1.191891891891892,-12632.329352408153,2,0.5841991727252198,0.14384194856499666,-38.30954838976117,1221.272684629806,6.9520748987082746,2023,1,54,3,0,29510.481364702377,-15062.678027249422,12.360539811284688
2023-02-24,31962.562239257604,18933.9358829571,3098.7075852697017,28.0,0.801361088174676,4,3.7449076424822043,1.1923923923923925,-12470.081228969197,2,0.5923785377788561,0.09694803445587832,-39.014648248859665,1141.520079973486,10.314804272335262,2023,1,55,4,0,30806.250899762803,-14914.73083012708,-3.0684452086292224
2023-02-25,30113.915509269387,17892.388646653377,1724.0002317263156,28.0,0.8115390590073611,2,3.315152370527281,1.192892892892893,-11902.473369110305,2,0.5941568322839289,0.057249288329697605,-39.524828199264206,1075.4969824739067,17.467466045010347,2023,1,56,5,0,30405.653891738933,-17224.42140935904,-5.783787658042138
2023-02-26,31682.768782986583,18624.66323669322,3487.490780013821,27.0,0.8214765533024141,4,2.546500236647,1.1933933933933933,-12029.385233720459,2,0.5878483463444815,0.11007531582550886,-37.968225934155576,1173.435880851355,9.084688901417259,2023,1,57,6,0,30615.73938823634,-14084.294167610984,5.209728616108666
2023-02-27,30761.650363123324,17808.931885749047,3715.0988477489495,25.0,0.8311706263658075,3,5.0,1.1938938938938939,-10762.380370374673,2,0.578932914051262,0.12077046595011569,-34.98635555417559,1230.466014524933,8.28017009069958,2023,1,58,0,0,29238.532961605473,-16125.541633463046,-2.9073166747910384
2023-02-28,31987.52745640833,18964.456060107903,3085.764327250601,27.0,0.8406184056344774,5,2.8922615857979572,1.1943943943943944,-11662.692930950174,2,0.5928703331619523,0.09646773516508242,-36.46012636282611,1184.7232391262344,10.366160232628342,2023,1,59,1,0,30060.25557968564,-12260.463370484295,3.985082330805545
2023-03-01,32288.415253861567,19463.762462373925,2828.3661366176093,29.0,0.8498170915275278,3,4.030917077626273,1.194894894894895,-13203.713345129967,3,0.6028094692583631,0.08759693265773853,-40.89303622156202,1113.3936294435023,11.41592484644675,2023,1,60,2,0,29346.924231929555,-13377.849269730743,0.9406409978491626
2023-03-02,29178.29881673593,17804.494022959338,2760.9131840630153,26.0,0.8587639582758027,4,4.347652458098718,1.1953953953953955,-12187.108390286423,3,0.6101964386198943,0.09462214371728299,-41.76771396725915,1122.242262182151,10.568350712787193,2023,1,61,3,0,32974.36248500476,-12632.329352408153,-9.632298187052335
2023-03-03,32026.143417725485,18936.974524081128,2850.615534430883,29.0,0.8674563547295963,1,3.0557756024757365,1.1958958958958958,-12961.446640786526,3,0.5912973746817138,0.08900901670393305,-40.47145630907518,1104.3497730250167,11.234816842503248,2023,1,62,4,0,31962.562239257604,-12470.081228969197,9.760146123927239
2023-03-04,31703.838090938167,18815.80394349118,3003.265889470457,33.0,0.875891705144243,3,4.33041002185277,1.1963963963963964,-16515.23174202347,3,0.5934866273768051,0.09472877955205282,-52.092215758394175,960.7223663920656,10.556453959701939,2023,1,63,5,0,30113.915509269387,-11902.473369110305,-1.0063819504690374
2023-03-05,31750.92689696265,18587.20698375393,3340.8149131241694,31.0,0.8840675099433634,5,4.111370562671084,1.196896896896897,-14977.09499991545,3,0.5854067518744474,0.10521944521385791,-47.1705756764795,1024.2234482891176,9.503946708400768,2023,1,64,6,0,31682.768782986583,-12029.385233720459,0.14852714642754616
2023-03-06,31258.02087653569,18739.092940734026,3890.508429516194,32.0,0.8919813464595481,3,4.882371068305412,1.1973973973973975,-16971.58049371453,3,0.5994971023517619,0.12446432372935881,-54.295121756907214,976.8131523917403,8.034430831556582,2023,1,65,0,0,30761.650363123324,-10762.380370374673,-1.5524145862781502
2023-03-07,31554.602035155964,18508.54690399817,2545.706705963921,30.0,0.8996308696522427,2,3.124522826858631,1.197897897897898,-13499.651574806127,3,0.5865561823082801,0.0806762418720309,-42.781878724902775,1051.8200678385322,12.395222890850635,2023,1,66,1,0,31987.52745640833,-11662.692930950174,0.9488161767877923
2023-03-08,31365.97156697781,19106.14684680728,2654.718170060356,31.0,0.9070138128026358,2,2.4713087861762277,1.1983983983983983,-15323.337831395207,3,0.6091361399728581,0.08463688632732332,-48.853381756960026,1011.805534418639,11.81517944944969,2023,1,67,2,0,32288.415253861567,-13203.713345129967,-0.5977906739815464
2023-03-09,31262.714906418038,17864.695697883766,2762.5417748437003,27.0,0.9141279881853335,4,3.095608195644391,1.198898898898899,-10964.522566309428,3,0.5714377574487703,0.08836538295260364,-35.07220213961162,1157.8783298673347,11.31664874395857,2023,1,68,3,0,29178.29881673593,-12187.108390286423,-0.3291996243103168
2023-03-10,33582.76245513535,19969.842636854977,2652.6525710316587,28.0,0.9209712877166341,3,3.6670828340274655,1.1993993993993994,-11439.732752751284,3,0.5946456210543591,0.07898851604526133,-34.0642994096573,1199.3843733976912,12.660068198103486,2023,1,69,4,0,32026.143417725485,-12961.446640786526,7.421132667659069
2023-03-11,32035.594632539294,19371.91044911945,4387.08173003432,24.0,0.927541683579196,3,3.546570181668045,1.1998998998999,-10923.397546614473,3,0.604699574686307,0.13694397685936066,-34.09768937305545,1334.8164430224706,7.302256170251171,2023,1,70,5,0,31703.838090938167,-16515.23174202347,-4.6070296470190115
2023-03-12,35615.13597109029,21460.998840815424,2654.718170060356,31.0,0.933837228822925,5,3.1852496829803596,1.2004004004004005,-15527.038471043119,3,0.6025808481606209,0.07453904351833046,-43.59674067690437,1148.8753539061383,13.415787925345223,2023,1,71,6,0,31750.92689696265,-14977.09499991545,11.173637885014243
2023-03-13,31540.96639575508,20271.096669443294,2420.8436781837268,32.0,0.9398560579418951,1,1.9726420328182055,1.2009009009009008,-16750.97395187194,3,0.6426910455150627,0.07675236223927287,-53.10862622816261,985.6551998673463,13.02891495225299,2023,1,72,0,0,31258.02087653569,-16971.58049371453,-11.439432882250733
2023-03-14,31090.314872707757,18829.088935908607,3706.1892936275103,28.0,0.945596387427142,3,3.8763863969032855,1.2014014014014014,-13844.96335682836,3,0.6056255465086167,0.11920719712237274,-44.53143499354517,1110.3683883109913,8.388755244143901,2023,1,73,1,0,31554.602035155964,-13499.651574806127,-1.4287815959500016
2023-03-15,29466.030982255445,17177.59129093226,4175.262930047681,29.0,0.951056516295154,5,5.0,1.201901901901902,-15086.823238724497,3,0.5829625069381307,0.14169750016763508,-51.20073092914971,1016.0700338708774,7.057287523188138,2023,1,74,2,0,31365.97156697781,-15323.337831395207,-5.224404761105106
2023-03-16,29083.665250713217,17402.46702688339,4078.758606553892,28.0,0.9562348265919058,3,3.871400990498403,1.2024024024024025,-14797.560382724067,3,0.5983587995827531,0.14024224840278235,-50.87928311360683,1038.702330382615,7.13051887993091,2023,1,75,3,0,31262.714906418038,-10964.522566309428,-1.297649255077793
2023-03-17,29541.129019615037,16836.554245035797,1365.6364192876463,30.0,0.9611297838723003,2,3.987308415242811,1.202902902902903,-12661.061644708407,3,0.5699360452288902,0.046228308281002946,-42.85909870371433,984.7043006538346,21.631767139766605,2023,1,76,4,0,33582.76245513535,-11439.732752751284,1.572923374541313
2023-03-18,32770.912102084054,19622.247386602052,4769.967363921772,31.0,0.9657399376548543,3,3.9579562449240813,1.2034034034034033,-16421.30264843977,3,0.5987702547148263,0.14555491617270022,-50.10938541254536,1057.126196841421,6.8702591866667335,2023,1,77,5,0,32035.594632539294,-10923.397546614473,10.933174152973212
2023-03-19,32599.589712377954,19143.225798926393,2905.3559944477984,26.0,0.9700639218515072,4,3.81763733590592,1.203903903903904,-10248.992080996237,3,0.5872229058041726,0.08912247117467999,-31.43902169144395,1253.8303735529983,11.220514723385538,2023,1,78,6,0,35615.13597109029,-15527.038471043119,-0.5227879809155622
2023-03-20,30878.443536251205,18984.761259530802,2508.181260043578,30.0,0.9741004551724206,2,4.245332773494476,1.2044044044044044,-14614.498983323174,3,0.6148224808430758,0.08122758056438241,-47.329130971792,1029.2814512083735,12.31108932522473,2023,1,79,0,0,31540.96639575508,-16750.97395187194,-5.2796559444833635
2023-03-21,32897.753991192876,19463.882257417958,2237.654895877214,29.0,0.9778483415056568,5,3.8162989449485325,1.204904904904905,-12003.783162102296,3,0.591647753905287,0.06801847008997214,-36.488154070687784,1134.4053100411336,14.701889040980188,2023,1,80,1,0,31090.314872707757,-13844.96335682836,6.53954741135514
2023-03-22,31421.18186931193,18794.326163689537,3225.2081963106057,30.0,0.9813064702716089,4,3.2498582642773792,1.2054054054054055,-14598.352490688212,3,0.5981419235552485,0.1026443947819978,-46.460227216806125,1047.3727289770643,9.742373191676553,2023,1,81,2,0,29466.030982255445,-15086.823238724497,-4.488367571464735
2023-03-23,32187.191486980628,18994.535971486173,2353.3013589055686,30.0,0.9844738167520923,2,2.8632088719929967,1.2059059059059059,-13160.645843411114,3,0.5901271622026811,0.07311297600654142,-40.887835301611986,1072.9063828993542,13.677462669698059,2023,1,82,3,0,29083.665250713217,-14797.560382724067,2.437876528179972
2023-03-24,35917.34095642746,22419.830249783143,2623.767840666282,29.0,0.9873494423939864,4,3.3008210757754597,1.2064064064064064,-12326.257134021962,3,0.6242062929152076,0.07305016938334226,-34.31840110039148,1238.5289984974986,13.689222194028638,2023,1,83,4,0,29541.129019615037,-12661.061644708407,11.588924964005143
2023-03-25,33865.69367366301,20158.79482113885,3047.8761055250666,29.0,0.9899324950873529,3,3.7513035971605326,1.206906906906907,-12540.977253000909,3,0.5952571063623637,0.08999892737751206,-37.03150856394208,1167.7825404711382,11.11124353521872,2023,1,84,5,0,32770.912102084054,-16421.30264843977,-5.71213577656925
2023-03-26,32806.75369537737,20600.330738966022,4784.354200840055,29.0,0.9922222094179324,3,3.2471336311016215,1.2074074074074075,-15777.93124442871,3,0.6279295699369581,0.14583442925394333,-48.09354619762911,1131.267368806116,6.857091326895705,2023,1,85,6,0,32599.589712377954,-10248.992080996237,-3.126881110098645
2023-03-27,29878.838505550768,18334.378984389594,4503.308359921495,31.0,0.994217906893952,4,3.7514709465051443,1.207907907907908,-17758.84883876032,3,0.6136242203987785,0.15071898993278768,-59.43620879192193,963.8335001790571,6.634863997203966,2023,1,86,0,0,30878.443536251205,-14614.498983323174,-8.924733050436373
2023-03-28,29409.10953457842,17886.499084414743,2032.3395047747938,30.0,0.995918996147179,5,3.851320106960334,1.2084084084084084,-14509.729054611118,3,0.6081958742540059,0.06910578174375613,-49.337532772119395,980.303651152614,14.470569245681853,2023,1,87,1,0,32897.753991192876,-12003.783162102296,-1.5721125534551295
2023-03-29,32074.39902640904,19429.005989504185,4281.83974646036,30.0,0.9973249731081555,2,4.166543545016145,1.208908908908909,-15636.446709555506,3,0.6057480912894724,0.1334971153453204,-48.750552416215044,1069.1466342136346,7.490798564547813,2023,1,88,2,0,31421.18186931193,-14598.352490688212,9.062802424183714
2023-03-30,32207.901560108956,19521.6395851735,4267.806630879124,27.0,0.9984354211555643,3,4.5262359750711845,1.2094094094094094,-13181.544655943668,3,0.6061133647201653,0.13250806243661056,-40.92643114716188,1192.8852429669985,7.546710604710425,2023,1,89,3,0,32187.191486980628,-13160.645843411114,0.41622770107085927
2023-03-31,31846.842520522034,18144.269222640414,4174.290326556457,29.0,0.9992500112396835,3,3.562405934783086,1.20990990990991,-13671.717028674837,3,0.5697352637376307,0.13107391490589856,-42.92958405488649,1098.166983466277,7.629283070685166,2023,1,90,4,1,35917.34095642746,-12326.257134021962,-1.1210262764653756
2023-04-01,31880.08078671241,18988.606774952066,2267.575314421978,31.0,0.9997685019798909,3,2.4537787478818713,1.2104104104104105,-14176.101302661635,4,0.595626055717729,0.07112828005652676,-44.46695539294311,1028.3897027971746,14.059105593517577,2023,2,91,5,0,33865.69367366301,-12540.977253000909,0.10436911027822404
2023-04-02,33748.233501300696,20671.519086372577,3765.461535706159,30.0,0.9999907397361901,3,3.223916722544648,1.2109109109109109,-14688.74712077804,4,0.612521514217207,0.11157507060513355,-43.52449179365764,1124.9411167100232,8.962575551836489,2023,2,92,6,0,32806.75369537737,-15777.93124442871,5.859937203694066
2023-04-03,34021.104021667015,20388.213821263158,4936.4829556658415,31.0,0.9999166586547379,1,3.5352500539252794,1.2114114114114114,-16103.592755261983,4,0.5992813698308709,0.1451006102718461,-47.33412750217069,1097.4549684408714,6.891769773583304,2023,2,93,0,0,29878.838505550768,-17758.84883876032,0.808547565477169
2023-04-04,31266.89765600869,18057.543670203428,3091.4590127231804,33.0,0.9995462806873573,4,2.031384995058328,1.211911911911912,-16282.10502691792,4,0.5775291130213309,0.09887322518321807,-52.0745780603178,947.4817471517784,10.113961571971982,2023,2,94,1,0,29409.10953457842,-14509.729054611118,-8.095581977305189
2023-04-05,32440.76668513212,19438.257785790534,3130.4123190737632,32.0,0.9988797155850336,3,4.610931616081986,1.2124124124124125,-15727.903419732178,4,0.5991923056090797,0.09649624959413977,-48.4819103456652,1013.7739589103787,10.363097055128764,2023,2,95,2,0,32074.39902640904,-15636.446709555506,3.754350821875807
2023-04-06,34380.931600206015,21480.611718251355,3286.372635114015,30.0,0.9979171608653922,2,3.613902330008373,1.212912912912913,-14386.052753159354,4,0.6247827129304035,0.09558707347808815,-41.84311501632827,1146.0310533402005,10.461665616629999,2023,2,96,3,0,32207.901560108956,-13181.544655943668,5.980638293493512
2023-04-07,32193.611381258386,19939.612686522392,3705.261861495273,29.0,0.9966589017541702,4,3.805082267664228,1.2134134134134134,-14651.26316675928,4,0.6193655148030488,0.1150930791086179,-45.509846637735585,1110.1245303882201,8.68861974798902,2023,2,97,4,0,31846.842520522034,-13671.717028674837,-6.36201556252921
2023-04-08,34273.01607078847,20532.80763779007,3370.634671705109,25.0,0.9951053111006977,4,4.592421170021012,1.213913913913914,-9630.426238706706,4,0.5990954398463508,0.09834660202484963,-28.09915012678122,1370.9206428315388,10.168119481619975,2023,2,98,5,0,31880.08078671241,-14176.101302661635,6.459060044256537
2023-04-09,32099.34249930277,19735.3301381107,2333.816453511294,30.0,0.9932568492674144,3,2.9958857358861226,1.2144144144144144,-13969.804092319226,4,0.6148203857614645,0.07270605164457768,-43.52053034302078,1069.9780833100924,13.754013281982129,2023,2,99,6,0,33748.233501300696,-14688.74712077804,-6.342230187725917
2023-04-10,32393.806556926847,19253.030423972083,1779.3326250101027,29.0,0.9911140639934547,2,3.959233544707224,1.214914914914915,-11838.556492055337,4,0.5943429460856356,0.05492817344214287,-36.54574052990963,1117.0278123078224,18.20559354760492,2023,2,100,0,0,34021.104021667015,-16103.592755261983,0.9173523028718655
2023-04-11,32584.425628386063,18698.71958361828,4238.799556930234,31.0,0.9886775902323405,3,3.4121087015184512,1.2154154154154155,-15153.09351216245,4,0.5738545094171864,0.13008667408387845,-46.504098875266855,1051.110504141486,7.687182465401576,2023,2,101,1,0,31266.89765600869,-16282.10502691792,0.5884429516618717
2023-04-12,32218.39273524503,18868.80264708224,4354.52450134622,30.0,0.9859481499638306,2,3.3527305063872643,1.2159159159159159,-15004.93441318343,4,0.5856531330453638,0.13515647838579564,-46.57257280487773,1073.9464245081676,7.3988314281581316,2023,2,102,2,0,32440.76668513212,-15727.903419732178,-1.1233369503440338
2023-04-13,33234.83165306782,20722.343376094792,1981.9650137021542,29.0,0.9829265519799822,2,2.8822460897564968,1.2164164164164164,-12669.476736729126,4,0.6235128130754941,0.059635175360342296,-38.12107992296582,1146.0286776919938,16.768626803854513,2023,2,103,3,0,34380.931600206015,-14386.052753159354,3.1548405476815367
2023-04-14,32428.962944329578,19320.381225683093,5227.807581128031,26.0,0.9796136916454902,4,4.832482570949222,1.216916916916917,-12919.225862481548,4,0.5957754880675699,0.161207979117388,-39.83854150581328,1247.2678055511376,6.203166899523148,2023,2,104,4,0,32193.611381258386,-14651.26316675928,-2.424771448071572
2023-04-15,31669.315367714713,18879.89723094132,2358.625649197519,28.0,0.9760105506323685,1,3.1995999679395433,1.2174174174174175,-11969.207512424124,4,0.5961574164684479,0.07447668577016414,-37.79433616877659,1131.0469774183825,13.427020679813959,2023,2,105,5,0,34273.01607078847,-9630.426238706706,-2.342497285278422
2023-04-16,33347.683365427256,19858.690921118912,4107.585906218497,31.0,0.9721181966290617,1,4.059571397516562,1.217917917917918,-15418.593461910154,4,0.5955043624321782,0.12317455042400274,-46.23587579668327,1075.7317214653954,8.118560177875285,2023,2,106,6,0,32099.34249930277,-13969.804092319226,5.299666185469731
2023-04-17,32144.340148058174,20238.672383621408,4130.785166364238,34.0,0.9679377830240639,1,1.9999940900224509,1.2184184184184184,-19425.11740192747,4,0.629618535966246,0.12850738722081922,-60.43091042607989,945.4217690605345,7.781653814824366,2023,2,107,0,0,32393.806556926847,-11838.556492055337,-3.608476199628996
2023-04-18,31984.297701495925,20003.558078578586,4574.623669462124,30.0,0.963470548564149,2,4.443990823751829,1.218918918918919,-16593.884046544787,4,0.6254180806240747,0.14302717265066495,-51.88134565721192,1066.143256716531,6.991678444503957,2023,2,108,1,0,32584.425628386063,-15153.09351216245,-0.49788686227524304
2023-04-19,33357.51012752021,21123.896193236193,4622.504307952829,31.0,0.9587178169872969,1,4.341768924765647,1.2194194194194194,-17188.89037366881,4,0.6332575816505205,0.13857462053617803,-51.529296724961014,1076.0487137909745,7.216328618694846,2023,2,109,2,0,32218.39273524503,-15004.93441318343,4.293395586922832
2023-04-20,32135.434386359877,19201.7380266159,2392.461609969828,32.0,0.9536809966304463,5,3.5779472882378425,1.21991991991992,-15058.765250225853,4,0.5975253919320357,0.07444933157602891,-46.860313351225955,1004.2323245737462,13.431954039490376,2023,2,110,3,0,33234.83165306782,-12669.476736729126,-3.6635700221285705
2023-04-21,32384.479276927945,19578.499810530313,4728.273384742987,29.0,0.9483615800121713,2,3.3184460270896605,1.2204204204204205,-15122.293918345356,4,0.6045642927622694,0.14600430484956436,-46.69611571960371,1116.7061819630326,6.849113120536759,2023,2,111,4,0,32428.962944329578,-12919.225862481548,0.7749852937223078
2023-04-22,30331.15124144387,17440.369470155925,2043.5754930353276,31.0,0.9427611433904206,2,3.8200000044908533,1.2209209209209209,-13952.793721747383,4,0.5749985990088552,0.06737546744493587,-46.00153027717118,978.4242335949635,14.842197582039379,2023,2,112,5,0,31669.315367714713,-11969.207512424124,-6.340469512958791
2023-04-23,30889.178859824817,19271.97452895403,3258.791204973126,29.0,0.9368813462954321,2,5.0,1.2214214214214214,-14841.586874102339,4,0.6239069875055697,0.105499444312247,-48.04785177829913,1065.1440986146488,9.478722911945367,2023,2,113,6,0,33347.683365427256,-15418.593461910154,1.8397838378731546
2023-04-24,33051.18075558666,19246.818677718027,3943.091538919005,32.0,0.930723931037979,5,2.0894106408772117,1.221921921921922,-15738.72946105037,4,0.582333769557226,0.11930259218507652,-47.61926533710915,1032.8493986120832,8.382047545527593,2023,2,114,0,0,32144.340148058174,-19425.11740192747,6.999221007372891
2023-04-25,32973.646348973656,19892.575591265508,3999.2977613883522,31.0,0.924290722193093,3,4.125621910059302,1.2224224224224225,-15718.227003680204,4,0.6032871033046877,0.12128770106472726,-47.66905921573776,1063.6660112572147,8.244859051836862,2023,2,115,1,0,31984.297701495925,-16593.884046544787,-0.2345889158586245
2023-04-26,31447.041019837605,18319.57334808614,2617.136503171023,31.0,0.9175836260593937,3,2.770706158276878,1.222922922922923,-14289.66883141956,4,0.5825531672925819,0.08322361717657524,-45.44042417983068,1014.4206780592775,12.015819955029157,2023,2,116,2,0,33357.51012752021,-17188.89037366881,-4.629774071630899
2023-04-27,34717.56642256182,20536.10644016774,4563.102469796476,29.0,0.9106046300942172,4,3.484065282960215,1.2234234234234234,-13581.642487402398,4,0.5915191805270658,0.1314349748555839,-39.12037589874425,1197.157462846959,7.60832496144017,2023,2,117,3,0,32135.434386359877,-15058.765250225853,10.40010537290641
2023-04-28,33244.91511645089,19528.31785434568,1349.3374870217735,32.0,0.9033558023246842,3,3.3016959047370698,1.223923923923924,-13232.740224916568,4,0.5874076617714781,0.040587785599550785,-39.80380211098355,1038.9035973890902,24.637954133941907,2023,2,118,4,0,32384.479276927945,-15122.293918345356,-4.241804532572024
2023-04-29,33515.39556947767,19805.29971134869,2012.4958596057047,35.0,0.8958392907349088,3,3.1573453937617955,1.2244244244244245,-16302.400001476726,4,0.590931402563701,0.060046907560251994,-48.64152645216951,957.5827305565048,16.653646967524256,2023,2,119,5,0,30331.15124144387,-13952.793721747383,0.8135994695108506
2023-04-30,32778.06384459245,19397.27695518098,3624.518312100148,28.0,0.8880573226294933,2,3.4916278967578167,1.224924924924925,-12643.73142268868,4,0.5917761661319432,0.11057755971447049,-38.57375921480663,1170.6451373068733,9.043426194086441,2023,2,120,6,0,30889.178859824817,-14841.586874102339,-2.19997918078193
2023-05-01,31084.095137927005,18376.322685293664,2426.976354266445,30.0,0.880012203973536,3,2.5926630837777678,1.2254254254254255,-13719.203901633104,5,0.5911808789592831,0.0780777546683413,-44.135767313663024,1036.1365045975667,12.807745359069306,2023,2,121,0,0,33051.18075558666,-15738.72946105037,-5.167995018549288
2023-05-02,34759.62952563995,21272.444671274123,3839.716959258558,31.0,0.8717063187093217,3,4.323344348902374,1.2259259259259259,-15152.532104892727,5,0.6119870942693104,0.11046484130178212,-43.59232912340356,1121.2783717948373,9.05265411343027,2023,2,122,1,0,32973.646348973656,-15718.227003680204,11.824485710147869
2023-05-03,30229.00137460974,17584.96942823458,2914.6155971969642,32.0,0.8631421280499114,4,2.0646851910411197,1.2264264264264264,-15870.583650821805,5,0.581725119209685,0.09641785916371814,-52.50118405880253,944.6562929565544,10.371522544407396,2023,2,123,2,0,31447.041019837605,-14289.66883141956,-13.0341669714525
2023-05-04,34846.86494850448,21018.38968260962,2367.3266072920364,29.0,0.8543221697498273,2,3.931811610262674,1.226926926926927,-11738.851341397176,5,0.6031644371357333,0.06793513880776339,-33.686965409211,1201.616032707051,14.719922819760598,2023,2,124,3,0,34717.56642256182,-13581.642487402398,15.276269026119493
2023-05-05,35140.99201548351,21693.574785442885,4628.693527260221,25.0,0.8452490573530629,3,3.238771317972343,1.2274274274274275,-11181.276297219592,5,0.6173296068558467,0.13171778204840567,-31.81832855570212,1405.6396806193404,7.591989361258031,2023,2,125,4,0,33244.91511645089,-13232.740224916568,0.8440560360700511
2023-05-06,31027.231071623348,18359.740460717312,3671.1834603036123,33.0,0.8359254794186369,1,2.5632600849540372,1.227927927927928,-17403.692849397576,5,0.5917299039136181,0.11832133688723438,-56.09167253508005,940.2191233825257,8.451561031236873,2023,2,126,5,0,33515.39556947767,-16302.400001476726,-11.70644511699498
2023-05-07,33897.872083780836,19979.763804894697,2527.424486019744,32.0,0.8263541987239098,2,3.6619066964789564,1.2284284284284284,-14209.316207133605,5,0.5894105610969735,0.07455997473154206,-41.91801825204349,1059.3085026181511,13.412021712729434,2023,2,127,6,0,32778.06384459245,-12643.73142268868,9.252005135524
2023-05-08,32461.686837558453,19361.749789944944,4446.462331184633,27.0,0.8165380514459166,3,2.2544391306348173,1.228928928928929,-12946.525283571125,5,0.5964492814816768,0.13697570164591807,-39.88247853032666,1202.28469768735,7.300564903000081,2023,2,128,0,0,31084.095137927005,-13719.203901633104,-4.236800595249035
2023-05-09,32434.725871481867,20050.698127069474,2861.698727282258,30.0,0.8064799463209446,5,3.5317710573757077,1.2294294294294295,-14477.670982869866,5,0.6181861442738132,0.08822947166630435,-44.636329100593116,1081.1575290493956,11.334081244214333,2023,2,129,1,0,34759.62952563995,-15152.532104892727,-0.08305472913807677
2023-05-10,33323.41484174713,20091.102720524956,3669.5827750459216,34.0,0.7961828637826158,3,2.3616984737507565,1.22992992992993,-17637.270653823747,5,0.602912481086875,0.11012025005458675,-52.92756080846795,980.1004365219744,9.080981922074265,2023,2,130,2,0,30229.00137460974,-15870.583650821805,2.7399305725183787
2023-05-11,32369.87692176341,19156.319005754245,2625.4020817230007,34.0,0.7856498550787149,4,3.869017667454265,1.2304304304304305,-16611.844165713836,5,0.591794619795875,0.08110633500610719,-51.31883635475026,952.0552035812768,12.329493126827904,2023,2,131,3,0,34846.86494850448,-11738.851341397176,-2.8614652025072185
2023-05-12,32394.335307909078,19678.539510339466,4235.449735286523,33.0,0.7748840413670416,2,2.7605141330956995,1.2309309309309309,-17919.65393771691,5,0.6074685380420493,0.13074661650033725,-55.31724533746437,981.6465244820932,7.648381478364455,2023,2,132,4,0,35140.99201548351,-11181.276297219592,0.07555909528103033
2023-05-13,34799.983160344076,20328.843821288232,4552.291255509143,31.0,0.7638886127905428,2,3.1392047863765526,1.2314314314314314,-14881.151916453298,5,0.5841624614477898,0.13081303041251627,-42.76195148683562,1122.580101946583,7.644498387098901,2023,2,133,5,0,31027.231071623348,-17403.692849397576,7.4261374081895815
2023-05-14,31165.998755309265,19040.279008407033,3957.165142745297,31.0,0.7526668275320088,1,3.7351595103545296,1.231931931931932,-16631.445395843064,5,0.6109311354946851,0.12697058656177918,-53.36407001238753,1005.3547985583634,7.8758398073040095,2023,2,134,6,0,33897.872083780836,-14209.316207133605,-10.442488975615017
2023-05-15,33798.05355258362,20483.135785401053,2059.807981747921,31.0,0.7412220108485965,3,2.881966310526211,1.2324324324324325,-13544.890214565357,5,0.6060448349054487,0.060944574176238726,-40.07594754973678,1090.2597920188264,16.408351580375523,2023,2,135,0,0,32461.686837558453,-12946.525283571125,8.445276591131123
2023-05-16,29506.895554379284,17550.233097058124,4137.5642480620445,33.0,0.7295575540864876,2,3.453628800265358,1.232932932932933,-18580.901790740885,5,0.5947841264667844,0.14022363824878775,-62.971388353944235,894.1483501327056,7.131465225754439,2023,2,136,1,0,32434.725871481867,-14477.670982869866,-12.69646487638133
2023-05-17,34066.678496256434,20020.714198530244,4200.284312217431,29.0,0.7176769136759623,2,2.288935599004117,1.2334334334334334,-13354.32001449124,5,0.5876919935335142,0.12329597417837485,-39.20053437542712,1174.7130515950494,8.110564896087194,2023,2,137,2,0,33323.41484174713,-17637.270653823747,15.453279161387101
2023-05-18,34224.52411770268,20091.374009479878,4743.236847103651,29.0,0.7055836101071786,4,4.004700482876925,1.233933933933934,-13810.086738880851,5,0.5870461175846589,0.13859175457899808,-40.351435395817724,1180.156004058713,7.215436466893088,2023,2,138,3,0,32369.87692176341,-16611.844165713836,0.46334315059093356
2023-05-19,31134.393617640562,18948.044838757294,2592.2557472545254,33.0,0.6932812268869787,1,4.9119310444406175,1.2344344344344345,-16805.90696837126,5,0.6085888510133515,0.08326019703771487,-53.97859092668865,943.4664732618352,12.010540877617958,2023,2,139,4,0,32394.335307909078,-17919.65393771691,-9.028994791672618
2023-05-20,33212.440605690426,20541.954614658785,4298.617223550849,31.0,0.6807734094770165,3,5.0,1.234934934934935,-16428.13123251921,5,0.6185018095640717,0.1294279235478512,-49.46378806532065,1071.3690517964653,7.726307991260378,2023,2,140,5,0,34799.983160344076,-14881.151916453298,6.674441820098442
2023-05-21,30396.269000108656,17919.107526550793,3798.4975631781563,34.0,0.6680638642135341,3,3.5729345173331515,1.2354354354354355,-18521.336089620294,5,0.5895166780662041,0.1249659148352904,-60.932925977047006,894.0079117679016,8.002182045544467,2023,2,141,6,0,31165.998755309265,-16631.445395843064,-8.479267269202929
2023-05-22,31210.655936769603,18955.586913837502,1671.2510199569233,30.0,0.6551563572090863,3,4.130563312637749,1.2359359359359359,-13416.181997024822,5,0.6073434327122144,0.053547449414160016,-42.985902072051864,1040.3551978923201,18.675025812444417,2023,2,142,0,0,33798.05355258362,-13544.890214565357,2.6792332198995794
2023-05-23,30580.87755123968,17305.01302144277,3220.6531219189505,31.0,0.6420547132365652,3,2.0754994616740086,1.2364364364364364,-14744.788592122042,5,0.5658769272545373,0.1053159156902086,-48.215714435978704,986.4799210077316,9.49524099416791,2023,2,143,1,0,29506.895554379284,-18580.901790740885,-2.0178313035323803
2023-05-24,32705.269444472207,19330.852801354726,4449.228917359565,29.0,0.6287628145958337,3,4.7021874610444705,1.236936936936937,-14274.812274242082,5,0.5910623312299907,0.13604012420425315,-43.64682669402312,1127.767911878352,7.350772471352507,2023,2,144,2,0,34066.678496256434,-13354.32001449124,6.946798337206017
2023-05-25,34033.06358901861,20404.308686975713,1692.6051040946177,31.0,0.6152845999633287,2,4.120982803779285,1.2374374374374375,-12863.850202051723,5,0.599543694725136,0.04973413867568383,-37.79809645524384,1097.8407609360843,20.10691301041719,2023,2,145,3,0,34224.52411770268,-13810.086738880851,4.059878322668342
2023-05-26,35596.3064589362,20902.942166870802,5060.708669350763,28.0,0.601624063224924,4,3.1128532440390133,1.237937937937938,-12767.344377285368,5,0.5872222218050736,0.14216948815149635,-35.867048150104395,1271.2966592477212,7.033858059152581,2023,2,146,4,0,31134.393617640562,-16805.90696837126,4.59330634701367
2023-05-27,30782.290954057302,18001.12138503958,3845.2577530561175,30.0,0.5877852522924721,4,4.489744640231208,1.2384384384384384,-15064.088184038395,5,0.584788228137611,0.12491785484047242,-48.937514776017196,1026.0763651352433,8.00526074736922,2023,2,147,5,0,33212.440605690426,-16428.13123251921,-13.523918585295725
2023-05-28,31876.804644697586,18792.19300858411,3559.1410069347203,28.0,0.5737722679043242,2,3.296419138683727,1.238938938938939,-12874.529370821243,5,0.5895256195859022,0.11165300432729384,-40.388393737459516,1138.4573087391996,8.956319680110457,2023,2,148,6,0,30396.269000108656,-18521.336089620294,3.555660273219585
2023-05-29,29444.776486345214,17812.962255970313,2076.394461638211,33.0,0.559589262410178,1,3.133579853588355,1.2394394394394395,-16844.58023126331,5,0.6049617073585508,0.07051826196069523,-57.20736321117891,892.2659541316732,14.180723860684061,2023,2,149,0,0,31210.655936769603,-13416.181997024822,-7.62946030965157
2023-05-30,31695.94915295446,18923.90498256949,2872.972221489737,33.0,0.5452404385406528,4,3.880267940341993,1.23993993993994,-16500.928051104765,5,0.5970449059988331,0.09064162135122367,-52.06005338876773,960.4833076652867,11.032459317173279,2023,2,150,1,0,30580.87755123968,-14744.788592122042,7.645405858839549
2023-05-31,35393.34586716321,20116.89190363544,4847.075580096017,28.0,0.5307300481619326,3,2.649316400135745,1.2404404404404406,-11970.621616568245,5,0.5683806210110028,0.1369487812281962,-33.82167275593517,1264.0480666844003,7.301999996142436,2023,2,151,2,0,32705.269444472207,-14274.812274242082,11.66520269314637
2023-06-01,33893.212736379995,19275.577565510463,2716.2716335048262,34.0,0.5160623910158525,3,4.317299811519959,1.2409409409409409,-15298.636462635293,6,0.568714972978074,0.0801420524702652,-45.13775835187845,996.8591981288234,12.477843643585572,2023,2,152,3,0,34033.06358901861,-12863.850202051723,-4.238460914131858
2023-06-02,29621.010938863226,17469.17397438935,3973.867480152216,36.0,0.5012418134457758,3,2.655208150458525,1.2414414414414414,-20622.030515678336,6,0.5897561703901713,0.13415705116729965,-69.61960399745138,822.8058594128674,7.453950361155127,2023,2,153,4,0,35596.3064589362,-12767.344377285368,-12.604888862987929
2023-06-03,31779.824808626367,19296.738178202595,2348.9248948535105,32.0,0.48627270710869236,2,2.659956168141451,1.241941941941942,-15465.838264429738,6,0.6072008985073026,0.07391245574821151,-48.66558691736924,993.119525269574,13.529519346598052,2023,2,154,5,0,30782.290954057302,-15064.088184038395,7.2881167837885785
2023-06-04,32307.77146767264,18010.910459240968,2209.365593290942,30.0,0.47115950767386344,3,2.7722481692733325,1.2424424424424425,-11912.50458485927,6,0.5574791959037719,0.06838495795049333,-36.871947657482345,1076.925715589088,14.623098850538751,2023,2,155,6,0,31876.804644697586,-12874.529370821243,1.661263591682749
2023-06-05,33667.73008174602,19950.772960971797,1402.9301764984561,37.0,0.45590669350845886,3,4.107600030012898,1.242942942942943,-17285.973055724233,6,0.5925784991304986,0.04166987715216053,-51.34285267748522,909.9386508580005,23.99815090283153,2023,2,156,0,0,29444.776486345214,-16844.58023126331,4.209385396433696
2023-06-06,30990.710037846206,18331.30209444901,3483.062467883509,29.0,0.44051878435049546,2,3.0065797107842336,1.2434434434434434,-14023.654524486312,6,0.591509586971793,0.11239053457084247,-45.25115593466709,1068.6451737188347,8.897546433233448,2023,2,157,1,0,31695.94915295446,-16500.928051104765,-7.951293530629922
2023-06-07,32054.08934440558,19926.62249574757,4441.679306659187,32.0,0.4250003399695534,3,2.421603372506265,1.243943943943944,-17914.21245800118,6,0.621656172529056,0.13856825751421312,-55.887447824587035,1001.6902920126744,7.216659990816646,2023,2,158,2,0,35393.34586716321,-11970.621616568245,3.4312841017865248
2023-06-08,31434.277164838786,18668.05539304684,2939.8975105738155,32.0,0.40935595881562137,4,3.0154560000513615,1.2444444444444445,-15773.67573878187,6,0.5938757648268188,0.09352521437528952,-50.179858299479896,982.3211614012121,10.692303745889216,2023,2,159,3,0,33893.212736379995,-15298.636462635293,-1.9336446370608606
2023-06-09,32504.51374657677,19694.202740316527,3118.011920262129,34.0,0.3935902766564672,3,3.4743661034556106,1.244944944944945,-17507.700914001885,6,0.6058913200136898,0.09592550574889015,-53.8623683175255,956.0151101934343,10.424756087476451,2023,2,160,4,0,29621.010938863226,-20622.030515678336,3.40468010804178
2023-06-10,33081.40848504781,19919.473661072418,3050.804918578068,32.0,0.37770796520396577,1,2.5552220130684917,1.2454454454454456,-15488.870094602675,6,0.6021349928336834,0.09222113139339203,-46.82046745864331,1033.794015157744,10.843501753781927,2023,2,161,5,0,31779.824808626367,-15465.838264429738,1.774814239550948
2023-06-11,31987.080308278033,18126.964945063217,3339.8167626703043,31.0,0.36171373072976726,3,2.578655112772525,1.2459459459459459,-14279.701399455487,6,0.5666964527666529,0.10441142894201516,-44.642090687345416,1031.8413002670334,9.577495587722964,2023,2,162,6,0,32307.77146767264,-11912.50458485927,-3.3079854422292665
2023-06-12,31736.098354394173,19425.762620952373,2915.913043008901,30.0,0.34561231267073356,4,5.0,1.2464464464464464,-14605.577309567101,6,0.6121030507287512,0.0918800102787419,-46.021968883723275,1057.8699451464724,10.883760210368283,2023,2,163,0,0,33667.73008174602,-17285.973055724233,-0.7846353948688045
2023-06-13,32273.7617276559,19471.955289321682,4280.577713849037,31.0,0.3294084822245309,4,2.8115476769488903,1.246946946946947,-16278.77127551482,6,0.6033370219944288,0.13263336793432856,-50.439646338360625,1041.0890879889,7.5395808428474425,2023,2,164,1,0,30990.710037846206,-14023.654524486312,1.694169734595885
2023-06-14,32441.03240535803,19718.753763052115,3703.323666101432,30.0,0.3131070409358278,3,3.2415661049815947,1.2474474474474475,-14981.045023795517,6,0.6078337309571974,0.11415554288863455,-46.179310314801256,1081.3677468452677,8.759977612086333,2023,2,165,2,0,32054.08934440558,-17914.21245800118,0.5182868954466846
2023-06-15,31396.632365611535,20801.09827258508,2954.1716698667,32.0,0.29671281927349036,2,3.2062103993605713,1.247947947947948,-17958.637576840247,6,0.6625264146280971,0.09409199163354791,-57.199247892937045,981.1447614253605,10.62789704669676,2023,2,166,3,0,31434.277164838786,-15773.67573878187,-3.2193797863658613
2023-06-16,30875.36002390007,17483.159544590744,1659.8754595318421,31.0,0.2802306751992168,4,3.1629145537836463,1.2484484484484484,-13067.674980222517,6,0.5662495767193432,0.05376052160191693,-42.323959850531494,995.9793556096797,18.601010001442084,2023,2,167,4,0,32504.51374657677,-17507.700914001885,-1.6602810633996823
2023-06-17,33876.908753658325,21188.493577075547,5222.673893796087,29.0,0.2636654927280084,4,3.997077391975282,1.248948948948949,-15734.25871721331,6,0.6254553427867715,0.1541661882957989,-46.44537915672187,1168.1692673675284,6.486506613767336,2023,2,168,5,0,33081.40848504781,-15488.870094602675,9.721501959604062
2023-06-18,33132.237471145934,19735.618722987383,2245.986950762839,34.0,0.24702218048093558,1,4.25851436037764,1.2494494494494495,-16049.368202604288,6,0.5956621173011529,0.06778856854200731,-48.440339160858954,974.4775726807628,14.751749764126066,2023,2,169,6,0,31987.080308278033,-14279.701399455487,-2.198167748797253
2023-06-19,30192.746595456905,18259.312409475646,1446.1245503349862,31.0,0.23030567023061269,3,3.2552364547747263,1.24994994994995,-14312.690364353726,6,0.6047582438963377,0.04789642259815423,-47.40439999091488,973.959567595384,20.878386020390106,2023,2,170,0,0,31736.098354394173,-14605.577309567101,-8.871996279300365
2023-06-20,32593.545612796428,19533.371245027232,3358.024753381724,29.0,0.21352091543979704,3,2.5108173707261208,1.2504504504504506,-13497.850385612528,6,0.5993018211973327,0.10302729237482353,-41.41264821558164,1123.9153659584974,9.70616597747615,2023,2,171,1,0,32273.7617276559,-16278.77127551482,7.951575421431745
2023-06-21,30401.245011511455,18028.62884020785,3185.1771878127483,32.0,0.19667288979357783,4,4.5195521822791225,1.2509509509509509,-16412.561016509142,6,0.5930227144770319,0.10477127455164019,-53.98647657454328,950.038906609733,9.544600886831008,2023,2,172,2,0,32441.03240535803,-14981.045023795517,-6.726180168702667
2023-06-22,32962.62321254514,19492.657463407708,2991.745630547161,32.0,0.17976658572556242,2,3.4237271270426537,1.2514514514514514,-15121.779881409726,6,0.5913563777287318,0.09076175798437491,-45.87553540233586,1030.0819753920357,11.017856222795453,2023,2,173,3,0,31396.632365611535,-17958.637576840247,8.425241137538354
2023-06-23,32720.30047185318,19796.934650898413,3090.3682168367386,29.0,0.16280701293851763,3,4.884257451885735,1.251951951951952,-13367.00239588197,6,0.6050352339498908,0.09444803905438309,-40.85232165694993,1128.2862231673512,10.587832315123038,2023,2,174,4,0,30875.36002390007,-13067.674980222517,-0.7351439815012517
2023-06-24,31097.992297837878,17900.208530366886,4281.682665182971,33.0,0.14579919691987603,5,1.7035312819478696,1.2524524524524525,-17483.89889771198,6,0.5756065651740295,0.13768357211538249,-56.2219539134929,942.3634029647842,7.263030618946852,2023,2,175,5,0,33876.908753658325,-15734.25871721331,-4.958109035125924
2023-06-25,31777.651842280768,19441.880689129342,2368.8807830358014,30.0,0.12874817745258268,4,3.656322577026656,1.252952952952953,-14033.109629884377,6,0.6118098588789229,0.07454549489034179,-44.16031020647365,1059.2550614093589,13.414626886185731,2023,2,176,6,0,33132.237471145934,-16049.368202604288,2.1855415550094737
2023-06-26,27587.474577175097,16344.38754386243,3584.9838213163644,36.0,0.11165900712169516,5,5.0,1.2534534534534534,-21141.896788003698,6,0.592456823046253,0.12994969188961042,-76.63585417672031,766.3187382548638,7.695285656002011,2023,2,177,0,0,30192.746595456905,-14312.690364353726,-13.185924768458069
2023-06-27,29901.17260961938,17375.66889625145,2592.779734896023,33.0,0.09453674981720049,5,3.2173886916494734,1.253953953953954,-17249.926157455855,6,0.5811032605009475,0.08671164066863085,-57.6897982653244,906.0961396854358,11.532476981049257,2023,2,178,1,0,32593.545612796428,-13497.850385612528,8.386769966826012
2023-06-28,29682.383997739395,17584.42396964573,2880.7686114385097,31.0,0.07738647923346482,1,3.319605261332291,1.2544544544544545,-15582.808583344846,6,0.5924195297448128,0.09705314140730437,-52.49850748016611,957.4962579915933,10.303633509432581,2023,2,179,2,0,30401.245011511455,-16412.561016509142,-0.7317057920651626
2023-06-29,32864.39699162604,20347.212803406906,3530.2743273536257,31.0,0.06021327736579174,3,3.736409353272271,1.254954954954955,-15813.090139134492,6,0.6191263088926124,0.10741941585762707,-48.11617308287665,1060.1418384395497,9.309304021215242,2023,2,180,3,0,32962.62321254514,-15121.779881409726,10.720206955509326
2023-06-30,33234.36936303158,19672.954074310837,2552.563535957859,32.0,0.04302223300453152,3,3.052963344892034,1.2554554554554556,-14591.148247237114,6,0.5919460622049337,0.0768049337141091,-43.90379154739627,1038.574042594737,13.01999691481147,2023,2,181,4,1,32720.30047185318,-13367.00239588197,1.125754327699413
2023-07-01,34366.49256886827,20799.122350425772,4162.3385347372805,34.0,0.02581844022713446,4,3.250342454357814,1.2559559559559559,-17794.968316294784,7,0.6052151615049354,0.12111618683216561,-51.77999553092244,1010.779193202008,8.256534705684967,2023,3,182,5,0,31097.992297837878,-17483.89889771198,3.4064831905491477
2023-07-02,31963.18537057659,18812.433084488217,2939.610514222163,32.0,0.008606996888690521,2,3.2297479246468774,1.2564564564564564,-15388.858228133791,7,0.5885656534659973,0.09196863454442165,-48.145571380691806,998.8495428305184,10.873272229751233,2023,3,183,6,0,31777.651842280768,-14033.109629884377,-6.993169854257331
2023-07-03,32782.20314035619,20048.282809175525,2257.380457587289,32.0,-0.008606996888689296,5,2.9980634124589014,1.256956956956957,-15123.460126406622,7,0.6115599590222566,0.06885993744600906,-46.13314139277309,1024.443848136131,14.522232187388624,2023,3,184,0,0,27587.474577175097,-21141.896788003698,2.5623784372052594
2023-07-04,27953.530460988743,17114.87214598835,3263.727931382453,33.0,-0.025818440227133234,3,4.483085240160448,1.2574574574574575,-18825.06961638206,7,0.612261559228572,0.11675548231509544,-67.34415762851087,847.0766806360225,8.564908303845094,2023,3,185,1,0,29901.17260961938,-17249.926157455855,-14.729555114687098
2023-07-05,30102.962644824478,18986.08200354289,4675.997390759666,31.0,-0.04302223300452852,4,3.8688624258371482,1.257957957957958,-18359.11674947808,7,0.6307047657585663,0.15533346155759847,-60.98774052936784,971.0633111233702,6.437762926111028,2023,3,186,2,0,29682.383997739395,-15582.808583344846,7.689304887035386
2023-07-06,29960.83858465034,17888.721178040596,2975.33327704221,32.0,-0.06021327736579051,1,3.7005025856826417,1.2584584584584584,-16503.215870432465,7,0.5970701096198762,0.09930740985889977,-55.08262335116167,936.2762057703231,10.069742040607473,2023,3,187,3,0,32864.39699162604,-15813.090139134492,-0.47212648751889796
2023-07-07,29836.707314298877,18236.351790958277,4200.277516991679,28.0,-0.0773864792334636,2,4.146856805512093,1.258958958958959,-14999.921993651078,7,0.6112052378587609,0.14077550423865795,-50.27338250042942,1065.5966897963885,7.1035085642789895,2023,3,188,4,0,33234.36936303158,-14591.148247237114,-0.4143117356369963
2023-07-08,29971.89199589566,18032.16896730687,2954.75576986074,35.0,-0.09453674981719927,4,3.2885153334372266,1.2594594594594595,-19015.03274127195,7,0.6016359918077974,0.09858422585619096,-63.442884232586515,856.3397713113046,10.143610616355023,2023,3,189,5,0,34366.49256886827,-17794.968316294784,0.45308176995790816
2023-07-09,29991.037985286755,18642.55868210356,1518.4654201313742,33.0,-0.11165900712169395,1,2.8806369453176797,1.25995995995996,-16569.98611694818,7,0.6216043169712692,0.050630639088794296,-55.24979203813225,908.8193328874775,19.75088638020614,2023,3,190,6,0,31963.18537057659,-15388.858228133791,0.06387981577444801
2023-07-10,28396.604044859287,16678.546233111207,2286.3891957883566,31.0,-0.1287481774525815,4,3.017900556308354,1.2604604604604606,-15368.331384040277,7,0.5873429867445917,0.08051628963014215,-54.12031438605226,916.0194853180415,12.419847022181198,2023,3,191,0,0,32782.20314035619,-15123.460126406622,-5.316367980360259
2023-07-11,30770.162460794734,18834.60013291548,2815.2170127167315,36.0,-0.1457991969198748,1,3.501426432883687,1.2609609609609609,-19679.65468483748,7,0.6121059697657838,0.0914917825443298,-63.95694111109087,854.7267350220759,10.929943347813536,2023,3,192,1,0,27953.530460988743,-18825.06961638206,8.358599543050428
2023-07-12,28929.761082813166,17260.508001629558,1899.3814257050183,33.0,-0.1628070129385164,4,2.6526306333016785,1.2614614614614614,-16630.12834452141,7,0.5966349999303597,0.06565492954704762,-57.484499429209514,876.6594267519141,15.231148778910969,2023,3,193,2,0,30102.962644824478,-18359.11674947808,-5.981123370169017
2023-07-13,30194.408821973637,18084.551204629934,1688.1650617720322,31.0,-0.17976658572556123,3,3.0997911867306596,1.261961961961962,-14378.307444428328,7,0.5989370850496369,0.0559098564149893,-47.61910567351356,974.0131878056012,17.885933968020392,2023,3,194,3,0,29960.83858465034,-16503.215870432465,4.371442043853535
2023-07-14,34426.09158733305,20701.531194624014,4994.188089076546,34.0,-0.1966728897935766,3,3.0871066865028522,1.2624624624624625,-18469.627696367508,7,0.6013326009462272,0.1450698542530497,-53.650085864418415,1012.5321055097957,6.893230886243741,2023,3,195,4,0,29836.707314298877,-14999.921993651078,14.014789262175764
2023-07-15,27724.77380543692,16760.98448147549,3832.967097596202,34.0,-0.21352091543979584,4,5.0,1.262962962962963,-20069.177773634772,7,0.604549007292121,0.13825061746200956,-72.3871650476699,815.4345236893212,7.2332407504421745,2023,3,196,5,0,29971.89199589566,-19015.03274127195,-19.46581058990111
2023-07-16,26043.491204348375,15567.980201048045,3259.7462070129213,34.0,-0.2303056702306115,3,1.2809480480528666,1.2634634634634634,-19984.235203712593,7,0.5977685587118491,0.12516548497417485,-76.73408701969998,765.985035422011,7.989422964376546,2023,3,197,6,0,29991.037985286755,-16569.98611694818,-6.064188703169293
2023-07-17,30122.687616779636,18180.969161653044,2000.2691205420836,32.0,-0.24702218048093438,2,3.3563042228754933,1.263963963963964,-15658.55066541549,7,0.6035639778545344,0.06640407210636302,-51.982581583102174,941.3339880243636,15.059317422555734,2023,3,198,0,0,28396.604044859287,-15368.331384040277,15.663016837581957
2023-07-18,33117.867202706315,20659.77935040488,2771.0234512929615,34.0,-0.2636654927280072,1,4.880555034251817,1.2644644644644645,-17512.935598991528,7,0.6238257803243021,0.08367155512558248,-52.88062631509197,974.0549177266563,11.951492935670933,2023,3,199,1,0,30770.162460794734,-19679.65468483748,9.943268090919721
2023-07-19,33063.24796589387,20330.67362234393,2231.962651401299,32.0,-0.2802306751992156,3,3.597475571305963,1.264964964964965,-15099.38830785136,7,0.6149024936484121,0.06750584980954268,-45.668194254318315,1033.2264989341834,14.813531017257697,2023,3,200,2,0,28929.761082813166,-16630.12834452141,-0.16492377506720501
2023-07-20,27854.41056217938,17147.223633556074,3626.3092249128845,34.0,-0.2967128192734892,3,4.102733978736874,1.2654654654654656,-20119.122296289577,7,0.6156017408904898,0.1301879720921711,-72.22957474320872,819.247369475864,7.681201142698615,2023,3,201,3,0,30194.408821973637,-14378.307444428328,-15.754161264155364
2023-07-21,32357.700414646817,19186.850485776155,4656.833741661121,29.0,-0.3131070409358283,4,3.5798610520798144,1.265965965965966,-14685.983812790459,7,0.59296087916962,0.1439173266946124,-45.38636437261407,1115.7827729188557,6.948433680414071,2023,3,202,4,0,34426.09158733305,-18469.627696367508,16.167241602240146
2023-07-22,28216.45880888439,16485.25487121647,2927.7897262774136,32.0,-0.3294084822245314,3,2.9661332950268156,1.2664664664664664,-16796.585788609496,7,0.5842425154366229,0.10376177060728661,-59.52761791398441,881.7643377776371,9.637460831164494,2023,3,203,5,0,27724.77380543692,-20069.177773634772,-12.798318646549689
2023-07-23,28120.270840310604,17349.81278330524,1896.4387713955143,36.0,-0.34561231267073406,3,1.7064672523928694,1.266966966966967,-19925.98071439015,7,0.6169859771917332,0.0674402740345216,-70.85984636330784,781.1186344530723,14.827935003468637,2023,3,204,6,0,26043.491204348375,-19984.235203712593,-0.340893126331987
2023-07-24,34322.474477468015,21031.508082745706,3482.644100907168,32.0,-0.3617137307297645,3,3.6643645496290422,1.2674674674674675,-15791.677706184859,7,0.612761999329403,0.1014683280832054,-46.00972962060694,1072.5773274208755,9.855291980173227,2023,3,205,0,0,30122.687616779636,-15658.55066541549,22.0559882668929
2023-07-25,27313.88033541639,17124.663539125326,2227.4200169410515,32.0,-0.37770796520396466,1,2.879514716318087,1.267967967967968,-17638.203220649986,7,0.6269582838041773,0.0815490142589839,-64.57597018091754,853.5587604817622,12.26256392044413,2023,3,206,1,0,33117.867202706315,-17512.935598991528,-20.41983932904552
2023-07-26,29499.969525685006,17397.99140242639,2556.4556595646554,32.0,-0.393590276656466,3,2.859731675067757,1.2684684684684684,-16054.477536306038,7,0.5897630296627365,0.08665960340531209,-54.422013969633895,921.8740476776564,11.539401990139982,2023,3,207,2,0,33063.24796589387,-15099.38830785136,8.003583392118907
2023-07-27,31171.2881701719,18587.998574422967,2544.2042811962106,31.0,-0.40935595881562026,5,3.1008101952167104,1.268968968968969,-14760.914685447276,7,0.5963179472387028,0.08162012000616592,-47.354201741242555,1005.5254248442549,12.251881030369178,2023,3,208,3,0,27854.41056217938,-20119.122296289577,5.665492783074622
2023-07-28,31693.864183662467,18196.57642893476,3925.7688877794535,29.0,-0.4250003399695523,4,4.895889125298795,1.2694694694694695,-13628.481133051748,7,0.5741356220714393,0.12386526505667007,-43.00037715210804,1092.891868402154,8.073288339087526,2023,3,209,4,0,32357.700414646817,-14685.983812790459,1.6764658894996343
2023-07-29,29533.31463172463,17523.753226004337,1656.771996045336,33.0,-0.44051878435049596,3,5.0,1.26996996996997,-16047.210590325045,7,0.59335545110742,0.05609841010753445,-54.33596191430258,894.9489282340796,17.82581713248398,2023,3,210,5,0,28216.45880888439,-16796.585788609496,-6.816933206432929
2023-07-30,29243.28538296723,18044.256485070062,2044.042796265173,33.0,-0.45590669350845936,3,3.6737663500227207,1.2704704704704706,-17245.013898368004,7,0.6170393048785123,0.06989785072014264,-58.970849795188784,886.1601631202192,14.306591543190718,2023,3,211,6,0,28120.270840310604,-19925.98071439015,-0.9820409675446617
2023-07-31,29884.201675657023,17697.273315780116,4471.490034794077,33.0,-0.47115950767386394,4,3.1281862208706177,1.270970970970971,-18684.561674917168,7,0.5921949499556451,0.14962722054029132,-62.52320834167432,905.5818689593037,6.683275919910054,2023,3,212,0,0,34322.474477468015,-15791.677706184859,2.1916699313925037
2023-08-01,30666.234434109723,18719.980558066243,1890.3129065757576,33.0,-0.48627270710868975,3,2.5582188660390317,1.2714714714714714,-16344.059030532277,8,0.6104427525423275,0.061641507066586006,-53.296595855776005,929.2798313366583,16.22283502769954,2023,3,213,1,0,27313.88033541639,-17638.203220649986,2.61687686002241
2023-08-02,29117.36067060827,17375.164849366054,1597.6442681767546,33.0,-0.5012418134457748,1,3.8748321292368555,1.271971971971972,-16255.44844693454,8,0.5967287023684446,0.05486913069663808,-55.8273417389206,882.3442627457051,18.22518394776157,2023,3,214,2,0,29499.969525685006,-16054.477536306038,-5.050746503713732
2023-08-03,32090.709487803884,19416.45420679311,1900.0225513632756,35.0,-0.5160623910158515,1,4.9263244800521155,1.2724724724724725,-17225.767270352502,8,0.6050490785868216,0.05920786986917138,-53.6783621966949,916.8774139372539,16.889646633287928,2023,3,215,3,0,31171.2881701719,-14760.914685447276,10.21160142511468
2023-08-04,28240.569781631075,16370.496174070811,1664.0698916298802,33.0,-0.5307300481619316,3,3.3021276903798746,1.272972972972973,-16193.996284069617,8,0.5796800950071096,0.058924798773439244,-57.34302250021497,855.7748418676083,16.970783453074034,2023,3,216,4,0,31693.864183662467,-13628.481133051748,-11.997677108497895
2023-08-05,28966.76639574879,17422.66456226622,2670.571994657781,32.0,-0.5452404385406517,5,1.5968031673974206,1.2734734734734734,-16726.470161175213,8,0.6014708139747073,0.09219434292982452,-57.74365675704147,905.2114498671497,10.846652497552578,2023,3,217,5,0,29533.31463172463,-16047.210590325045,2.5714658724416584
2023-08-06,28995.082807608276,15901.481699114604,4063.676648226773,33.0,-0.559589262410177,4,4.036039737452419,1.273973973973974,-17370.0755397331,8,0.5484199443273213,0.140150544669611,-59.90696993345097,878.6388729578266,7.13518454285987,2023,3,218,6,0,29243.28538296723,-17245.013898368004,0.09775482521114931
2023-08-07,31216.575044646168,18636.496947706706,2388.8125121670264,35.0,-0.5737722679043247,1,4.28831976916004,1.2744744744744745,-17808.734415227565,8,0.5970064595828548,0.07652385019018036,-57.04896962513468,891.9021441327477,13.0678213068835,2023,3,219,0,0,29884.201675657023,-18684.561674917168,7.661617149977484
2023-08-08,29653.52451649731,16976.878088040816,2810.0390092622038,36.0,-0.5877852522924726,2,2.2313234876913217,1.274974974974975,-18933.39258080571,8,0.5725079350549367,0.09476239519854981,-63.84870901356899,823.7090143471474,10.552709203949115,2023,3,220,1,0,30666.234434109723,-16344.059030532277,-5.007117295582142
2023-08-09,26655.90357504316,16596.539403299303,2724.126229402984,32.0,-0.6016240632249216,4,3.641187346930362,1.2754754754754756,-18264.762057659125,8,0.6226215275942838,0.10219598152934019,-68.52051368748077,832.9969867200988,9.785120559881337,2023,3,221,2,0,29117.36067060827,-16255.44844693454,-10.108818396229646
2023-08-10,31656.000095719777,19382.30373381412,3404.2035124477384,34.0,-0.6152845999633263,4,3.860980812908879,1.275975975975976,-18330.50715054208,8,0.6122789889817699,0.10753738634553588,-57.9053168281376,931.0588263446994,9.299091543724433,2023,3,222,3,0,32090.709487803884,-17225.767270352502,18.75793295320143
2023-08-11,27095.222906907562,16490.469235127577,3844.528787971583,34.0,-0.6287628145958327,3,3.4415141583928492,1.2764764764764764,-20439.7751161916,8,0.6086116837563847,0.1418895427131353,-75.43682215281112,796.9183207913989,7.047735730756046,2023,3,223,4,0,28240.569781631075,-16193.996284069617,-14.407307224606935
2023-08-12,29603.55339093104,18522.635148138314,4192.692510321629,32.0,-0.6420547132365643,3,2.867383264731717,1.276976976976977,-18711.774267528905,8,0.6256895887982376,0.14162801522353893,-63.207865692438126,925.111043466595,7.06074994005704,2023,3,224,5,0,28966.76639574879,-16726.470161175213,9.257463917685694
2023-08-13,28444.68741396282,16592.354187965273,1450.910743635307,34.0,-0.6551563572090854,1,4.312749778850845,1.2774774774774775,-16798.57751763776,8,0.5833199692614826,0.05100814512460029,-59.05699462667232,836.6084533518476,19.60471210151334,2023,3,225,6,0,28995.082807608276,-17370.0755397331,-3.9146178219376715
2023-08-14,32334.68559576951,20274.492956419486,4256.95441693351,31.0,-0.6680638642135333,4,3.177296203225054,1.277977977977978,-16996.761777583484,8,0.6270199503369251,0.1316528779698562,-52.56510605999907,1043.054374057081,7.595732166439721,2023,3,226,0,0,31216.575044646168,-17808.734415227565,13.675658041849958
2023-08-15,26425.746125100475,16321.543457190477,3020.1119538766034,30.0,-0.6807734094770156,4,2.3118510698400545,1.2784784784784784,-16915.909285966605,8,0.6176379421766817,0.11428672399936335,-64.01298644846604,880.8582041700158,8.749922694481738,2023,3,227,1,0,29653.52451649731,-18933.39258080571,-18.27430624976335
2023-08-16,34403.5931065635,20523.87822032863,5036.618141244094,34.0,-0.6932812268869765,2,1.860420411464255,1.278978978978979,-18356.90325500922,8,0.5965620555026588,0.14639802667248758,-53.35751762366675,1011.8703854871618,6.83069316389856,2023,3,228,2,0,26655.90357504316,-18264.762057659125,30.189675416147566
2023-08-17,31348.573632888736,19376.95425332471,3123.8858679929376,33.0,-0.7055836101071765,4,4.508679615999448,1.2794794794794795,-17552.26648842891,8,0.6181127881683192,0.09965001612435644,-55.990638342837705,949.9567767542042,10.03512130647393,2023,3,229,3,0,31656.000095719777,-18330.50715054208,-8.879943046099825
2023-08-18,29979.43391761915,17434.51359436567,4131.791983960009,34.0,-0.7176769136759602,2,3.993331181176895,1.27997997997998,-18786.87166070653,8,0.5815491260533532,0.13782088065150963,-62.665865247259845,881.7480564005632,7.2557945884018435,2023,3,230,4,0,27095.222906907562,-20439.7751161916,-4.36747053088623
2023-08-19,29696.6179981636,17405.713718134324,3465.1684187131887,34.0,-0.7295575540864855,1,3.570378837703335,1.2804804804804806,-18374.26413868391,8,0.5861177094041709,0.1166856245693523,-61.873254859594276,873.4299411224589,8.570035972217369,2023,3,231,5,0,29603.55339093104,-18711.774267528905,-0.9433664432514033
2023-08-20,30735.454571314112,18136.977881168616,2330.215130217604,32.0,-0.7412220108485957,2,3.147780290519357,1.280980980980981,-15331.738440072108,8,0.5900995490106121,0.07581521609875361,-49.88290771655436,960.482955353566,13.189964382577811,2023,3,232,6,0,28444.68741396282,-16798.57751763776,3.4981645829661456
2023-08-21,30162.381577215638,17832.940092297376,3463.2266233223863,34.0,-0.752666827532008,2,3.0768012686374986,1.2814814814814814,-18333.785138404124,8,0.5912311680907917,0.11481940225630172,-60.78361249913131,887.128869918107,8.709329436916802,2023,3,233,0,0,32334.68559576951,-16996.761777583484,-1.8645339790527515
2023-08-22,30738.85604211976,17915.034803891733,4509.770014449376,31.0,-0.763888612790542,3,2.639410681246711,1.281981981981982,-16485.948776221347,8,0.5828139726261689,0.1467123567731306,-53.632278161658185,991.576001358702,6.816058456114607,2023,3,234,1,0,26425.746125100475,-16915.909285966605,1.9112365627639516
2023-08-23,29946.475528983774,18579.426850937925,3994.550753695308,37.0,-0.7748840413670419,3,3.154835484352092,1.2824824824824825,-22227.50207564946,8,0.6204211521638258,0.1333896788565042,-74.22410044259303,809.3642034860479,7.496831903132204,2023,3,235,2,0,34403.5931065635,-18356.90325500922,-2.577781398404133
2023-08-24,30453.03875252983,18142.39605133298,1697.0981432589303,31.0,-0.7856498550787152,3,1.8039302279038605,1.282982982982983,-14186.455442062083,8,0.5957499413691789,0.05572836776815736,-46.58469572559017,982.3560887912848,17.944182470231798,2023,3,236,3,0,31348.573632888736,-17552.26648842891,1.6915620773328532
2023-08-25,28311.867474081293,17163.372968627216,3255.037408559446,34.0,-0.796182863782614,3,2.9111490772251885,1.2834834834834834,-19306.542903105368,8,0.6062253923850058,0.114970777238179,-68.19240348867824,832.7019845318027,8.697862396183961,2023,3,237,4,0,29979.43391761915,-18786.87166070653,-7.031059513792071
2023-08-26,30345.954133437106,17922.396796855424,2654.48336961329,32.0,-0.8064799463209428,2,3.2512499869191247,1.283983983983984,-15830.926033031608,8,0.5906025138655102,0.08747404540127512,-52.168160419079015,948.3110666699096,11.43196242282654,2023,3,238,5,0,29696.6179981636,-18374.26413868391,7.1845725514855685
2023-08-27,28791.46263018332,16364.57592783573,1010.4987911557924,35.0,-0.816538051445916,1,3.987904037752335,1.2844844844844845,-16583.612088808204,8,0.5683829313582717,0.0350971676616541,-57.599060880717104,822.6132180052377,28.492327632823887,2023,3,239,6,0,30735.454571314112,-15331.738440072108,-5.122565915767163
2023-08-28,29656.552047014007,17928.959907404114,3063.6949111436043,33.0,-0.8263541987239091,3,3.468058829301309,1.284984984984985,-17736.10277153371,8,0.6045530808497782,0.10330583630513698,-59.80500613630668,898.6833953640609,9.679995204203909,2023,3,240,0,0,30162.381577215638,-18333.785138404124,3.0046733920484403
2023-08-29,30078.635770687608,17091.053974702678,2010.414373757923,33.0,-0.8359254794186363,3,4.135938491100447,1.2854854854854856,-15422.832577772993,8,0.5682124051436649,0.06683861559030954,-51.275040182516975,911.4738112329578,14.961411022178368,2023,3,241,1,0,30738.85604211976,-16485.948776221347,1.423239367153939
2023-08-30,24116.436157572087,14435.544671500516,3397.213701900504,36.0,-0.8452490573530641,2,4.579308084090743,1.285985985985986,-22516.322215828935,8,0.598577027599828,0.14086715299490243,-93.36504808882906,669.9010043770024,7.098886992031329,2023,3,242,2,0,29946.475528983774,-22227.50207564946,-19.822041327172947
2023-08-31,30715.021116357755,17744.855150398245,2190.8631539888756,34.0,-0.8543221697498276,4,4.346536075059282,1.2864864864864864,-16420.697188029364,8,0.5777256373412666,0.07132872042279333,-53.461454985893766,903.3829740105222,14.019598193723475,2023,3,243,3,0,30453.03875252983,-14186.455442062083,27.36136017640336
2023-09-01,28816.21436012215,18283.366615688694,4026.072772475304,35.0,-0.8631421280499117,4,3.8764078779028455,1.286986986986987,-21493.22502804185,9,0.6344819061656645,0.1397155338366326,-74.58726104489854,823.3204102892043,7.157400272823535,2023,3,244,4,0,28311.867474081293,-19306.542903105368,-6.1820135139818095
2023-09-02,28649.520812281015,17645.39384845597,1635.7724890675938,32.0,-0.8717063187093219,4,3.5094901433446273,1.2874874874874875,-16231.64552524255,9,0.6159053746159701,0.05709598075952451,-56.6559058058822,895.2975253837817,17.514367678729894,2023,3,245,5,0,30345.954133437106,-15830.926033031608,-0.5784713625389237
2023-09-03,26929.216787353296,16210.406968047717,2290.654323204653,31.0,-0.8800122039735354,3,2.715369593269153,1.287987987987988,-16371.844503899074,9,0.6019635511887806,0.0850620477117035,-60.795843537446444,868.6844124952676,11.756124228154599,2023,3,246,6,0,28791.46263018332,-16583.612088808204,-6.0046520016847404
2023-09-04,30337.829734368956,18834.551179448707,1950.2058511306584,35.0,-0.8880573226294928,2,4.091955241103453,1.2884884884884884,-18446.927296210408,9,0.6208272425667787,0.06428297172890123,-60.80503271897645,866.7951352676845,15.556219214899897,2023,3,247,0,0,29656.552047014007,-17736.10277153371,12.657675765068799
2023-09-05,28486.360051368087,16668.658042087984,2164.530853812662,34.0,-0.8958392907349082,4,4.843797905777223,1.288988988988989,-17546.82884453256,9,0.5851452418641832,0.07598481694079086,-61.597300648068774,837.8341191578849,13.160523908075257,2023,3,248,1,0,30078.635770687608,-15422.832577772993,-6.102841565174277
2023-09-06,26569.199538207664,16213.259412259644,1154.7095121285138,36.0,-0.9033558023246836,2,3.7736848317203346,1.2894894894894895,-19598.769386180495,9,0.6102276204800327,0.043460455422000624,-73.76499754159553,738.0333205057684,23.009422940694225,2023,3,249,2,0,24116.436157572087,-22516.322215828935,-6.73009998365287
2023-09-07,30206.815985039313,18223.994807882944,1999.7546629855865,34.0,-0.9106046300942167,3,5.0,1.28998998998999,-17216.933485829217,9,0.6033073733063702,0.06620210034635943,-56.99684963273302,888.4357642658622,15.105260932329195,2023,3,250,3,0,30715.021116357755,-16420.697188029364,13.69110289378721
2023-09-08,28152.137880664286,17023.292769065407,3280.421633416183,35.0,-0.9175836260593939,1,2.2795426335511326,1.2904904904904906,-20151.576521817304,9,0.6046891657474264,0.11652477859130098,-71.58098119311215,804.3467965904082,8.58186569491284,2023,3,251,4,0,28816.21436012215,-21493.22502804185,-6.802034697707493
2023-09-09,27245.814383413046,16983.66538010121,2395.1382682008025,31.0,-0.9242907221930933,4,2.576669292176367,1.290990990990991,-16932.989264888965,9,0.6233495222826109,0.08790848511611885,-62.14895626389345,878.8972381746144,11.375466187127374,2023,3,252,5,0,28649.520812281015,-16231.64552524255,-3.2193771609570376
2023-09-10,27255.933217259502,16719.8059817456,2504.9999748646874,38.0,-0.9307239310379792,2,4.18416120619861,1.2914914914914915,-22368.872739350787,9,0.6134372963299595,0.0919065935074432,-82.06973711392116,717.2614004541974,10.880612171954926,2023,3,253,6,0,26929.216787353296,-16371.844503899074,0.03713903979547517
2023-09-11,30220.552860550037,18276.693547742532,2357.4982181429286,34.0,-0.9368813462954311,5,3.711432168122601,1.291991991991992,-17613.638905335425,9,0.6047769421055483,0.07800976471282267,-58.28364221730801,888.8397900161775,12.81890803902947,2023,3,254,0,0,30337.829734368956,-18446.927296210408,10.876969868025732
2023-09-12,30388.311896410203,17405.543419731974,4374.819113722626,36.0,-0.9427611433904202,4,4.551025741257446,1.2924924924924925,-20192.050637044398,9,0.5727709877095247,0.14396387428942464,-66.44676646033011,844.1197749002835,6.946187055160813,2023,3,255,1,0,28486.360051368087,-17546.82884453256,0.5551157076254531
2023-09-13,28801.655442559197,16800.970117895788,4053.3081276368275,33.0,-0.9483615800121709,3,3.4876226874186083,1.292992992992993,-18452.62280297342,9,0.5833334875977157,0.14073177618976013,-64.06792428919424,872.777437653309,7.105715759968939,2023,3,256,2,0,26569.199538207664,-19598.769386180495,-5.221272110342001
2023-09-14,31247.1371496122,18686.92782296946,2406.6115882302984,35.0,-0.9536809966304458,4,2.8056196619773344,1.2934934934934934,-17846.40226158756,9,0.5980364771817626,0.07701862659312986,-57.11371949416827,892.7753471317772,12.983872138914522,2023,3,257,3,0,30206.815985039313,-17216.933485829217,8.490767872458482
2023-09-15,30431.835644002917,18305.787573540074,2761.105891784508,32.0,-0.9587178169872965,3,3.329125406235966,1.293993993993994,-16235.057821321665,9,0.6015341232676354,0.0907308360916647,-53.34892712763795,950.9948638750911,11.021611208230324,2023,3,258,4,0,28152.137880664286,-20151.576521817304,-2.6092038502778636
2023-09-16,27816.44046825524,16124.762418616183,1680.633715736804,36.0,-0.9634705485641487,4,2.273852823261013,1.2944944944944945,-18788.955666097747,9,0.5796846090720389,0.06041871955740641,-67.54622572050559,772.6789018959789,16.55116174797212,2023,3,259,5,0,27245.814383413046,-16932.989264888965,-8.594273465271819
2023-09-17,29625.438998994206,18981.101737185734,4666.5052088046,34.0,-0.967937783024064,3,2.5971274615223723,1.294994994994995,-21222.167946996127,9,0.6407028006514992,0.1575168289983156,-71.63494842293012,871.3364411468884,6.348528004018501,2023,3,260,6,0,27255.933217259502,-22368.872739350787,6.503342988127603
2023-09-18,30324.839818186258,18953.10091853854,1370.2980809404967,35.0,-0.9721181966290611,4,4.277955198334408,1.2954954954954956,-17998.55918129278,9,0.6250025072571722,0.04518731472799763,-59.352528452594754,866.4239948053216,22.130104566280185,2023,3,261,0,0,30220.552860550037,-17613.638905335425,2.360811663299889
2023-09-19,28457.905335971715,17375.802361779268,1316.9344650661685,36.0,-0.9760105506323679,3,4.198229931575688,1.295995995995996,-19034.831490873723,9,0.6105791047036653,0.046276577615904875,-66.88767590639596,790.4973704436587,21.60920386766692,2023,3,262,1,0,30388.311896410203,-20192.050637044398,-6.156452905960331
2023-09-20,30548.68897816092,18365.231817538424,2521.712773856042,32.0,-0.9796136916454895,5,3.7904034278448613,1.2964964964964967,-15938.255613233545,9,0.601179049964063,0.08254733208547181,-52.173288433515786,954.6465305675288,12.114261899640464,2023,3,263,2,0,28801.655442559197,-18452.62280297342,7.3469344194717845
2023-09-21,29484.00463237933,17584.298294477023,2506.3406351013973,33.0,-0.9829265519799824,3,2.1231379832316244,1.296996996996997,-17006.634297199093,9,0.5964012865187909,0.08500679152481663,-57.68088327635931,893.4546858296766,11.763765954018663,2023,3,264,3,0,31247.1371496122,-17846.40226158756,-3.4852047056511237
2023-09-22,28697.961783434883,16742.81784004981,1399.1663558650844,36.0,-0.9859481499638304,3,3.2132771395896893,1.2974974974974975,-18244.02241248001,9,0.5834148768611904,0.04875490344658257,-63.572537137501094,797.1656050954134,20.51075746864378,2023,3,265,4,0,30431.835644002917,-16235.057821321665,-2.6659975764663058
2023-09-23,30358.2562964128,18253.69403710711,3601.9044952053573,39.0,-0.9886775902323404,4,2.5200000890719596,1.297997997997998,-22697.34223589967,9,0.6012761029118793,0.11864661988610216,-74.76497337095621,778.4168281131488,8.428390129950397,2023,3,266,5,0,27816.44046825524,-18788.955666097747,5.785409171240441
2023-09-24,30382.983098583627,18358.66612922155,2717.89952501768,35.0,-0.9911140639934546,4,4.441226603030213,1.2984984984984984,-18693.5825556556,9,0.6042417253649258,0.08945466336201797,-61.52648834711377,868.0852313881036,11.17884705409998,2023,3,267,6,0,29625.438998994206,-21222.167946996127,0.08145000796289104
2023-09-25,28182.063736341763,16288.357954064246,3106.7179960591716,36.0,-0.9932568492674145,3,3.033022293149919,1.2989989989989992,-20013.012213781654,9,0.5779689559448351,0.11023741998187839,-71.01329555214288,782.8351037872712,9.071329863891837,2023,3,268,0,0,30324.839818186258,-17998.55918129278,-7.2439212275520966
2023-09-26,28299.12641494201,17146.564057587653,1984.7174502335865,35.0,-0.9951053111006973,2,2.6314018313747605,1.2994994994994995,-18832.15509287923,9,0.6059043592431964,0.07013352359829916,-66.54677185701324,808.5464689983431,14.25851645110059,2023,3,269,1,0,28457.905335971715,-19034.831490873723,0.4153800789588491
2023-09-27,28350.735552612743,16932.81180715527,1422.3125502634061,39.0,-0.9966589017541699,3,3.5238369320971397,1.3,-21204.388804805934,9,0.5972618162139635,0.05016845321786823,-74.7930817013733,726.9419372464806,19.932844962495977,2023,3,270,2,0,30548.68897816092,-15938.255613233545,0.1823700735987588
