date,sales,expenses,marketing_spend,employee_count,seasonality,competition_level,customer_satisfaction,market_growth,profit
2021-01-01,20496.40447728799,11960.253548885601,2757.262137228993,3.0,0.0,3,5.0,0.8,3378.8887911733955
2021-01-02,19341.993165913722,11532.936564190473,3260.498088150917,5.0,0.017213356155834685,2,3.1241884285302906,0.8005005005005006,548.5585135723322
2021-01-03,18738.88924825708,10847.123588454268,1599.3885117400698,5.0,0.03442161162274574,3,3.6270048407500344,0.801001001001001,2292.377148062744
2021-01-04,18444.91976227986,10912.971092548396,2587.1693025035706,4.0,0.051619667223253764,3,4.424805335560902,0.8015015015015016,1744.779367227893
2021-01-05,19122.47560710473,10526.678030785946,,5.0,0.06880242680231986,4,3.0132048770150384,0.802002002002002,2737.888189252125
2021-01-06,18730.88297885569,11345.176640999882,1515.2779853812046,6.0,0.08596479873744647,5,2.693705669422296,0.8025025025025025,1070.4283524746043
2021-01-07,20999.5492588739,12600.332293005453,1158.0732555275067,5.0,0.10310169744743485,3,3.7029898374198664,0.8030030030030031,3241.1437103409407
2021-01-08,20025.42771864144,11606.71231565077,1009.2527560198158,3.0,0.1202080448993527,1,2.065538881670088,0.8035035035035035,5009.462646970855
2021-01-09,19722.697992682944,12163.241629825969,2301.6672387258386,6.0,0.13727877211326478,3,3.2696751385056637,0.8040040040040041,457.7891241311372
2021-01-10,18220.24780564689,11400.933752201412,1808.9983718024655,3.0,0.15430882066428117,3,3.6960309314523245,0.8045045045045045,2610.315681643013
2021-01-11,20259.376516886092,11351.845977947169,1173.8799070779928,3.0,0.1712931441814776,2,3.2840384825398687,0.805005005005005,5333.65063186093
2021-01-12,18642.649887866282,10804.227543436662,1771.9721925330532,7.0,0.1882267098432442,4,2.2652392454514025,0.8055055055055056,466.45015189656715
2021-01-13,22089.94279396475,12869.394501485202,1246.4965102623273,6.0,0.2051044998686192,5,4.77534236496321,0.806006006006006,3174.0517822172214
2021-01-14,16283.540798334088,9300.17292844602,1274.684732393661,5.0,0.2219215130041655,5,3.5828305231593403,0.8065065065065066,1708.6831374944077
2021-01-15,20136.225932951493,12496.47298073677,1364.937337615017,3.0,0.2386727660059501,2,4.644921694209393,0.807007007007007,3874.8156145997064
2021-01-16,18823.306247359964,11197.070679029575,2539.201641630183,4.0,0.255353295116187,4,3.291970999855644,0.8075075075075075,1887.0339267002055
2021-01-17,17252.70679513733,10219.366656427092,2010.7221080697143,5.0,0.2719581575341055,4,2.795990414647389,0.8080080080080081,1022.6180306405222
2021-01-18,18629.254651874802,10175.621608921505,1974.8152843426724,3.0,0.288482432880609,3,3.715344736204128,0.8085085085085085,4078.817758610625
2021-01-19,17960.07570351267,11093.754437212214,1538.491685990979,4.0,0.30492122465628907,3,3.3273702989374243,0.8090090090090091,2127.829580309477
2021-01-20,18736.481209878002,10622.259528500064,1025.5822780311505,7.0,0.3212696616923644,4,2.5577908336069135,0.8095095095095095,1488.6394033467877
2021-01-21,21249.62122625311,12779.739050885031,2971.0865852731445,8.0,0.3375228995941133,3,4.675827407029996,0.81001001001001,-901.2044099050636
2021-01-22,18314.151614526312,11127.179437694882,1759.9800548770581,5.0,0.3536761221763716,3,3.0021838216848034,0.8105105105105106,1426.9921219543721
2021-01-23,19434.97261233919,12341.312865322838,1079.8961484010367,7.0,0.3697245428906731,3,2.027786892163545,0.811011011011011,413.76359861531364
2021-01-24,21552.919530000174,12277.341518440548,1386.2315411252694,3.0,0.38566340624360707,3,4.562532843165866,0.8115115115115116,5489.346470434357
2021-01-25,21696.608879485175,11508.209249780692,1840.4467838090295,7.0,0.401487989205973,2,3.0965615873499015,0.812012012012012,2747.9528458954537
2021-01-26,20345.154734466243,12299.017613056592,,4.0,0.4171936026123168,5,3.0137408859075006,0.8125125125125126,2818.6730561641216
2021-01-27,18798.901497330116,12179.596489153497,2141.411554291131,6.0,0.4327755925504312,4,2.087689930376021,0.8130130130130131,-322.10654611451173
2021-01-28,20203.671808353538,12741.676261481842,919.235056087727,5.0,0.4482293417404106,3,4.892753189277593,0.8135135135135135,2542.7604907839695
2021-01-29,20222.809212261527,12238.51523499423,1666.7666876224425,8.0,0.4635502709028509,1,2.46841553023225,0.8140140140140141,-82.47271035514495
2021-01-30,18075.06407912154,10599.2203546569,2327.8330733169323,4.0,0.47873384011578846,3,3.54675958456452,0.8145145145145145,1948.0106511477088
2021-01-31,19034.316974981815,11824.151483307744,2400.1232281722096,7.0,0.49377555015997715,2,4.2300962580323525,0.815015015015015,-789.9577364981378
2021-02-01,18939.393702781512,10876.863121816672,1320.190576713538,5.0,0.5086709438521044,1,3.8373735464024774,0.8155155155155156,2742.340004251302
2021-02-02,20606.73217466267,12602.21818947571,1856.4714683760142,6.0,0.5234156073655503,3,3.4522765504062467,0.816016016016016,1348.042516810945
2021-02-03,20201.103143466753,12373.396965663365,1703.5145392480142,6.0,0.5380051715382996,3,2.1386673133700667,0.8165165165165166,1324.1916385553732
2021-02-04,20067.038652212825,12570.328145077134,2861.2455026288767,4.0,0.5524353131676196,3,2.852220131386173,0.817017017017017,1435.4650045068138
2021-02-05,21574.900984322074,14324.770610048783,1389.4681082240375,6.0,0.5667017562911176,1,3.6502402704340176,0.8175175175175176,1060.662266049253
2021-02-06,18575.3477063662,11341.416607409103,2462.204845469152,6.0,0.5808002734538009,3,2.8702607440104027,0.8180180180180181,-28.273746512055368
2021-02-07,16538.40015998226,9668.558283135604,2309.4410860579746,7.0,0.5947266869607634,2,3.662687567999014,0.8185185185185185,-1039.5992092113202
2021-02-08,19632.092031599124,11766.468062863476,1672.3399429116387,6.0,0.6084768701151261,5,4.045394727052114,0.8190190190190191,1393.2840258240094
2021-02-09,22140.823234482676,12399.955988245045,,8.0,0.6220467484408675,3,4.270002308640081,0.8195195195195195,2015.248146204107
2021-02-10,23583.522264414223,13802.756793104005,2655.366778979195,8.0,0.6354323008901774,4,2.5190565137498533,0.8200200200200201,725.398692331024
2021-02-11,19969.231488328085,11776.897673940299,1956.9756320137394,4.0,0.6486295610349814,3,5.0,0.8205205205205206,3035.358182374047
2021-02-12,22098.995067551776,12997.352841563768,1400.4698583216186,8.0,0.6616346182422783,1,4.1139834756433045,0.821021021021021,1301.1723676663887
2021-02-13,20327.287798378948,12272.550115044229,2192.17796831782,4.0,0.6744436188329455,5,3.498628677064749,0.8215215215215216,2662.5597150168987
2021-02-14,19236.016376082443,11130.399859458366,3140.734589896366,7.0,0.6870527672236669,2,4.371629266461312,0.822022022022022,-635.1180732722887
2021-02-15,21478.620151299812,13447.687424442121,1854.5425226030677,8.0,0.699458327051647,3,5.0,0.8225225225225226,-223.6097957453767
2021-02-16,21389.587812342266,12833.85621986446,2307.2699095689327,3.0,0.7116566222817746,3,2.3490239191545044,0.8230230230230231,3848.4616829088736
2021-02-17,19310.700319045154,11581.770030857786,978.4503039252779,7.0,0.7236440382959124,1,3.3197898860069173,0.8235235235235235,1150.4799842620905
2021-02-18,23368.62889780824,13857.229980428485,2515.7580749549893,6.0,0.7354170229639855,4,1.5972546721013372,0.8240240240240241,2195.6408424247675
2021-02-19,21587.307856707343,13029.980055953894,1444.4823277462447,5.0,0.7469720876965552,3,3.65412122611842,0.8245245245245245,3112.8454730072035
2021-02-20,20296.54124938793,12590.473881966574,1968.1769302583155,9.0,0.7583058084785624,2,3.792315393540113,0.8250250250250251,-1462.1095628369594
2021-02-21,21308.59867118959,12351.594094858305,2972.111588889735,5.0,0.7694148268839378,1,3.4686703076457923,0.8255255255255256,1984.8929874415498
2021-02-22,21269.1239611204,12432.416132134613,2286.702517491977,5.0,0.7802958510707755,2,2.976373143201352,0.826026026026026,2550.005311493811
2021-02-23,21995.93139282163,13045.695821304644,,7.0,0.7909456567567772,4,1.8603883870493396,0.8265265265265266,2294.440241397606
2021-02-24,21160.181908509418,12023.173683369043,,8.0,0.8013610881746766,4,3.798826946729415,0.827027027027027,634.8521207193662
2021-02-25,20942.976991178733,12156.157264846492,1788.878959331333,6.0,0.8115390590073611,2,4.66434758713226,0.8275275275275276,2197.9407670009086
2021-02-26,20539.509319626748,12085.595155003719,2337.7786691861215,9.0,0.8214765533024142,1,3.0271852354132545,0.8280280280280281,-1083.8645045630929
2021-02-27,22804.034306104295,14119.615174018942,3289.7152837560216,8.0,0.8311706263658079,4,3.852047943218516,0.8285285285285285,-1005.2961516706682
2021-02-28,22415.079006730746,13580.32806853941,3274.103945024359,3.0,0.8406184056344782,3,2.2454845492639595,0.8290290290290291,3160.646993166978
2021-03-01,21600.79270497814,13057.270578670656,2262.7612852138295,6.0,0.8498170915275278,3,3.865770450954011,0.8295295295295295,1480.7608410936537
2021-03-02,22191.341391364535,13740.253815902706,1893.3381294202286,6.0,0.8587639582758029,3,3.1852941618042743,0.8300300300300301,1757.7494460416
2021-03-03,17035.882806767477,10152.843789860788,856.8366499545207,8.0,0.8674563547295969,2,2.8900656395176685,0.8305305305305306,-373.7976330478323
2021-03-04,22334.62455565493,13596.0071583574,1195.7988204003236,3.0,0.8758917051442429,4,2.8917090870270954,0.831031031031031,5142.818576897205
2021-03-05,17968.549445281285,10729.518790702523,1684.223583931403,12.0,0.8840675099433636,5,3.185110734373592,0.8315315315315316,-4045.192929352641
2021-03-06,21679.2001820862,13140.201283951532,2368.5038986669897,8.0,0.8919813464595485,2,3.805946652554028,0.832032032032032,-229.5050005323228
2021-03-07,21015.290700785084,12317.795091665259,2138.87901333022,7.0,0.8996308696522433,3,2.450269439043586,0.8325325325325326,958.6165957896055
2021-03-08,19646.336052487204,10568.393052354108,2165.7079299683865,9.0,0.9070138128026359,3,3.182307734745718,0.8330330330330331,-287.7649298352899
2021-03-09,24225.38940287634,14468.094060632651,1335.7194023861284,12.0,0.9141279881853337,3,3.466822577600682,0.8335335335335335,-1178.4240601424408
2021-03-10,21303.62383417313,13493.548368553847,1488.4900083407279,9.0,0.9209712877166346,2,2.6207686203745126,0.8340340340340341,-878.4145427214462
2021-03-11,21753.25203661653,13515.058923090714,1660.4955257093388,9.0,0.9275416835791966,4,4.937332161340014,0.8345345345345345,-622.3024121835224
2021-03-12,22001.228283537712,13683.435712418213,1227.87152739752,7.0,0.9338372288229252,3,2.817203615950927,0.8350350350350351,1489.921043721979
2021-03-13,23760.55366282814,14874.397558599992,3095.126290208791,7.0,0.9398560579418954,3,2.9644504690932076,0.8355355355355356,191.02981401935722
2021-03-14,21932.370176592856,13203.750901436431,1052.963702161387,6.0,0.9455963874271426,3,2.7173536401420018,0.836036036036036,2875.655572995038
2021-03-15,21203.419160276833,12820.709349868897,1712.180428554238,6.0,0.9510565162951535,2,4.938784069710494,0.8365365365365366,1870.5293818536975
2021-03-16,21304.34566271167,12473.781449909824,1421.4506699095837,6.0,0.9562348265919056,1,3.9423241828795854,0.837037037037037,2609.1135428922607
2021-03-17,21851.327531426163,12952.760090842172,2949.336758107896,5.0,0.9611297838723007,4,2.750726395005086,0.8375375375375376,1949.2306824760944
2021-03-18,19697.04968463054,12126.115385663894,1970.500586180974,7.0,0.9657399376548549,2,4.384985247087975,0.8380380380380381,0.4337127856715597
2021-03-19,21107.892222812035,13266.677552271629,1325.251878145316,4.0,0.9700639218515071,4,3.6605589554311027,0.8385385385385385,3315.96279239509
2021-03-20,24339.942765790223,14534.242521633634,2535.759680884483,8.0,0.9741004551724205,3,3.7058027368892015,0.8390390390390391,869.9405632721064
2021-03-21,21725.929613113603,12810.463135442456,3171.6037775896248,7.0,0.9778483415056568,3,3.2244182329980378,0.8395395395395395,143.86270008152223
2021-03-22,21366.32482005415,12820.058871460787,3157.4284703060616,8.0,0.9813064702716093,3,2.9004672104344214,0.8400400400400401,-1011.1625217127003
2021-03-23,21850.360086123168,13410.819426138458,1873.035926010441,6.0,0.9844738167520922,3,3.7702128792436813,0.8405405405405406,1766.5047339742687
2021-03-24,22811.06013529825,12964.708673112178,2744.9609987036397,14.0,0.9873494423939864,2,3.0639302160035276,0.841041041041041,-4098.60953651757
2021-03-25,24833.466449147567,13751.98939291992,3609.202741493399,10.0,0.989932495087353,3,4.953404503660083,0.8415415415415416,-527.7256852657529
2021-03-26,22079.95210146375,12972.70283613246,2798.2392821884023,5.0,0.9922222094179323,4,2.4845671158055165,0.842042042042042,2309.009983142889
2021-03-27,22417.501747792023,12840.144835718133,2102.237854682431,8.0,0.994217906893952,4,4.728925418283956,0.8425425425425426,1075.1190573914591
2021-03-28,24470.709068856166,14428.355342490044,2542.93983122793,6.0,0.995918996147179,2,3.4109449209617595,0.8430430430430431,2699.413895138192
2021-03-29,22832.378764811205,13625.537099477986,2419.8145284498714,6.0,0.9973249731081555,3,3.739268587216885,0.8435435435435436,1987.0271368833473
2021-03-30,21416.16811495524,12623.076664461636,,5.0,0.9984354211555643,2,4.166526213303547,0.8440440440440441,1825.9303424695245
2021-03-31,22361.086453829514,14142.88563953308,2378.9868869825627,9.0,0.9992500112396835,2,2.995800563996451,0.8445445445445446,-1360.786072686129
2021-04-01,22230.826917558268,13501.86853283612,2157.7320287950065,6.0,0.9997685019798909,1,4.191398707758909,0.8450450450450451,1771.2263559271414
2021-04-02,22994.330132145395,13946.83525909265,2076.04256007351,10.0,0.9999907397361901,4,1.333964915695058,0.8455455455455456,-1028.547687020765
2021-04-03,22818.84110560709,14002.408235385954,2900.6422161822575,10.0,0.9999166586547379,2,2.9240083734224487,0.846046046046046,-2084.2093459611206
2021-04-04,22117.73125679811,12701.22219518848,2982.0913772396752,11.0,0.9995462806873573,2,2.7607497541271475,0.8465465465465466,-2365.5823156300457
2021-04-05,23099.230057390057,14379.093928144168,940.0799058264246,6.0,0.9988797155850336,2,2.4971951901025906,0.8470470470470471,2980.056223419465
2021-04-06,21033.195985258943,12582.035447887634,2536.481839818858,9.0,0.9979171608653922,2,3.328036129536839,0.8475475475475476,-1285.32130244755
2021-04-07,22690.171057733653,13949.342943260797,2341.2272964642975,9.0,0.9966589017541702,3,3.808599974545356,0.8480480480480481,-800.3991819914427
2021-04-08,19556.218483607205,11197.802473644246,2790.5453034178295,7.0,0.9951053111006976,1,4.062127998799444,0.8485485485485486,-32.129293454871004
2021-04-09,23731.726198543307,13462.156336117952,1551.3013639821302,6.0,0.9932568492674143,2,3.6927014057603262,0.8490490490490491,3918.2684984432235
2021-04-10,22692.792586514624,14024.62038092129,1946.1511483506777,11.0,0.9911140639934547,3,2.9674452280851624,0.8495495495495496,-2077.9789427573423
2021-04-11,22732.15274324757,13827.4964089973,3259.652302219015,8.0,0.9886775902323405,3,3.7952131502601336,0.8500500500500501,-754.9959679687445
2021-04-12,17692.360539804085,10164.390546703697,1583.8793473435514,9.0,0.9859481499638304,4,3.5994285558806807,0.8505505505505506,-1255.9093542431629
2021-04-13,25236.599529319054,14707.128176954084,3600.1920888333466,6.0,0.9829265519799822,3,4.2488449343488135,0.851051051051051,2129.2792635316237
2021-04-14,21531.078260769857,13481.364348669298,2293.473791333395,6.0,0.9796136916454901,2,4.121549362345213,0.8515515515515516,956.2401207671628
2021-04-15,23918.73476512803,13756.534912643154,2185.6058396802905,7.0,0.9760105506323683,4,3.524381131136503,0.8520520520520521,2376.594012804584
2021-04-16,21151.20785612199,13512.061190301174,1137.6074255495896,8.0,0.9721181966290613,2,2.7821975950709943,0.8525525525525526,101.53924027122594
2021-04-17,24817.408413119956,14440.134680548039,2545.0968266090913,6.0,0.9679377830240642,3,2.977639875334335,0.8530530530530531,3032.176905962826
2021-04-18,20949.450050696934,12888.86599322235,2029.2616213290032,8.0,0.9634705485641488,3,3.0601685122895734,0.8535535535535536,-368.67756385441953
2021-04-19,21660.05383600991,12831.723063731451,1586.0968127161013,5.0,0.9587178169872964,2,3.2477869328669953,0.8540540540540541,3242.233959562356
2021-04-20,25200.06081560611,15421.630204904837,2158.6059111134227,6.0,0.9536809966304457,3,3.7144403420718026,0.8545545545545546,2819.82469958785
2021-04-21,20565.5857081938,12067.294423859184,1170.2004086416632,10.0,0.9483615800121715,4,4.072139512102447,0.8550550550550551,-671.909124307047
2021-04-22,22688.77719513703,13531.869864046072,3468.098132405516,10.0,0.9427611433904207,5,3.4591050455876977,0.8555555555555556,-2311.1908013145567
2021-04-23,23733.499372441816,14260.55921116295,3311.895424413298,8.0,0.9368813462954315,3,3.512899830320378,0.8560560560560561,-238.95526313443224
2021-04-24,25089.87189864466,14552.829411296058,2206.9150862312426,6.0,0.9307239310379795,3,3.614645044000003,0.8565565565565566,3530.127401117359
2021-04-25,22442.209350067344,13835.737782750468,3257.456445009041,6.0,0.9242907221930933,2,3.087275749494128,0.8570570570570571,549.0151223078346
2021-04-26,23153.04186735602,13635.21833717782,1675.5309990785986,8.0,0.9175836260593937,2,2.759686193885635,0.8575575575575576,1442.2925310996015
2021-04-27,25934.79347800149,15446.576129130885,3521.63955446551,10.0,0.9106046300942162,3,2.095649682151432,0.8580580580580581,-1033.422205594903
2021-04-28,21328.33642096769,12299.827165276358,2687.65666686468,10.0,0.9033558023246845,3,2.943880513538502,0.8585585585585586,-1659.1474111733469
2021-04-29,23557.078347542847,12853.080179128054,3805.7646533297216,8.0,0.895839290734909,5,3.8785163626142296,0.8590590590590591,498.2335150850722
2021-04-30,24509.367655716986,14610.106712130106,1784.3188608496712,6.0,0.8880573226294932,3,2.937670849568346,0.8595595595595596,3314.9420827372087
2021-05-01,24612.832750673704,15974.007361210679,3334.331122726806,9.0,0.8800122039735357,3,3.309754370059248,0.8600600600600601,-1895.5057332637807
2021-05-02,23363.85014632844,14410.612231746076,1568.4727135535477,7.0,0.8717063187093218,3,3.8731450299298533,0.8605605605605606,1784.7652010288175
2021-05-03,24379.4668756521,14618.04993552406,3208.770545827897,8.0,0.8631421280499114,4,3.916551597138135,0.8610610610610611,152.64639430014086
2021-05-04,19450.702013643655,11538.97579358206,1088.218992063122,11.0,0.854322169749827,4,2.6363737182671687,0.8615615615615616,-1976.4927720015266
2021-05-05,25193.11788328879,15127.103676379296,3082.974667557563,10.0,0.8452490573530633,3,4.297647485162913,0.8620620620620622,-1016.9604606480698
2021-05-06,22292.374601127613,13648.984318264173,2331.3317379439095,9.0,0.8359254794186372,3,4.401880071484388,0.8625625625625626,-887.9414550804695
2021-05-07,21906.352499691493,12553.405092160474,2152.8696877583006,6.0,0.8263541987239096,4,2.596120114225152,0.8630630630630631,2400.0777197727184
2021-05-08,20644.941975406273,12944.1260325782,1253.2331273358664,9.0,0.8165380514459161,1,2.8409305042870767,0.8635635635635636,-752.4171845077944
2021-05-09,22196.74720493725,13675.738980682974,3166.837596419465,11.0,0.8064799463209448,4,4.452872546516954,0.8640640640640641,-3445.829372165188
2021-05-10,22286.71949131792,13731.124557644718,1682.629954502883,8.0,0.7961828637826158,3,3.3825171829957594,0.8645645645645647,472.96497917031775
2021-05-11,21420.27646538047,13071.403748633145,2689.847201393766,12.0,0.7856498550787147,3,1.7241776420385193,0.8650650650650651,-3940.974484646442
2021-05-12,22848.219471134707,13718.74001152782,1633.3616118525874,12.0,0.7748840413670407,3,2.380254796213851,0.8655655655655656,-2103.8821522457
2021-05-13,23712.239620828565,14563.774390480548,2470.741905065784,12.0,0.7638886127905428,4,3.300504299862015,0.8660660660660661,-2922.2766747177684
2021-05-14,23181.039743239002,14204.530912814089,2493.0701279057457,10.0,0.7526668275320085,1,2.5695658797723184,0.8665665665665666,-1516.5612974808328
2021-05-15,20999.769570100652,12422.84138658988,1822.1570923048282,10.0,0.7412220108485958,4,3.169260983490847,0.8670670670670672,-1245.2289087940562
2021-05-16,24766.64283059792,14573.184811910302,1151.686956969351,12.0,0.7295575540864875,3,3.525916970946863,0.8675675675675676,-558.2289382817326
2021-05-17,23216.539746451763,13980.851995502051,1478.8843093196479,10.0,0.717676913675962,3,4.669803683227784,0.8680680680680681,-243.1965583699366
2021-05-18,19937.609814571424,12737.075964490448,1729.6451703438827,8.0,0.705583610107178,2,3.2676368670177687,0.8685685685685686,-929.1113202629067
2021-05-19,23560.69149326539,13516.861358132282,,8.0,0.6932812268869777,3,4.358033439658207,0.8690690690690691,393.49305916036883
2021-05-20,22057.335836698177,12500.638869142686,3222.28265755534,10.0,0.6807734094770161,3,4.643008129629417,0.8695695695695697,-1665.585689999848
2021-05-21,21701.776247245878,13103.446168965784,913.8500461282088,7.0,0.6680638642135335,3,4.647447735481661,0.8700700700700701,2084.480032151885
2021-05-22,25050.719470996606,15055.875533525972,2288.9658605954555,9.0,0.6551563572090853,4,3.7278036747084546,0.8705705705705706,505.8780768751785
2021-05-23,20405.08416150191,12329.72132908635,1426.2654760520616,11.0,0.6420547132365637,3,1.9293686817288205,0.8710710710710711,-2150.902643636502
2021-05-24,22226.364214824665,13457.79512784905,1606.6066703343377,5.0,0.6287628145958344,5,3.8686598923230924,0.8715715715715716,3161.9624166412787
2021-05-25,21812.170316880933,12975.701062811157,2800.211766837471,12.0,0.6152845999633276,3,4.338719910250833,0.8720720720720722,-3563.7425127676943
2021-05-26,22485.73109050085,14236.37037360155,2707.192165586785,12.0,0.6016240632249226,4,3.435146315651666,0.8725725725725726,-4057.831448687486
2021-05-27,19175.428603878197,10704.80517308866,1289.3933663809435,8.0,0.5877852522924732,2,4.895667096060199,0.8730730730730731,781.2300644085935
2021-05-28,18564.93524941417,10724.71263725838,1478.812374783225,11.0,0.5737722679043246,3,4.187866849173966,0.8735735735735736,-2438.5897626274345
2021-05-29,24562.152708635578,14685.664245106822,1661.1904521831639,9.0,0.5595892624101765,3,3.9546187017222274,0.8740740740740741,1015.2980113455924
2021-05-30,20690.9551198191,11592.978666314377,2362.3000527911877,12.0,0.545240438540651,3,4.36910456896467,0.8745745745745747,-2864.3235992864647
2021-05-31,20407.59800268014,12156.631599392049,2904.6574880840735,11.0,0.5307300481619334,4,3.7666958810087023,0.8750750750750751,-3453.6910847959816
2021-06-01,18711.37668635568,12057.561094677416,957.2616515633836,7.0,0.5160623910158528,1,1.505751600483717,0.8755755755755756,96.5539401148817
2021-06-02,20131.39317167041,12089.279147150226,1586.3074479819247,11.0,0.5012418134457758,1,3.1006888388237073,0.8760760760760762,-2344.19342346174
2021-06-03,19804.13053308777,11997.828772712004,3079.082736191794,9.0,0.48627270710868997,4,4.457734421798283,0.8765765765765766,-2472.7809758160292
2021-06-04,24269.11740002325,13931.388057427659,3282.809451931847,10.0,0.4711595076738638,2,2.8539269279213633,0.8770770770770772,-945.080109336257
2021-06-05,22483.136752290407,13181.701347354507,1350.5195106388123,8.0,0.4559066935084588,4,3.3212219958104487,0.8775775775775776,1550.915894297088
2021-06-06,21968.136630386893,12993.283788070166,1085.9487467495028,13.0,0.440518784350495,3,2.664130948877543,0.8780780780780781,-2511.0959044327765
2021-06-07,25232.921264854755,14980.895210534734,1635.0852866528762,12.0,0.42500033996955416,4,4.927138076161415,0.8785785785785787,-983.0592323328565
2021-06-08,21961.88752338635,13817.954411533694,2519.8855873213083,8.0,0.4093559588156213,2,4.8451939659344125,0.8790790790790791,-775.9524754686518
2021-06-09,21446.994869841757,13147.042452267615,2043.4475563170536,7.0,0.39359027665646673,2,2.7929048838874166,0.8795795795795797,656.504861257089
2021-06-10,16846.51222936192,9552.178359148636,806.5969680645385,9.0,0.3777079652039649,3,3.617838400311267,0.8800800800800801,-712.2630978512543
2021-06-11,25407.478990325635,15367.739783411384,2368.5620190241907,11.0,0.36171373072976765,5,2.955604761788762,0.8805805805805806,-1128.8228121099392
2021-06-12,20149.624971343,12338.885857054192,1184.843732403859,10.0,0.3456123126707335,3,3.9919557112251027,0.8810810810810812,-1374.1046181150505
2021-06-13,18147.86575584117,11458.793972765334,2086.0208044223505,12.0,0.3294084822245304,3,3.907746461793863,0.8815815815815816,-4996.949021346516
2021-06-14,23542.175972515695,14915.575926793603,2553.747362223669,12.0,0.3131070409358269,3,4.149364457290613,0.8820820820820822,-3527.147316501576
2021-06-15,25192.304121190893,14607.8353768006,1532.186554077939,12.0,0.29671281927349075,5,3.76553475816631,0.8825825825825826,-547.7178096876451
2021-06-16,23901.07570768534,13935.216669006035,2427.084392268398,11.0,0.28023067519921585,4,5.0,0.8830830830830831,-1261.2253535890923
2021-06-17,23494.63488472606,13467.992001378327,1925.6611816647846,7.0,0.26366549272800704,5,2.677660987991409,0.8835835835835837,2500.9817016829484
2021-06-18,21791.241915492792,12957.735219742184,3183.7108722778153,10.0,0.24702218048093552,1,2.131517316450789,0.8840840840840841,-2350.204176527208
2021-06-19,21736.419785744678,13275.031058669974,2197.8634701828355,12.0,0.23030567023061221,2,3.185527839438831,0.8845845845845847,-3336.4747431081323
2021-06-20,21449.7264696815,13363.50314010345,1997.9169708413588,10.0,0.21352091543979612,3,2.245609387551786,0.8850850850850851,-1911.6936412633095
2021-06-21,20755.55397375884,12415.356872434042,2566.1822142104215,11.0,0.19667288979357647,4,2.3060301839952055,0.8855855855855856,-3025.9851128856226
2021-06-22,21044.330455983625,12466.674511962752,1404.0637428931793,10.0,0.1797665857255624,2,2.6989482766416266,0.8860860860860862,-826.4077988723066
2021-06-23,21091.87735124401,12731.005406870776,3528.9449329142913,8.0,0.16280701293851715,2,2.762248875654698,0.8865865865865866,-1568.0729885410583
2021-06-24,19966.241785362065,11562.173620402225,1761.283535267929,10.0,0.1457991969198751,4,2.736305518439952,0.8870870870870872,-1357.2153703080894
2021-06-25,21079.430968738856,13692.4279420907,2443.715092319678,11.0,0.12874817745258132,1,3.9145751603563292,0.8875875875875876,-3856.7120656715233
2021-06-26,18272.409780040798,10159.61535446545,823.561784461098,9.0,0.11165900712169512,3,3.0950487511317313,0.8880880880880881,89.23264111425033
2021-06-27,21779.408551465807,13160.015420327347,2125.9719692784483,10.0,0.09453674981719912,3,3.356388340102016,0.8885885885885887,-1506.578838139988
2021-06-28,19032.041804878143,12431.028192541704,2629.0928559553063,8.0,0.07738647923346301,3,4.215386219600748,0.8890890890890891,-2428.079243618867
2021-06-29,21209.899698053923,12729.339741112353,2202.3732326351956,13.0,0.06021327736579302,4,2.886941980174859,0.8895895895895897,-4121.813275693626
2021-06-30,21421.964326478337,12758.159078386256,2156.215166014836,10.0,0.04302223300453059,3,3.288363281036222,0.8900900900900901,-1492.4099179227542
2021-07-01,22016.26924160181,13031.038833555873,1985.748570082831,13.0,0.02581844022713308,3,3.7926079888743325,0.8905905905905906,-3400.518162036893
2021-07-02,21097.1324517712,12568.083630181514,2659.9778702746503,14.0,0.008606996888688698,3,1.946745759503823,0.8910910910910912,-5330.929048684966
2021-07-03,18568.970600658282,11827.806597733235,2325.421698998469,10.0,-0.008606996888688009,3,1.592075592839534,0.8915915915915916,-3584.2576960734223
2021-07-04,18837.910824780993,10196.815539203842,1225.8040784910954,9.0,-0.02581844022713239,3,3.776893863038178,0.8920920920920922,215.29120708605478
2021-07-05,22445.883070835,14234.246693149162,2158.4998229240837,6.0,-0.04302223300453034,2,3.893611424453519,0.8925925925925926,1253.1365547617543
2021-07-06,19330.8257838606,10886.516894091288,1725.5689614295793,8.0,-0.060213277365792774,1,5.0,0.8930930930930931,318.7399283397335
2021-07-07,19993.248327799196,11862.62283206231,2797.9246858590386,8.0,-0.07738647923346322,2,3.626475900693448,0.8935935935935937,-1067.299190122153
2021-07-08,20498.66755926514,12084.578325409753,1348.020620649204,13.0,-0.09453674981719933,2,4.155791773806476,0.8940940940940941,-3333.9313867938163
2021-07-09,17649.277165239422,10883.842934029013,1689.277595777435,11.0,-0.11165900712169444,3,3.343621885131221,0.8945945945945947,-3723.8433645670257
2021-07-10,20077.269427870244,11247.299480780272,2685.0453878986727,11.0,-0.12874817745258066,4,3.737781777268069,0.8950950950950951,-2655.0754408087005
2021-07-11,18923.359878998526,11585.102260440088,728.3365406619984,6.0,-0.14579919691987442,4,4.833805473399627,0.8955955955955957,1809.9210778964398
2021-07-12,19471.493181252485,12695.050720394916,2341.3834455867477,8.0,-0.16280701293851646,4,1.8008057454994915,0.8960960960960962,-1964.940984729179
2021-07-13,19648.486825772234,11107.505093166936,2343.2821349836686,13.0,-0.17976658572556214,3,3.8308930060573445,0.8965965965965966,-4202.300402378371
2021-07-14,17877.754189721432,10821.505597638057,2437.338937711086,11.0,-0.19667288979357622,3,5.0,0.8970970970970972,-4181.090345627711
2021-07-15,21061.135997137015,12305.690509383903,1547.0227092486793,11.0,-0.2135209154397959,3,3.7256273753674742,0.8975975975975976,-1591.5772214955678
2021-07-16,19319.287088703983,11804.515856318907,2062.6363922664273,12.0,-0.23030567023061196,2,4.8204583705862785,0.8980980980980982,-4147.865159881352
2021-07-17,20971.4092357001,12592.419430127937,762.3509418329753,14.0,-0.24702218048093527,1,2.996630280376446,0.8985985985985987,-3583.3611362608126
2021-07-18,20366.216472444547,11898.986428944572,2349.194758382959,11.0,-0.2636654927280072,3,3.4743620046690293,0.8990990990990991,-2681.9647148829845
2021-07-19,21079.931169887408,12891.894844367982,2587.3822754089188,11.0,-0.2802306751992161,5,3.52681976191087,0.8995995995995997,-3199.3459498894927
2021-07-20,20386.73098723282,13134.212647233064,3146.0899260728015,11.0,-0.2967128192734901,2,1.7259271365129834,0.9001001001001001,-4693.571586073047
2021-07-21,19682.015003416043,11713.757106185976,1054.6222824859428,16.0,-0.3131070409358267,1,2.5654577377198398,0.9006006006006007,-5886.364385255876
2021-07-22,20892.49263324589,12895.374551021625,,7.0,-0.3294084822245302,4,2.622499936492811,0.9011011011011012,1547.4290172431884
2021-07-23,21465.99659201515,12232.96147627351,1507.5837137978144,12.0,-0.3456123126707333,2,4.157652862426022,0.9016016016016016,-1874.5485980561716
2021-07-24,18744.87227779244,10768.70517826646,1021.4272453246409,11.0,-0.3617137307297674,4,4.197722484547244,0.9021021021021022,-1845.2601457986602
2021-07-25,19050.376482134707,11666.429028221013,1955.9719206650097,12.0,-0.37770796520396466,4,3.7592291541652267,0.9026026026026026,-4172.024466751316
2021-07-26,19065.156738974285,12181.152057652553,1629.58632046905,10.0,-0.39359027665646645,5,4.159282317484565,0.9031031031031032,-2745.581639147318
2021-07-27,19089.510408857383,11631.51291970726,1071.2129647786417,11.0,-0.4093559588156211,3,3.3686804698225807,0.9036036036036037,-2413.215475628519
2021-07-28,17948.04413635155,10612.297466549351,336.2893834383286,13.0,-0.42500033996955394,4,4.461545335631635,0.9041041041041041,-3400.5427136361304
2021-07-29,25313.92288318163,15187.999432620654,2161.6861795447303,18.0,-0.4405187843504952,3,3.5070307541056573,0.9046046046046047,-6435.762728983756
2021-07-30,18166.140417885174,10274.480383746244,2667.7978201986007,13.0,-0.455906693508459,3,3.5462912379414053,0.9051051051051051,-5176.137786059671
2021-07-31,19412.573149385986,11949.801552809275,1454.330799381966,10.0,-0.47115950767386394,3,3.287525893390071,0.9056056056056057,-1991.5592028052552
2021-08-01,19197.74336208567,11959.812548413105,1932.3829262933448,11.0,-0.4862727071086902,2,4.047560382109142,0.9061061061061062,-3494.452112620782
2021-08-02,21344.759111108957,12580.810300248835,1612.473810336091,10.0,-0.5012418134457756,3,3.1630409467096694,0.9066066066066066,-848.5249994759688
2021-08-03,18756.171912801125,11018.682073800925,2605.171995898522,8.0,-0.5160623910158526,3,4.2811451017584545,0.9071071071071072,-1267.6821568983214
2021-08-04,21899.61135393243,13272.705927185481,,11.0,-0.5307300481619331,4,2.5942806874271946,0.9076076076076076,-3371.3904120091256
2021-08-05,17762.809603409216,10439.32589402523,1006.148571904115,13.0,-0.5452404385406507,4,2.620866996217445,0.9081081081081082,-4082.6648625201296
2021-08-06,19591.309611754208,11721.719459739614,1607.923547008256,9.0,-0.5595892624101763,4,4.049941404101204,0.9086086086086087,-938.3333949936614
2021-08-07,17692.42683318916,11665.316994496756,801.000395376813,14.0,-0.5737722679043243,2,3.4291646283335897,0.9091091091091091,-5973.890556684407
2021-08-08,22588.93631536079,13429.848938843475,1483.8167160056123,13.0,-0.5877852522924734,4,3.1368868670774974,0.9096096096096097,-2724.7293394883
2021-08-09,19348.54011820285,11429.9539949111,2121.909429850774,10.0,-0.6016240632249227,3,4.212046185980368,0.9101101101101101,-2203.323306559023
2021-08-10,18222.16220847426,10609.526422266976,2606.3746258981823,11.0,-0.6152845999633277,4,3.0141908687311325,0.9106106106106107,-3793.738839690899
2021-08-11,20724.496141021365,12806.793670362787,2437.9635898162655,15.0,-0.6287628145958345,5,3.339838996559704,0.9111111111111112,-6520.261119157687
2021-08-12,18529.48693464096,11027.080074175525,2032.2845147623875,13.0,-0.6420547132365636,1,4.619382360056927,0.9116116116116116,-4929.877654296951
2021-08-13,18518.193086563777,10786.229332777551,1365.5694679441297,12.0,-0.655156357209085,4,4.73131387664852,0.9121121121121122,-3233.605714157904
2021-08-14,19825.390988486306,12555.88660922829,1360.7780585324304,11.0,-0.6680638642135333,1,4.757918568216262,0.9126126126126126,-2891.2736792744145
2021-08-15,19241.988161981157,12254.994399445512,2358.3435449344156,12.0,-0.6807734094770159,3,3.274299378452871,0.9131131131131132,-4971.349782398771
2021-08-16,18018.638675734073,10510.971422571092,1376.7206868919502,11.0,-0.6932812268869771,3,4.484562323987577,0.9136136136136137,-2669.053433728969
2021-08-17,19952.02007265805,11037.942067914522,2192.6717646954476,8.0,-0.7055836101071774,2,2.7408377377850575,0.9141141141141141,321.4062400480816
2021-08-18,22915.641169716095,14253.141546748118,1974.8304035547517,16.0,-0.7176769136759615,4,2.7744777002223513,0.9146146146146147,-6112.330780586775
2021-08-19,17614.019578078303,10226.09683396698,868.4712448236392,12.0,-0.7295575540864876,1,1.619635317900511,0.9151151151151151,-3080.548500712315
2021-08-20,17132.033606988414,10674.532963774433,2530.668774938825,13.0,-0.7412220108485957,2,4.838294561518824,0.9156156156156157,-6473.168131724844
2021-08-21,18897.285168051396,10353.319191974919,1891.02367873115,12.0,-0.7526668275320083,3,2.808816120739137,0.9161161161161162,-2947.0577026546725
2021-08-22,22321.88315529046,13839.42856232393,2895.331160248234,11.0,-0.7638886127905429,4,3.398773936202352,0.9166166166166166,-3212.8765672817044
2021-08-23,19464.270574683822,11072.976380169901,2319.864812730002,12.0,-0.7748840413670406,5,2.7717405264573727,0.9171171171171172,-3528.570618216081
2021-08-24,21902.15415407766,13506.674551979857,3068.817255352617,9.0,-0.7856498550787144,4,4.056132198664113,0.9176176176176176,-1873.3376532548136
2021-08-25,19815.195867748036,11896.254054567038,2093.8263903337074,17.0,-0.7961828637826154,4,3.1994930714261276,0.9181181181181182,-7774.884577152709
2021-08-26,18220.66257161204,10455.427833268901,1868.3645996701657,10.0,-0.8064799463209447,3,2.4561464876536405,0.9186186186186187,-2103.1298613270264
2021-08-27,19209.76662796079,11322.341820313084,2389.902274241145,10.0,-0.8165380514459157,1,3.8533300513488484,0.9191191191191191,-2502.4774665934383
2021-08-28,21994.828355707406,13540.056241902794,1658.4186352929867,11.0,-0.8263541987239094,2,2.353015980151817,0.9196196196196197,-2003.6465214883738
2021-08-29,17652.878722880065,10644.674460285656,2187.797342269409,15.0,-0.8359254794186365,3,2.830075419747607,0.9201201201201201,-7179.593079675
2021-08-30,18444.470511991123,11358.888797430915,2305.294065725345,12.0,-0.8452490573530634,4,1.8144887082991352,0.9206206206206207,-4819.712351165136
2021-08-31,18359.89333440331,12004.15629289973,1931.6030479948981,10.0,-0.8543221697498269,3,2.3608335102419145,0.9211211211211212,-3575.8660064913183
2021-09-01,17986.448080552465,10009.748042475952,1243.3505784532379,15.0,-0.8631421280499115,4,3.642823335776382,0.9216216216216216,-5266.650540376725
2021-09-02,16870.147020047825,10930.694499513007,1055.3563199593082,14.0,-0.8717063187093217,3,1.9283711695176602,0.9221221221221222,-6315.90379942449
2021-09-03,16689.885432696683,10066.109228379617,924.4671115839283,13.0,-0.8800122039735356,1,2.3150834203026274,0.9226226226226226,-4700.690907266862
2021-09-04,18454.444433019045,10623.274635649863,2249.596011665762,14.0,-0.888057322629493,2,3.4981048670937533,0.9231231231231232,-5618.42621429658
2021-09-05,17096.320356609802,9592.635401096386,1486.3663448805755,17.0,-0.8958392907349089,4,3.0651144831255577,0.9236236236236237,-7582.68138936716
2021-09-06,20528.450328412422,12222.510001658937,3099.752693272883,17.0,-0.9033558023246842,4,5.0,0.9241241241241241,-8393.812366519398
2021-09-07,16747.817498670163,10509.515555164327,1925.0083226040879,11.0,-0.9106046300942162,4,4.967117236819501,0.9246246246246247,-4486.706379098252
2021-09-08,18238.365810178973,10879.244925918616,2406.744006851499,16.0,-0.9175836260593934,2,2.805662029799077,0.9251251251251251,-7847.6231225911415
2021-09-09,20729.228350995443,13193.114475720939,1982.7361421997334,13.0,-0.9242907221930934,5,3.9457100947227857,0.9256256256256257,-4846.622266925229
2021-09-10,17446.481232170518,9742.300894276532,2293.7340764849,14.0,-0.9307239310379793,2,4.099426045503561,0.9261261261261262,-5789.553738590914
2021-09-11,20121.958569871524,12067.130667999885,1268.4597847457824,9.0,-0.9368813462954315,1,3.0220169135804773,0.9266266266266266,-413.63188287414414
2021-09-12,19357.283645335025,10988.173464994456,2067.2603472683318,12.0,-0.9427611433904206,5,2.303566770801437,0.9271271271271272,-3298.1501669277623
2021-09-13,16526.64004720725,10097.799969636832,982.5623563125097,11.0,-0.9483615800121716,2,3.490161240553554,0.9276276276276276,-3353.7222787420924
2021-09-14,22248.932097302102,13792.802953429911,3372.1392944693225,14.0,-0.9536809966304455,4,3.361723460148711,0.9281281281281282,-6116.0101505971315
2021-09-15,18787.841092193754,11062.323758475726,2678.545814370236,15.0,-0.9587178169872964,2,3.1513884024235046,0.9286286286286287,-6953.028480652209
2021-09-16,18022.74172880254,9511.538108967956,1641.3374622419497,9.0,-0.9634705485641486,3,3.853853494531588,0.9291291291291291,-330.1338424073665
2021-09-17,19261.869906814347,11656.596017486854,2212.60269569908,13.0,-0.9679377830240642,5,2.8994163143955207,0.9296296296296297,-5007.328806371587
2021-09-18,18823.235045276575,11512.3103030327,2350.5203636621054,15.0,-0.9721181966290612,3,2.5784019619366854,0.9301301301301301,-7039.595621418231
2021-09-19,18796.01380802973,11479.755662298687,1533.3814651763153,12.0,-0.9760105506323682,4,3.5872663762798656,0.9306306306306307,-3817.1233194452725
2021-09-20,16947.9507133495,10786.661523920775,2092.9312715022415,14.0,-0.9796136916454901,2,3.8087760740551007,0.9311311311311312,-7131.6420820735175
2021-09-21,16536.38552705926,9386.304476411033,1051.2591003853938,14.0,-0.9829265519799822,3,2.5586840448799575,0.9316316316316317,-5101.178049737166
2021-09-22,18793.8419647478,11616.413231573904,1314.4917912713247,14.0,-0.9859481499638303,3,4.242472488792865,0.9321321321321322,-5337.063058097428
2021-09-23,15628.882652087344,9973.583347491394,2370.2013100130443,12.0,-0.9886775902323404,2,2.0836150897791375,0.9326326326326326,-6314.902005417094
2021-09-24,19893.47548686962,11046.791500118514,2029.2649389141811,11.0,-0.9911140639934546,3,3.0375092330274853,0.9331331331331332,-1982.5809521630727
2021-09-25,16261.996629373807,9917.023890583772,2252.216081778662,11.0,-0.9932568492674143,2,3.2935931710419126,0.9336336336336337,-4707.243342988628
2021-09-26,17315.109319211428,10136.975676023021,1865.9941100031933,14.0,-0.9951053111006974,5,2.991021029878456,0.9341341341341342,-5887.860466814787
2021-09-27,20738.52528915179,12402.35383694025,2574.4445285252755,13.0,-0.99665890175417,3,3.047951621159046,0.9346346346346347,-4638.273076313737
2021-09-28,21580.016113331905,13121.84790976831,2649.9717832416795,13.0,-0.9979171608653922,2,4.996859585846491,0.9351351351351351,-4591.803579678084
2021-09-29,18566.17611145991,10896.091384819169,1977.0243497542904,12.0,-0.9988797155850335,3,2.819292728768881,0.9356356356356357,-3906.939623113549
2021-09-30,18105.23482446484,10525.286855098097,2365.9728585753546,13.0,-0.9995462806873573,3,5.0,0.9361361361361362,-5186.024889208613
2021-10-01,18359.64962413508,11032.86598322506,2058.1021153399442,15.0,-0.9999166586547379,4,3.8497014237848415,0.9366366366366367,-6731.318474429924
2021-10-02,19874.307249761685,11380.96138042561,1561.1738792651045,13.0,-0.9999907397361901,5,3.5736441098495937,0.9371371371371372,-3467.8280099290296
2021-10-03,19436.806497784655,11119.1713342282,1603.7022282311013,11.0,-0.9997685019798909,3,3.8809922827101326,0.9376376376376376,-2086.0670646746457
2021-10-04,22508.359900580137,13844.702581826332,2557.859516903037,15.0,-0.9992500112396835,4,5.0,0.9381381381381382,-5894.202198149232
2021-10-05,18996.378875779712,10823.430307888499,1189.7905422719348,13.0,-0.9984354211555643,3,2.7051255968548418,0.9386386386386387,-3416.8419743807217
2021-10-06,19247.83631929849,11881.8580420337,2351.822544134801,13.0,-0.9973249731081555,2,2.6036656648508885,0.9391391391391392,-5385.84426687001
2021-10-07,18150.227347675213,11121.432055032103,1420.1890272738035,17.0,-0.9959189961471792,4,2.896107042742463,0.9396396396396397,-7991.393734630694
2021-10-08,19232.39543661649,10676.533897574594,1807.5097430087515,13.0,-0.994217906893952,3,3.525714517571649,0.9401401401401401,-3651.6482039668554
2021-10-09,19262.271094730164,11218.580330670271,2718.35169713343,14.0,-0.9922222094179324,4,2.1193831001499412,0.9406406406406407,-5874.660933073537
2021-10-10,21313.130934639063,13384.933262307124,1703.4062053710122,11.0,-0.989932495087353,4,3.5178713914548863,0.9411411411411412,-2575.2085330390737
2021-10-11,19448.718714914405,11178.6484633788,877.5994447919625,13.0,-0.9873494423939864,3,4.854837706730938,0.9416416416416417,-3007.5291932563578
2021-10-12,19554.001038686794,11500.198492057381,772.5306836544648,15.0,-0.9844738167520923,5,3.621125912499822,0.9421421421421422,-4718.728137025052
2021-10-13,15491.554913224498,9525.963394560646,1669.8899015094553,10.0,-0.9813064702716093,4,3.2658516328197784,0.9426426426426426,-3704.2983828456036
2021-10-14,16198.726847807626,10110.931363325873,2052.1482588622857,14.0,-0.9778483415056567,3,3.005471641053098,0.9431431431431432,-7164.352774380533
2021-10-15,20332.361412061236,12073.647404214495,1142.049370894225,14.0,-0.9741004551724206,3,4.218809363641252,0.9436436436436437,-4083.335363047483
2021-10-16,17695.587855408732,10318.597615899418,2074.968204776805,14.0,-0.970063921851507,3,2.839333781409562,0.9441441441441442,-5897.9779652674915
2021-10-17,15425.334731800283,9966.385769929424,695.5251147649495,16.0,-0.965739937654855,5,4.977116736479399,0.9446446446446447,-8036.57615289409
2021-10-18,19597.044818957787,12627.676723273462,1801.1223507031111,14.0,-0.9611297838723007,4,5.0,0.9451451451451451,-6031.754255018785
2021-10-19,22554.472126724482,14022.112301425588,3131.031555679096,17.0,-0.9562348265919058,1,3.7054006389294303,0.9456456456456457,-8198.671730380202
2021-10-20,18758.32437034142,11297.653693487364,1750.7374427038205,12.0,-0.9510565162951536,3,3.490787929538684,0.9461461461461462,-3890.066765849765
2021-10-21,21206.73478311896,12319.908009050912,1837.704531057076,14.0,-0.9455963874271428,3,4.324527846593248,0.9466466466466467,-4150.877756989026
2021-10-22,19708.908372887818,11410.122820454408,1516.014366539972,14.0,-0.9398560579418953,1,4.37583880178186,0.9471471471471472,-4417.228814106562
2021-10-23,18629.960291670122,11439.233227634952,510.0239407421036,12.0,-0.9338372288229252,1,2.8552066151524675,0.9476476476476476,-2919.2968767069324
2021-10-24,21463.81772223881,13087.489743787628,2021.577413114799,16.0,-0.9275416835791965,3,3.0787558934906385,0.9481481481481482,-6445.249434663616
2021-10-25,19209.67609943057,12226.604956131556,946.6913661897149,19.0,-0.9209712877166347,3,2.4421220522533638,0.9486486486486487,-9163.620222890702
2021-10-26,20485.1703777992,12616.32727294759,2575.517093236721,14.0,-0.9141279881853337,3,3.8272519506672458,0.9491491491491492,-5906.6739883851105
2021-10-27,20455.39853461519,11521.698969889203,1918.925204236603,15.0,-0.9070138128026362,2,4.0333023067655125,0.9496496496496497,-4985.225639510616
2021-10-28,17839.979906045242,11229.961752488605,2211.755596336204,14.0,-0.8996308696522434,2,2.4200594897109813,0.9501501501501501,-6801.737442779567
2021-10-29,20582.19287098678,11850.285408934862,1272.3632606328292,13.0,-0.8919813464595487,4,3.1358408761470726,0.9506506506506507,-2940.4557985809124
2021-10-30,19915.424951457637,11757.269334898405,1255.5463323172862,10.0,-0.8840675099433637,3,2.4221968659349207,0.9511511511511512,-1097.3907157580543
2021-10-31,18973.24960392102,11509.049865478459,2634.3045118346245,13.0,-0.8758917051442433,2,2.78096015180493,0.9516516516516517,-5570.104773392063
2021-11-01,20445.934686255758,13265.394556645437,2961.90418452934,11.0,-0.8674563547295971,3,3.94081364818104,0.9521521521521522,-4581.364054919019
2021-11-02,18444.142333407333,12621.444678047079,1081.664073588662,18.0,-0.858763958275803,3,2.9132143466573766,0.9526526526526526,-9658.966418228407
2021-11-03,20803.240666390135,12785.305929402173,3262.8755387661886,14.0,-0.8498170915275277,1,3.2593392351741612,0.9531531531531532,-6444.940801778227
2021-11-04,19293.511479363897,11484.508578258145,1768.0954093125679,14.0,-0.8406184056344783,2,2.1981506176421473,0.9536536536536537,-5159.092508206815
2021-11-05,21889.32569090229,13400.848238781648,2507.4954598555278,16.0,-0.8311706263658079,1,3.6495921677797316,0.9541541541541542,-6819.018007734886
2021-11-06,20416.1938977959,12693.544051614457,1865.2196257216226,12.0,-0.8214765533024145,4,3.464581344124281,0.9546546546546547,-3742.56977954018
2021-11-07,19698.041766622766,11658.491247195063,1081.944041887548,13.0,-0.8115390590073611,4,2.9168325999734703,0.9551551551551551,-3442.3935224598454
2021-11-08,22059.94602422451,14133.573292490866,1322.9488406392059,14.0,-0.801361088174677,4,3.3487885618540205,0.9556556556556557,-4596.57610890556
2021-11-09,22745.179804818436,13762.143262486763,2053.9775933658393,16.0,-0.7909456567567774,4,3.6442359044027555,0.9561561561561562,-5870.941051034167
2021-11-10,21533.022001502362,13168.684745447114,1577.186829261257,15.0,-0.780295851070776,4,2.848105480872525,0.9566566566566567,-5212.849573206008
2021-11-11,21152.067895237124,13024.202863169505,,15.0,-0.7694148268839381,3,2.3189899647985763,0.9571571571571572,-7275.271872656577
2021-11-12,18188.545713759697,11123.920733563045,1914.8136998179116,15.0,-0.7583058084785625,3,4.944459546149452,0.9576576576576576,-6850.18871962126
2021-11-13,19135.404047761676,11900.712678891812,1212.1531896726851,15.0,-0.7469720876965551,1,2.993381836231782,0.9581581581581582,-5977.4618208028205
2021-11-14,19530.14091174372,11409.45795377277,,15.0,-0.7354170229639858,3,3.4225919174504886,0.9586586586586587,-6324.617078227288
2021-11-15,19630.589120320546,11499.202595219313,1469.1267526599595,12.0,-0.7236440382959124,4,4.308671788016251,0.9591591591591592,-2937.7402275587256
2021-11-16,19950.92920565283,11420.48040690585,2452.883566204042,15.0,-0.711656622281775,3,5.0,0.9596596596596597,-5922.434767457064
2021-11-17,20548.681162669378,12548.95931291174,2401.2826262155386,12.0,-0.6994583270516471,3,2.5044108400889074,0.9601601601601601,-4001.560776457901
2021-11-18,21708.00494871212,13414.27122098333,3109.2466531883065,15.0,-0.6870527672236675,2,3.859861770981208,0.9606606606606607,-6815.512925459515
2021-11-19,19728.85694233826,12066.2005984789,2893.1545656817616,14.0,-0.6744436188329457,3,2.933958171764715,0.9611611611611612,-6430.4982218223995
2021-11-20,22945.28495808736,14604.417191526183,2465.982546140188,20.0,-0.661634618242279,4,3.0689677563386315,0.9616616616616617,-10125.114779579013
2021-11-21,19886.54957445101,11929.131735256082,2813.5201314859114,15.0,-0.6486295610349818,4,2.9238303831945682,0.9621621621621622,-6856.1022922909815
2021-11-22,16713.70691212303,10362.594975070075,1957.537648813799,12.0,-0.6354323008901775,3,2.599476025759532,0.9626626626626626,-5206.425711760843
2021-11-23,20219.91393131789,11586.097920721075,2098.042114918709,15.0,-0.622046748440868,4,3.4669669105722707,0.9631631631631632,-5464.226104321895
2021-11-24,21174.350793825128,12511.060625057877,949.269651768249,16.0,-0.6084768701151264,3,2.3203978503614113,0.9636636636636637,-5085.979483000998
2021-11-25,19497.170275094366,12046.071043839507,1432.2833245746283,18.0,-0.594726686960764,4,4.257446053209496,0.9641641641641642,-8381.184093319769
2021-11-26,22270.779292654937,13787.018630964534,1031.7969958217946,14.0,-0.5808002734538013,3,3.5440023488267,0.9646646646646647,-3748.0363341313914
2021-11-27,23210.84818598928,13779.525437761476,2560.2782020179775,12.0,-0.5667017562911184,3,3.837947978321152,0.9651651651651652,-2728.955453790172
2021-11-28,22091.671979493087,13219.203561766817,2192.616518828577,17.0,-0.5524353131676203,3,3.127049110443022,0.9656656656656657,-6920.148101102307
2021-11-29,20779.116478197426,11708.533013578051,2089.8222399511847,12.0,-0.5380051715382992,4,3.2062368526306013,0.9661661661661662,-2619.2387753318108
2021-11-30,22790.779680635256,13495.95320797785,1135.3657678392558,14.0,-0.5234156073655503,5,3.7300511241338623,0.9666666666666667,-3040.5392951818485
2021-12-01,22157.764821661738,13739.850474756935,3010.0349991955227,15.0,-0.5086709438521042,1,2.5687594940753398,0.9671671671671672,-6592.12065229072
2021-12-02,20590.093182335993,12641.658417454879,1757.9377985765746,15.0,-0.49377555015997737,1,3.2136076524693316,0.9676676676676677,-5809.5030336954605
2021-12-03,19692.005435615923,12065.536122060159,2386.5318828518803,16.0,-0.4787338401157883,5,2.8123091888972365,0.9681681681681682,-7560.062569296116
2021-12-04,20621.258706959583,12397.64206776623,1850.1418951799014,14.0,-0.4635502709028512,3,2.7875449515271886,0.9686686686686687,-4826.5252559865485
2021-12-05,21140.128647124162,12687.608767588586,1517.3177909647768,15.0,-0.4482293417404106,3,1.8121294074994867,0.9691691691691692,-5064.797911429201
2021-12-06,21257.06866441951,12424.080628914982,1888.5406337696968,15.0,-0.4327755925504317,3,4.571461271584,0.9696696696696697,-5055.552598265171
2021-12-07,21096.268612049465,13007.175377330947,,16.0,-0.41719360261231697,1,2.9507689974769846,0.9701701701701702,-5744.348528164892
2021-12-08,21773.83361058451,13274.786638545398,3396.088339080028,15.0,-0.4014879892059737,4,4.43070084413084,0.9706706706706707,-6897.041367040918
2021-12-09,22487.183085568475,13738.319275337484,3116.658162026571,16.0,-0.38566340624360745,4,4.3550338571154334,0.9711711711711712,-7167.794351795581
2021-12-10,23078.048050017394,13583.811408676645,2654.1727598992666,17.0,-0.3697245428906732,3,2.4712002347868047,0.9716716716716717,-6759.936118558518
2021-12-11,22807.29301295903,12607.704347839797,1697.379415232841,16.0,-0.3536761221763721,3,2.6292710114617233,0.9721721721721722,-4297.790750113607
2021-12-12,19780.559133263745,12416.911835835095,2165.8279969287137,16.0,-0.33752289959411347,4,5.0,0.9726726726726727,-7602.180699500064
2021-12-13,16895.690688220962,9897.995684928375,2043.1338918769159,12.0,-0.32126966169236515,1,4.900740753541715,0.9731731731731732,-4645.438888584329
2021-12-14,22223.60803625166,12902.776939729436,2727.7508522284234,16.0,-0.3049212246562894,4,3.4747851893375166,0.9736736736736737,-6206.919755706201
2021-12-15,19386.356153609966,11978.553148122975,1181.7245046962482,16.0,-0.2884824328806098,2,3.7058984851338796,0.9741741741741742,-6573.9214992092575
2021-12-16,21567.11059408007,12744.260036488477,1179.8090398472075,17.0,-0.27195815753410524,3,2.995322877642249,0.9746746746746747,-5956.958482255614
2021-12-17,20632.401532945703,12909.409111790732,2768.3209304176535,14.0,-0.2553532951161881,5,3.845882171360272,0.9751751751751752,-6245.328509262682
2021-12-18,20680.21493809068,12716.631937642758,1772.7282611523738,14.0,-0.23867276600594997,4,2.9262544794220227,0.9756756756756757,-5009.14526070445
2021-12-19,23765.490184789232,14601.078772473778,1978.7277575249934,14.0,-0.22192151300416674,3,1.8741169885612923,0.9761761761761762,-4014.3163452095396
2021-12-20,23342.41536382432,13322.471362694323,1688.7344975694464,17.0,-0.20510449986861926,4,2.442755370791159,0.9766766766766767,-5268.790496439451
2021-12-21,21516.302264019,13515.753351104599,2352.7325317754426,18.0,-0.1882267098432439,3,3.51687419828047,0.9771771771771772,-8752.183618861041
2021-12-22,17772.508612502927,10794.130433118682,2494.8296650162256,15.0,-0.1712931441814778,2,2.59514621159793,0.9776776776776777,-7516.451485631981
2021-12-23,21691.88534582351,12830.492637871004,2706.2046072118746,18.0,-0.154308820664281,5,3.4461780280691725,0.9781781781781782,-8244.81189925937
2021-12-24,22947.945783630916,13840.461703849674,1656.4466935364976,16.0,-0.13727877211326517,4,2.6402711684537095,0.9786786786786787,-5348.962613755257
2021-12-25,20696.200377428235,11529.60261000778,2216.0622101747254,16.0,-0.12020804489935275,3,2.874116861998405,0.9791791791791792,-5849.46444275427
2021-12-26,22334.9810635156,13605.315043849694,1278.2750597148465,15.0,-0.10310169744743544,3,4.182532245130553,0.9796796796796797,-4548.609040048941
2021-12-27,23179.66308646615,13393.112097788655,2276.8170135571104,17.0,-0.0859647987374467,1,3.697984438112084,0.9801801801801802,-6090.266024879616
2021-12-28,24947.78015845579,14292.332952151706,2268.411521862811,16.0,-0.06880242680232064,1,3.492268462949322,0.9806806806806807,-4412.964315558727
2021-12-29,23010.576505259054,13045.166310046487,2529.460989485229,20.0,-0.05161966722325418,3,4.203171178456521,0.9811811811811813,-8564.050794272662
2021-12-30,21845.58821857567,13663.697118640364,2279.8090586611365,14.0,-0.034421611622745804,4,3.884486874677878,0.9816816816816817,-5297.9179587258295
2021-12-31,25396.433478499224,14923.22839025314,1905.9290047675456,17.0,-0.01721335615583528,3,4.6572506330010945,0.9821821821821822,-5032.723916521461
2022-01-01,22556.344378065995,14300.670481797846,1117.9471785831574,15.0,6.432490598706546e-16,4,3.1321125901478877,0.9826826826826827,-4862.273282315009
2022-01-02,23319.08637378007,13723.55109274189,2197.3652313832836,14.0,0.017213356155833904,1,3.156292017177993,0.9831831831831832,-3801.829950345106
2022-01-03,21856.579960027026,12260.268997219742,1238.9222303508725,16.0,0.03442161162274621,3,2.4591125868869237,0.9836836836836838,-4442.611267543589
2022-01-04,22725.233660878715,13076.8779765529,1696.2251422828283,16.0,0.0516196672232528,2,3.1568154261020642,0.9841841841841843,-4847.869457957013
2022-01-05,21431.966553453407,13477.085742075513,3044.4306685840297,22.0,0.06880242680232015,3,4.271815915441957,0.9846846846846847,-12689.549857206135
2022-01-06,23203.268630919545,13844.012089583393,1995.68077898186,16.0,0.08596479873744621,1,4.539989897809708,0.9851851851851852,-5436.424237645708
2022-01-07,26474.465644751377,15610.535738605524,2757.075832268306,14.0,0.10310169744743496,5,4.2682441344693345,0.9856856856856857,-3093.1459261224527
2022-01-08,22676.90051975027,13686.149424776557,3118.789665889062,17.0,0.12020804489935226,2,2.064646506760451,0.9861861861861863,-7728.038570915349
2022-01-09,21986.138107620078,13442.57423265582,3432.1265501750268,12.0,0.1372787721132647,5,4.3665161701285875,0.9866866866866868,-4488.562675210768
2022-01-10,27633.469160483743,17138.780904241474,2911.3219085647165,16.0,0.15430882066428142,3,2.0291851013823434,0.9871871871871872,-5216.633652322447
2022-01-11,22841.27112176145,14429.01228800333,2446.949103537295,16.0,0.1712931441814773,5,4.218493859297878,0.9876876876876877,-6834.690269779177
2022-01-12,23528.196800185673,13937.033757216861,1815.810951197526,18.0,0.1882267098432443,3,3.205772378743156,0.9881881881881882,-6624.647908228714
2022-01-13,25605.127418573935,14700.05260810334,2301.263209861535,18.0,0.20510449986861878,5,4.062026651147084,0.9886886886886888,-5796.18839939094
2022-01-14,24806.480873278633,14677.155943405542,2150.0774351359687,15.0,0.2219215130041654,1,2.4340413216843473,0.9891891891891893,-4020.752505262877
2022-01-15,26119.70555136544,15801.963584110708,2988.6394250329568,16.0,0.2386727660059495,4,4.436934106164918,0.9896896896896897,-5470.897457778224
2022-01-16,24436.496543938167,14180.018463257593,3184.7752646472454,15.0,0.25535329511618676,5,2.328020203116089,0.9901901901901902,-4928.297183966672
2022-01-17,22943.832583367883,13287.724092573208,1656.8797422179714,14.0,0.27195815753410474,2,2.9652360713174577,0.9906906906906907,-3200.7712514232962
2022-01-18,25755.64639244559,15625.281776242295,1168.0321243521607,17.0,0.28848243288060854,1,2.701524297784772,0.9911911911911913,-4637.667508148867
2022-01-19,22952.954639486616,13747.446607906744,2550.994655000078,14.0,0.30492122465628807,3,2.0965721177420007,0.9916916916916918,-4545.486623420207
2022-01-20,24851.027295229476,14927.014874843479,1416.202129780537,16.0,0.3212696616923639,5,3.5756220540707746,0.9921921921921922,-4292.189709394539
2022-01-21,24977.21799396844,14607.083129031027,2403.9003523646015,15.0,0.33752289959411386,3,4.94487129426957,0.9926926926926927,-4033.7654874271893
2022-01-22,26696.45449065845,15902.672337292184,3133.400416210394,18.0,0.3536761221763716,3,5.0,0.9931931931931932,-6739.618262844129
2022-01-23,28375.800518558433,16563.363739000906,3554.282926371725,20.0,0.3697245428906735,2,3.577724629668998,0.9936936936936938,-7741.846146814198
2022-01-24,25402.77295031575,15686.762975751843,3181.3801741935345,14.0,0.38566340624360695,1,4.393345020054018,0.9941941941941943,-4665.370199629628
2022-01-25,23064.265689020172,14356.18408077398,3258.4937670723752,13.0,0.4014879892059733,4,3.6856757103428297,0.9946946946946947,-4950.412158826184
2022-01-26,24688.272750632404,13889.869719260396,3012.74834286204,16.0,0.4171936026123165,1,3.89910655581457,0.9951951951951952,-5014.345311490031
2022-01-27,24154.768539707817,14028.105693728485,2868.7747834577235,17.0,0.43277559255043124,3,3.226281079098209,0.9956956956956957,-6342.111937478392
2022-01-28,26802.075824388143,15332.980867087846,3083.1198417797054,17.0,0.4482293417404102,5,3.6560615403380816,0.9961961961961963,-5214.02488447941
2022-01-29,26568.12832952365,15615.86503051074,1671.5097948923822,16.0,0.4635502709028508,2,3.929982963685143,0.9966966966966968,-3519.2464958794735
2022-01-30,25353.292811477753,15170.256701991471,1078.888433467494,16.0,0.47873384011578785,4,3.0372322168989347,0.9971971971971972,-3695.852323981213
2022-01-31,24918.542123129064,14226.302664028173,1779.4904606075409,18.0,0.493775550159977,1,3.4380045600856097,0.9976976976976977,-5487.251001506651
2022-02-01,21684.365323538615,12549.689287560512,1901.2811686070504,19.0,0.5086709438521045,3,3.4532559048020093,0.9981981981981982,-7966.605132628947
2022-02-02,24759.487227226564,14353.713650295189,2873.7397755181564,13.0,0.5234156073655498,2,4.161122653864419,0.9986986986986988,-2867.9661985867815
2022-02-03,26900.58207790702,16243.982911443683,4336.191913214016,16.0,0.5380051715382995,4,2.6471742626978556,0.9991991991991993,-6479.592746750679
2022-02-04,25253.809162216123,15186.957665847798,1543.4726150880374,17.0,0.5524353131676191,3,3.4587662331138787,0.9996996996996997,-5076.621118719713
2022-02-05,22459.80227342056,13115.012587383708,1279.9848676453182,15.0,0.5667017562911173,3,5.0,1.0002002002002002,-3935.1951816084675
2022-02-06,25687.49955040893,15500.910166315056,3740.377145344553,21.0,0.5808002734538001,3,4.43124812206875,1.0007007007007007,-10353.787761250678
2022-02-07,27200.564886284963,16046.998889477345,1772.6552037199754,16.0,0.5947266869607636,2,4.5793432391109645,1.0012012012012013,-3419.0892069123583
2022-02-08,26589.09269900242,15817.628064238424,2680.7842204090484,17.0,0.6084768701151253,4,3.5195454721424273,1.0017017017017018,-5509.319585645053
2022-02-09,26661.821058509595,16833.818680255026,3279.5393266539804,18.0,0.6220467484408676,3,3.7567980509488184,1.0022022022022021,-7851.536948399412
2022-02-10,24945.059891370016,15637.266460717183,1869.7971087271192,16.0,0.6354323008901765,4,4.3017889333623405,1.0027027027027027,-5362.003678074286
2022-02-11,22648.766029175793,12939.468999041675,611.2115599625321,13.0,0.6486295610349815,2,4.7482044236247445,1.0032032032032032,-1301.9145298284147
2022-02-12,27826.704448346736,17110.88887794763,1401.2588789722922,16.0,0.6616346182422785,4,1.9387176696936905,1.0037037037037038,-3485.4433085731853
2022-02-13,25353.26532132287,15617.657470039518,1864.2882546714716,19.0,0.6744436188329453,2,2.447646954360123,1.0042042042042043,-7328.68040338812
2022-02-14,25828.19157596716,14922.783301203986,2334.182257675552,17.0,0.6870527672236671,3,4.5475552811221185,1.0047047047047046,-5028.773982912378
2022-02-15,28405.703842145387,17452.811127164663,2064.2454568117855,16.0,0.6994583270516468,2,3.2784885153849572,1.0052052052052052,-3911.3527418310623
2022-02-16,25829.360967235778,16266.582539547742,2066.559399256017,19.0,0.7116566222817747,4,2.962623368593538,1.0057057057057057,-7703.780971567981
2022-02-17,25401.246210195422,14679.475322995047,2963.185277972182,17.0,0.723644038295912,2,2.496671210403517,1.0062062062062063,-5841.414390771807
2022-02-18,30263.683831550177,17699.458888422974,3667.9480298118096,16.0,0.7354170229639854,4,3.0559866387647125,1.0067067067067068,-3903.7230866846076
2022-02-19,25343.291928904924,15714.805890764705,1076.8774879782113,18.0,0.7469720876965548,4,2.37810457326094,1.0072072072072071,-5848.391449837993
2022-02-20,26883.704204128117,16265.970177889694,2392.4199000724643,19.0,0.7583058084785622,2,5.0,1.0077077077077077,-6974.685873834042
2022-02-21,27464.515578245286,16754.447484566932,3299.5440292985477,22.0,0.7694148268839378,3,3.4820511584155414,1.0082082082082082,-10189.475935620194
2022-02-22,26680.159522785343,16178.390321871455,1819.2856396564282,19.0,0.7802958510707751,1,3.453639566589826,1.0087087087087088,-6517.516438742539
2022-02-23,29466.83521499805,17875.449089462898,2528.4643914669577,20.0,0.7909456567567776,3,3.9704613401342654,1.0092092092092093,-6937.0782659318065
2022-02-24,27091.723555958422,15591.79806941951,2160.6490220512455,17.0,0.8013610881746761,4,4.269876135413256,1.0097097097097096,-4260.723535512334
2022-02-25,28776.545521388012,17789.58616614353,3765.71930123552,16.0,0.8115390590073613,4,4.256710525243712,1.0102102102102102,-5578.759945991038
2022-02-26,29377.36323972641,18211.212940049732,3510.3963629093164,18.0,0.8214765533024138,3,4.358897555126058,1.0107107107107107,-6744.24606323264
2022-02-27,25660.825379913753,15281.799855914238,,18.0,0.8311706263658081,2,2.995323559367315,1.0112112112112113,-6723.47381409095
2022-02-28,25968.225404586337,15559.196767844871,3033.2531588867228,16.0,0.8406184056344775,3,3.261706556034511,1.0117117117117118,-5424.224522145256
2022-03-01,25440.480185161094,14498.734359818794,2439.5030256690875,17.0,0.8498170915275279,2,4.115225324353821,1.0122122122122121,-5097.757200326789
2022-03-02,24677.61819274524,15063.698293656062,2257.8301358524914,19.0,0.8587639582758028,4,3.078088750688304,1.0127127127127127,-7843.910236763311
2022-03-03,28884.71096060516,17616.85529722017,2804.4350424169334,19.0,0.8674563547295968,3,3.49591469437822,1.0132132132132132,-6736.579379031942
2022-03-04,25505.687718832938,15272.317122800107,1927.2304912059774,19.0,0.8758917051442431,4,3.8190110115398515,1.0137137137137138,-6893.859895173146
2022-03-05,27165.059681929102,16861.21248909271,3821.523424162001,18.0,0.8840675099433635,2,4.1281480658483005,1.0142142142142143,-7917.67623132561
2022-03-06,24865.744512418787,14752.408091961302,2482.448184544055,17.0,0.8919813464595485,3,2.0778552301038387,1.0147147147147146,-5969.1117640865705
2022-03-07,26239.421871563783,16025.95608588507,2350.3109729967314,17.0,0.8996308696522431,3,4.071796519911156,1.0152152152152152,-5736.8451873180165
2022-03-08,26353.301555048813,15302.148763683228,,16.0,0.9070138128026359,1,3.31302075371862,1.0157157157157157,-4927.0330981257575
2022-03-09,27871.622783594026,16711.197594719295,734.3410614231963,22.0,0.9141279881853336,3,4.065966168691505,1.0162162162162163,-7173.915872548465
2022-03-10,26530.399578001332,15831.06261784938,2417.711079499955,18.0,0.9209712877166345,4,4.121545353883863,1.0167167167167168,-6118.374119348004
2022-03-11,27815.91020381687,16802.200083310592,1547.348207381483,18.0,0.9275416835791963,4,4.786332048895326,1.0172172172172171,-4933.638086875204
2022-03-12,27380.75353263314,16243.688655163205,3821.401035720696,16.0,0.933837228822925,3,4.582762918096963,1.0177177177177177,-5484.33615825076
2022-03-13,27859.53403111751,16649.984120834673,2936.994486003399,24.0,0.9398560579418951,3,4.577257330088237,1.0182182182182182,-10927.444575720563
2022-03-14,28267.850483863625,17373.733876038925,2506.0246637252753,16.0,0.9455963874271424,1,4.6549362553329905,1.0187187187187188,-4411.908055900574
2022-03-15,26365.064162996852,15600.656379179001,,17.0,0.9510565162951538,4,3.7331031878527567,1.0192192192192193,-6495.880353419763
2022-03-16,28078.735151885303,16043.952540761842,2641.590091214263,19.0,0.9562348265919054,1,3.5257480696294716,1.0197197197197196,-5806.807480090802
2022-03-17,28351.129779935633,17885.46982006409,3644.595879392677,19.0,0.9611297838723009,5,4.1982536665426675,1.0202202202202202,-8378.935919521133
2022-03-18,28811.45498089746,17977.600027883716,2751.7087884919497,20.0,0.9657399376548549,3,4.085664761146418,1.0207207207207207,-7917.853835478207
2022-03-19,25721.964617772377,14787.047423110616,1875.2982509419376,22.0,0.9700639218515071,3,3.252747010609392,1.0212212212212213,-8540.381056280177
2022-03-20,25113.965620181472,15413.23327473148,4009.8476578950103,19.0,0.9741004551724205,5,3.8238587270466144,1.0217217217217218,-9509.115312445017
2022-03-21,26711.72357396427,15775.54675910289,1822.4702034332295,16.0,0.9778483415056568,1,3.4719228265723245,1.0222222222222221,-3686.2933885718485
2022-03-22,26738.85834542735,16175.05861492194,1810.3503304114415,18.0,0.9813064702716092,3,2.816853673231955,1.0227227227227227,-5646.5505999060315
2022-03-23,26704.02527475937,16169.52722936237,2427.2563788333027,19.0,0.9844738167520922,3,4.53236859310108,1.0232232232232232,-7092.758333436303
2022-03-24,27353.954790516975,16295.168974152024,3665.3383432418555,23.0,0.9873494423939863,2,3.544159394024071,1.0237237237237238,-11006.552526876905
2022-03-25,28694.406836821432,16824.76126929966,2949.433773367004,16.0,0.989932495087353,3,5.0,1.0242242242242243,-3879.7882058452306
2022-03-26,26453.49546813902,15526.82675472528,1382.5930112707965,21.0,0.9922222094179323,4,2.1996061838401335,1.0247247247247246,-7255.924297857058
2022-03-27,27702.06626806807,16163.143803100218,2761.0316562275857,19.0,0.9942179068939518,4,3.054576981725307,1.0252252252252252,-6422.109191259735
2022-03-28,30625.513582115702,17959.3970451542,3057.2481564868203,20.0,0.995918996147179,1,3.526111069352697,1.0257257257257257,-6391.13161952532
2022-03-29,26898.858185823217,16105.725766469252,1227.9279766460068,18.0,0.9973249731081555,5,4.409904878103132,1.0262262262262263,-4834.79555729204
2022-03-30,31649.416495499907,18631.769902744567,3932.946224282733,17.0,0.9984354211555643,2,3.8195754980817482,1.0267267267267268,-4515.299631527392
2022-03-31,27784.17076983078,17011.528494754777,3984.4047841402303,20.0,0.9992500112396835,2,3.7483782033446014,1.0272272272272271,-9211.762509064227
2022-04-01,24100.239477772448,15203.766764331433,2503.3215732153585,20.0,0.9997685019798909,2,2.598188965956682,1.0277277277277277,-9606.848859774344
2022-04-02,28434.750753292115,16770.823831290247,2437.962607496494,21.0,0.9999907397361901,1,2.574446882216423,1.0282282282282282,-7574.035685494626
2022-04-03,27147.698099757283,16408.32111012206,1982.2690114586903,19.0,0.9999166586547379,2,3.7580037282319236,1.0287287287287288,-6442.892021823467
2022-04-04,28908.766947326865,17595.102723547585,1827.6001805877331,18.0,0.9995462806873574,5,2.408715204945313,1.0292292292292293,-4913.935956808453
2022-04-05,27480.541292021393,16724.32591067247,4460.177674861488,16.0,0.9988797155850336,3,3.074497799768537,1.0297297297297296,-6503.962293512564
2022-04-06,28804.294059400076,17320.554069598085,2782.9866570263835,20.0,0.9979171608653922,2,3.900733863268686,1.0302302302302302,-7299.246667224394
2022-04-07,25642.200652866304,15756.661600899644,2257.911523289324,20.0,0.9966589017541702,2,2.714140582178579,1.0307307307307307,-8372.372471322664
2022-04-08,26586.47511545346,16193.009545612404,3405.8106788770183,17.0,0.9951053111006976,4,4.784284769889445,1.0312312312312313,-6612.345109035961
2022-04-09,26363.66228356416,15199.366158974846,2546.7456364868112,18.0,0.9932568492674143,4,4.479149075390312,1.0317317317317318,-5782.4495118974955
2022-04-10,26515.19708002312,16343.696280208509,3107.4239410107,18.0,0.9911140639934547,2,2.2428640013293597,1.0322322322322321,-7335.923141196088
2022-04-11,28188.641214217874,17356.830147164095,1255.1532517073138,16.0,0.9886775902323405,1,2.75410300545441,1.0327327327327327,-3223.342184653535
2022-04-12,30484.565096983868,17909.09600610103,4074.9828868496347,17.0,0.9859481499638303,2,1.67137820440404,1.0332332332332332,-5099.513795966797
2022-04-13,28691.33766325681,17233.771515677887,4443.631556656995,17.0,0.9829265519799825,1,2.8739269099614932,1.0337337337337338,-6586.065409078071
2022-04-14,25279.17412235383,15509.16896981783,2653.1653766156082,18.0,0.9796136916454901,2,4.1131107812579195,1.0342342342342343,-7283.160224079609
2022-04-15,27706.853634284143,16519.455270780807,4457.493275604847,18.0,0.9760105506323685,3,3.168884046180114,1.0347347347347349,-7670.094912101511
2022-04-16,29077.847048720934,17983.197253115566,1866.7131127408707,16.0,0.9721181966290613,2,3.868637794892774,1.0352352352352352,-3572.063317135502
2022-04-17,24748.202661405252,16030.857844152832,2152.5985407182648,23.0,0.9679377830240643,3,2.282132545374605,1.0357357357357357,-11835.253723465845
2022-04-18,26091.847660538842,15262.115580005815,3174.1069684221193,22.0,0.963470548564149,2,4.138380203665524,1.0362362362362363,-9944.374887889091
2022-04-19,28620.313785639933,16481.665969807073,3009.925957540571,18.0,0.9587178169872963,5,3.05591261765732,1.0367367367367368,-5271.278141707709
2022-04-20,27642.312333711645,16737.296698029426,2719.7032716941026,20.0,0.9536809966304456,5,3.5097357458263243,1.0372372372372374,-7814.687636011884
2022-04-21,28274.933215813864,17325.74118205139,2282.1504807270235,20.0,0.9483615800121717,3,3.425700398885558,1.0377377377377377,-7332.958446964551
2022-04-22,27778.77744837488,16551.83328210254,1723.292659113349,22.0,0.942761143390421,3,2.482761183286173,1.0382382382382382,-8096.348492841009
2022-04-23,28373.62751306635,17750.80683950033,2678.2648742845936,18.0,0.9368813462954314,3,2.5775325346081743,1.0387387387387388,-6455.4442007185735
2022-04-24,28622.736871873676,16504.33922326258,1983.985731883565,22.0,0.9307239310379796,3,4.2742355752027406,1.0392392392392393,-7465.588083272471
2022-04-25,27725.057357954538,16981.49372628853,2823.6263840081897,18.0,0.9242907221930936,4,3.8191937260013566,1.0397397397397399,-6480.062752342181
2022-04-26,28460.715568461954,16773.498930697726,1681.0104420955154,17.0,0.9175836260593944,3,4.3400392332427415,1.0402402402402402,-3593.793804331288
2022-04-27,26148.872550405402,16549.012483346887,1739.4082933336006,21.0,0.9106046300942163,4,3.759726588402015,1.0407407407407407,-8939.548226275085
2022-04-28,28770.110882372857,18258.324206007776,2988.0280707151665,22.0,0.903355802324684,5,3.614392507847373,1.0412412412412413,-10076.241394350085
2022-04-29,27019.603271245374,15828.433668855549,2802.1478960636073,25.0,0.8958392907349094,3,2.1191915050665866,1.0417417417417418,-11610.978293673781
2022-04-30,27178.901243071647,16032.562177888696,3321.136756085053,17.0,0.8880573226294932,3,3.2837066425910644,1.0422422422422424,-5774.797690902103
2022-05-01,27697.916688848898,17048.54395679924,2659.0938012339557,21.0,0.8800122039735359,1,3.478092543677005,1.0427427427427427,-8809.721069184297
2022-05-02,24781.122860145202,14675.108391192363,,19.0,0.8717063187093216,2,5.0,1.0432432432432432,-6582.642430260694
2022-05-03,23907.799588111877,14321.974143901007,3084.8304768355247,21.0,0.8631421280499113,3,4.049565305678942,1.0437437437437438,-10299.005032624655
2022-05-04,26463.03418429123,15890.514720845944,2573.3623169872226,17.0,0.8543221697498272,2,4.728848945367623,1.0442442442442443,-5600.842853541935
2022-05-05,29987.787985612376,17032.836213268598,1447.1570686809423,17.0,0.8452490573530637,4,3.9780301647157827,1.0447447447447449,-2092.2052963371643
2022-05-06,26540.47797323081,15917.367910891368,2808.3813043245577,18.0,0.8359254794186368,2,2.9309574184404164,1.0452452452452452,-6585.271241985116
2022-05-07,32381.19771666701,19083.85474296812,4668.523880059096,20.0,0.8263541987239097,3,3.593699372919881,1.0457457457457457,-7371.180906360205
2022-05-08,26560.032297364654,15689.457967218907,3008.568607839828,18.0,0.8165380514459165,3,3.6889789170113865,1.0462462462462463,-6537.994277694081
2022-05-09,26916.14834160469,16871.505006697218,1689.8373153492691,21.0,0.8064799463209444,4,2.7486755441834547,1.0467467467467468,-8445.193980441796
2022-05-10,30843.13570493831,17877.627975823358,2332.475891469133,22.0,0.7961828637826157,3,3.192490098725663,1.0472472472472474,-6966.96816235418
2022-05-11,30734.153869359492,18847.09491498968,2294.0931591711696,21.0,0.7856498550787148,4,3.3353864050582622,1.0477477477477477,-7207.034204801359
2022-05-12,29538.06151654551,17583.3554447614,2521.4983267238013,23.0,0.7748840413670415,3,4.784495866052095,1.0482482482482482,-8966.792254939694
2022-05-13,28916.90920675942,17210.265439807736,3229.338185871517,21.0,0.7638886127905427,3,1.8354075796872173,1.0487487487487488,-8322.694418919831
2022-05-14,28072.578647584396,17238.733136576495,1492.647187760988,18.0,0.7526668275320086,1,4.464654736572834,1.0492492492492493,-5058.801676753086
2022-05-15,26999.209664569087,16369.551446025896,3942.4279902874555,23.0,0.7412220108485964,3,2.750563812032494,1.0497497497497499,-11712.769771744264
2022-05-16,29104.163321541742,17747.80449153481,4105.700683269613,19.0,0.7295575540864886,4,2.4023366501843086,1.0502502502502504,-7949.341853262682
2022-05-17,27874.806499932212,17208.97623022576,3210.6250158249186,22.0,0.7176769136759622,3,4.443953704030771,1.0507507507507508,-10144.794746118465
2022-05-18,24805.633481167795,14717.725897109016,3447.85878932226,23.0,0.7055836101071772,4,4.085518455387505,1.0512512512512513,-11759.95120526348
2022-05-19,27574.206432946004,16238.405492513728,1470.7261442134727,21.0,0.6932812268869772,3,4.503614961904952,1.0517517517517518,-6934.925203781197
2022-05-20,26329.592302409255,15255.180118166654,2126.759940108316,17.0,0.6807734094770164,2,4.140561558036461,1.0522522522522522,-4652.347755865714
2022-05-21,26011.726288715006,15194.330508239525,2877.026846506245,18.0,0.6680638642135339,1,5.0,1.052752752752753,-6459.6310660307645
2022-05-22,27627.226194512325,18050.882929361756,4032.6818835917866,23.0,0.6551563572090847,3,3.946979069555588,1.0532532532532533,-12856.33861844122
2022-05-23,27773.034441926713,17286.160455524423,3106.4340726643895,20.0,0.6420547132365636,4,3.374818099101473,1.0537537537537538,-8619.5600862621
2022-05-24,27176.83519470026,15630.563933716145,1795.301482980036,20.0,0.6287628145958348,4,3.774341101857074,1.0542542542542543,-6249.030221995921
2022-05-25,28530.52196147718,16457.084198514523,4148.786653016805,22.0,0.6152845999633285,2,4.494775302676771,1.0547547547547547,-9675.348890054147
2022-05-26,25455.85112624553,15514.443706606562,1293.9290436212946,22.0,0.6016240632249223,3,2.8764997397919063,1.0552552552552554,-8952.521623982328
2022-05-27,26593.837241559697,16229.9347436248,3419.250929766231,21.0,0.5877852522924734,3,2.9784891339748953,1.0557557557557558,-9855.348431831335
2022-05-28,25630.10006049082,15652.501953953171,3642.9550035185184,20.0,0.5737722679043255,3,3.252831988321674,1.0562562562562563,-9665.356896980871
2022-05-29,23342.10112117685,13877.78277592926,1170.9333801053253,20.0,0.5595892624101764,2,1.8163337609877341,1.0567567567567568,-7706.615034857736
2022-05-30,26253.486425606443,15689.364725362415,2916.1129289119262,22.0,0.5452404385406511,2,3.6104627267340375,1.0572572572572572,-9951.9912286679
2022-05-31,27231.0990797887,16502.599209952896,1682.2852243580642,22.0,0.5307300481619339,2,1.991097036839179,1.057757757757758,-8553.78535452226
2022-06-01,29450.326769241496,17713.14256469156,2274.2888717985024,20.0,0.5160623910158538,1,3.542447450346095,1.0582582582582583,-6537.104667248566
2022-06-02,26913.144016575898,15038.23622357177,2255.776238946338,23.0,0.5012418134457756,2,4.1922318049082,1.0587587587587588,-8780.868445942211
2022-06-03,25261.262988434904,15041.857977773345,2540.8388310298233,20.0,0.4862727071086906,1,3.1184988314849313,1.0592592592592593,-8321.433820368264
2022-06-04,30069.000344493576,17615.696989565986,4537.306411978662,19.0,0.4711595076738632,3,4.841692696149497,1.0597597597597597,-7284.003057051073
2022-06-05,27151.0336862036,16378.225921176414,3123.705247540933,19.0,0.45590669350846025,3,2.33159928046521,1.0602602602602604,-7550.897482513748
2022-06-06,27930.69236345966,18251.0449193775,2601.4029344203627,19.0,0.44051878435049524,5,4.453008545305466,1.0607607607607608,-8121.755490338201
2022-06-07,25720.491179792552,15616.035540612684,3381.856161121812,20.0,0.4250003399695548,2,4.040109645125536,1.0612612612612613,-9277.400521941943
2022-06-08,25574.7172855655,15188.0655282531,3185.984451076385,23.0,0.40935595881562115,3,2.127173401351449,1.0617617617617618,-11199.332693763985
2022-06-09,25355.19668397215,15674.018761371915,1472.1206843208429,19.0,0.39359027665646695,3,5.0,1.0622622622622622,-6990.942761720609
2022-06-10,26679.698501993917,16249.163044800956,4070.3525660794485,21.0,0.37770796520396555,1,3.449003771596827,1.062762762762763,-10439.817108886487
2022-06-11,27981.358072156054,16998.862088519552,1517.2847838452442,19.0,0.36171373072976704,4,2.7980127822754945,1.0632632632632633,-5734.788800208742
2022-06-12,28775.555573134974,17568.758640488817,4083.9983346831386,20.0,0.34561231267073333,1,2.3743302441727865,1.0637637637637638,-8877.201402036982
2022-06-13,25862.128714770763,16545.549011277228,1679.8629514234306,18.0,0.3294084822245307,5,3.3239855778722607,1.0642642642642643,-6763.283247929896
2022-06-14,23949.855086203854,13804.468834059353,1852.4338171411882,20.0,0.3131070409358276,4,3.3980745020880323,1.0647647647647647,-7707.047564996687
2022-06-15,27039.769222636605,16460.67757198769,2587.6960597241346,21.0,0.29671281927349014,3,3.5821164228317315,1.0652652652652654,-8808.604409075218
2022-06-16,22300.258368879644,12916.964456337017,2450.0869514827054,22.0,0.2802306751992165,3,3.261763075020832,1.0657657657657658,-10666.793038940079
2022-06-17,26678.3396659988,16284.760122770404,2344.271164481967,21.0,0.26366549272800816,4,4.0065802480920745,1.0662662662662663,-8750.69162125357
2022-06-18,25020.31917165431,14552.848247249538,1355.360921935909,19.0,0.24702218048093705,3,3.1898961338694027,1.0667667667667668,-6087.889997531136
2022-06-19,24953.87685513123,14763.642706276196,3109.6666575299005,23.0,0.23030567023061246,3,1.9520287062076231,1.0672672672672672,-11319.432508674865
2022-06-20,23783.92457996982,14122.809790862937,3012.4616367305835,21.0,0.21352091543979507,1,3.380510803480287,1.067767767767768,-10151.346847623703
2022-06-21,26183.59964851966,16198.068148784148,2083.8199827943827,21.0,0.19667288979357758,1,1.6060178773013774,1.0682682682682683,-8898.288483058872
2022-06-22,24958.129587825482,15434.104974666496,2098.7234968334596,21.0,0.1797665857255622,3,3.7830165047131117,1.0687687687687688,-9374.698883674473
2022-06-23,25078.119572161213,14424.013055073536,2185.146258176193,20.0,0.16280701293851738,3,2.7165598157738917,1.0692692692692694,-7531.039741088516
2022-06-24,21221.04432877218,12760.093652763231,1433.8428631406646,22.0,0.14579919691987403,4,3.63068828393264,1.0697697697697697,-10572.892187131716
2022-06-25,26581.09343200147,15593.866131826297,4019.831180789425,22.0,0.1287481774525807,2,4.551259985219684,1.0702702702702704,-10632.60388061425
2022-06-26,27671.17051422519,15973.449853197446,3549.6017658953433,18.0,0.11165900712169492,4,2.7410010437856,1.0707707707707708,-6251.881104867601
2022-06-27,28794.93800920123,17168.45428030855,3337.2992878164273,20.0,0.09453674981720026,2,4.349005006809694,1.0712712712712713,-7710.8155589237485
2022-06-28,26309.37955895691,15631.386341146235,1898.3530863903175,21.0,0.07738647923346281,3,3.1532883466510775,1.0717717717717719,-8020.359868579644
2022-06-29,22923.6297650765,14967.53610221866,3205.995251556407,22.0,0.060213277365793266,3,4.902555841652468,1.0722722722722722,-12849.901588698567
2022-06-30,25832.34951638739,15715.889622512781,2784.331581269213,24.0,0.04302223300453128,3,3.207877909441429,1.072772772772773,-11867.871687394605
2022-07-01,24693.18651529505,14127.10315879991,3416.060864816194,20.0,0.02581844022713244,2,2.827605611594647,1.0732732732732733,-8849.977508321055
2022-07-02,25981.738197226536,15306.655916250449,2746.05499137359,20.0,0.0086069968886885,3,4.049790760316231,1.0737737737737738,-8070.972710397504
2022-07-03,27099.8958052877,16770.62913088732,2982.4004249106533,20.0,-0.008606996888687764,4,3.1513682163010914,1.0742742742742744,-8653.133750510273
2022-07-04,26973.450059466108,17228.291422114627,3114.1790228985365,20.0,-0.025818440227131704,3,2.826840388696793,1.074774774774775,-9369.020385547057
2022-07-05,25497.681723952504,14505.617378252524,1711.8268550718649,21.0,-0.04302223300453054,3,3.117728119436967,1.0752752752752754,-7519.762509371885
2022-07-06,25111.02947604523,14126.655493057615,3565.8469986355744,23.0,-0.06021327736579253,4,3.464314774253599,1.0757757757757758,-10981.473015647958
2022-07-07,25120.828067228358,16007.979428022905,2897.7186992455863,19.0,-0.07738647923346208,4,4.573744104995884,1.0762762762762763,-8984.870060040133
2022-07-08,24429.35564387934,14852.420475013054,2757.231807436931,22.0,-0.09453674981719774,3,1.9527298036323382,1.0767767767767769,-10780.296638570646
2022-07-09,25359.150534206554,14781.343954585749,2411.5982440323196,18.0,-0.11165900712169419,2,3.5184645271603365,1.0772772772772774,-6233.791664411515
2022-07-10,25613.079932746325,15635.162502709012,3190.671110370515,21.0,-0.1287481774525817,4,3.9999228757232346,1.077777777777778,-10012.753680333202
2022-07-11,26334.686161124046,14482.937827165988,2625.8755972016415,21.0,-0.14579919691987506,3,3.654758859993437,1.0782782782782783,-7574.127263243583
2022-07-12,23766.569790714042,14261.629627727005,1635.8199719723077,25.0,-0.16280701293851665,2,4.547892135546827,1.0787787787787788,-12130.879808985272
2022-07-13,27835.114629985055,16864.979364412575,1543.4058892652054,21.0,-0.17976658572556148,2,3.4405237361931804,1.0792792792792794,-7373.270623692724
2022-07-14,24500.34217823304,15162.340376708738,2231.0650930694173,17.0,-0.19667288979357686,4,3.352358846251244,1.07977977977978,-6493.063291545115
2022-07-15,25407.054045522935,14737.284451167492,2928.550103484006,18.0,-0.2135209154397961,1,3.9738636376106746,1.0802802802802804,-6658.780509128563
2022-07-16,25710.447971364643,15469.112363520464,2462.9824979973964,22.0,-0.23030567023061174,5,3.5794510519610796,1.0807807807807808,-9821.646890153217
2022-07-17,22195.348706769015,12854.496911031616,1002.2310340935711,23.0,-0.2470221804809346,2,3.187673009375623,1.0812812812812813,-10061.379238356172
2022-07-18,26164.14268051317,15826.17748614506,3066.352784290575,23.0,-0.26366549272800743,4,3.912915231669104,1.0817817817817819,-11128.387589922464
2022-07-19,27129.448861676065,15829.996155824127,1499.073311046152,22.0,-0.28023067519921585,3,2.9779773654266837,1.0822822822822824,-7799.620605194214
2022-07-20,24279.32782600289,14363.546276021623,1784.8407572530764,24.0,-0.2967128192734894,3,3.0110582783845383,1.082782782782783,-11069.05920727181
2022-07-21,23462.597256819477,13579.650656696573,1677.6945681695997,21.0,-0.31310704093582686,4,3.077604782587509,1.0832832832832833,-8594.747968046695
2022-07-22,24925.160277094583,15280.664287168578,1920.7869784848535,24.0,-0.32940848222452995,3,4.5824553281331255,1.0837837837837838,-11476.290988558849
2022-07-23,21082.67069979726,13078.82797820669,1548.7335501157236,19.0,-0.3456123126707326,3,1.0,1.0842842842842844,-8744.890828525151
2022-07-24,23814.042978532183,14171.115502140603,2014.3875440186168,20.0,-0.36171373072976637,1,3.816479067810354,1.084784784784785,-8371.460067627037
2022-07-25,26060.995815160477,15655.7164865763,1613.7849657453582,19.0,-0.3777079652039649,1,3.527417451360178,1.0852852852852855,-6408.505637161183
2022-07-26,24280.946887098955,13844.2724249426,2383.9935936215315,22.0,-0.39359027665646623,2,2.1553036326095034,1.0857857857857858,-9547.319131465176
2022-07-27,25489.826936830425,15144.057838094861,2671.045844681531,22.0,-0.4093559588156221,4,3.7477814233088016,1.0862862862862863,-9925.276745945968
2022-07-28,22544.875880139174,13501.823219562631,1969.4410856911713,22.0,-0.4250003399695525,2,3.880601593465226,1.0867867867867869,-10526.388425114628
2022-07-29,26085.65712958964,16961.79082326877,2385.7805659100495,22.0,-0.4405187843504946,2,3.97171138508592,1.0872872872872874,-10861.914259589179
2022-07-30,22867.96750688015,13164.796991241008,3421.0003072787176,20.0,-0.45590669350845797,3,1.3785375495640406,1.087787787787788,-9717.829791639575
2022-07-31,22424.387471679067,14186.721102383657,1268.1168620819253,22.0,-0.47115950767386416,3,4.593111529483551,1.0882882882882883,-10630.450492786516
2022-08-01,26991.069151555348,16693.070877666112,3343.86483742944,19.0,-0.48627270710868997,4,2.909810636252127,1.0887887887887888,-8245.866563540203
2022-08-02,22311.61829794183,13527.289181010165,1096.316076081286,25.0,-0.5012418134457749,2,4.049254197402541,1.0892892892892894,-12311.98695914962
2022-08-03,24265.551520110526,15438.641154163883,1395.6628591836031,22.0,-0.5160623910158532,1,4.092859024545829,1.08978978978979,-10168.75249323696
2022-08-04,25107.588905484277,15250.606079593996,2494.4725505312103,21.0,-0.5307300481619333,5,2.7986423315045657,1.0902902902902905,-9437.48972464093
2022-08-05,25897.14651954262,15732.867509559537,2827.6647849612723,26.0,-0.5452404385406505,2,4.028367961881241,1.0907907907907908,-13463.38577497819
2022-08-06,23459.881133343064,14049.368353497066,2710.1837331188317,20.0,-0.5595892624101757,4,3.1916054072701137,1.0912912912912913,-9299.670953272835
2022-08-07,26357.92742747267,16426.540897692914,2624.5232174031808,20.0,-0.5737722679043249,4,1.842898256529474,1.0917917917917919,-8693.136687623424
2022-08-08,25209.546181849422,15673.962326015095,3352.4305543699465,20.0,-0.5877852522924728,4,4.434193540422223,1.0922922922922924,-9816.846698535619
2022-08-09,25631.560888458418,15066.097889326944,1446.9920459623136,22.0,-0.6016240632249218,2,2.879964029587008,1.092792792792793,-8481.52904683084
2022-08-10,24263.532025605877,13898.495618064142,1749.3120737762658,23.0,-0.6152845999633265,4,2.8164052298095568,1.0932932932932933,-9784.275666234531
2022-08-11,23109.520528241905,13764.221998247314,1451.1119758020002,24.0,-0.6287628145958343,4,3.1775473055706223,1.0937937937937938,-11305.81344580741
2022-08-12,23736.95942279286,13842.156371476893,915.141070716986,28.0,-0.6420547132365644,3,3.7177893802619106,1.0942942942942944,-13420.338019401017
2022-08-13,23733.13394646947,14208.118080574002,3083.8811976217607,18.0,-0.6551563572090842,3,3.454183671342318,1.094794794794795,-7958.865331726294
2022-08-14,22713.121147424772,14246.591755796933,2690.5359561743444,24.0,-0.6680638642135334,2,3.9384535397657365,1.0952952952952955,-13424.006564546506
2022-08-15,19475.81037119723,11456.835395174941,829.6215656068961,22.0,-0.6807734094770158,2,2.428408506777073,1.0957957957957958,-10410.646589584609
2022-08-16,25254.476182468978,15131.274018825598,3698.862115512198,22.0,-0.6932812268869779,3,2.906090903655412,1.0962962962962963,-11175.659951868818
2022-08-17,25816.39142584763,15518.846222912773,3517.843618933453,22.0,-0.705583610107178,3,3.407202342142773,1.0967967967967969,-10820.298415998597
2022-08-18,21456.92688539,13298.371572336642,1509.2309634779103,21.0,-0.7176769136759616,3,5.0,1.0972972972972974,-10150.675650424553
2022-08-19,22227.056499930175,12212.789232965803,1342.2929847425087,26.0,-0.7295575540864868,3,3.4089499692689937,1.097797797797798,-12128.025717778137
2022-08-20,24841.517763079668,14601.560510465151,1481.8594765767741,25.0,-0.7412220108485958,3,4.368177810929305,1.0982982982982983,-11241.902223962257
2022-08-21,26411.598115712048,15952.600715566965,1534.551791891696,23.0,-0.7526668275320081,3,3.530844135027454,1.0987987987987988,-9475.554391746613
2022-08-22,23764.470495460977,14858.721775490016,1275.3171576183981,26.0,-0.7638886127905421,5,3.1130730900499453,1.0992992992992994,-13169.568437647436
2022-08-23,23279.578252885454,13721.79572797817,1941.3672667466149,20.0,-0.7748840413670409,2,3.3026204607084475,1.0997997997998,-8383.58474183933
2022-08-24,24382.705074831287,13691.346691877834,1862.3287631779917,20.0,-0.7856498550787143,3,3.365264230376895,1.1003003003003005,-7170.9703802245385
2022-08-25,25358.456200454755,15524.92944325592,2351.6996725023987,19.0,-0.7961828637826153,2,3.982916591168591,1.1008008008008008,-7718.172915303563
2022-08-26,23743.735064871333,13928.559844509984,3691.1070801819315,22.0,-0.806479946320944,3,4.599689014061243,1.1013013013013013,-11475.931859820583
2022-08-27,23886.558573181283,13737.101814363588,3074.896743391415,23.0,-0.8165380514459161,4,3.787744678149057,1.1018018018018019,-11325.43998457372
2022-08-28,23592.03450759865,13843.04800970258,3515.7422527860767,23.0,-0.8263541987239093,5,4.449662142993405,1.1023023023023024,-12166.755754890004
2022-08-29,24042.145777880956,14333.02478790065,1385.026187198844,23.0,-0.8359254794186364,2,2.7281682098962516,1.102802802802803,-10075.905197218537
2022-08-30,23521.719435142637,13810.659328816477,2326.842882296933,20.0,-0.8452490573530623,5,3.1682955929487755,1.1033033033033033,-8615.782775970772
2022-08-31,25384.833922312235,14128.117324837805,2270.1639039377656,25.0,-0.8543221697498268,1,2.9205579726338664,1.1038038038038038,-11013.447306463337
2022-09-01,22992.73684692141,14244.17520659641,1055.9232193810724,24.0,-0.863142128049911,3,3.751555672699882,1.1043043043043044,-11507.361579056073
2022-09-02,24737.72077440848,15480.06998528445,957.9847984161504,25.0,-0.871706318709322,1,3.212833291856469,1.104804804804805,-11700.334009292119
2022-09-03,23994.28755833787,14722.333530672475,3132.3906150692783,20.0,-0.8800122039735355,4,4.083818349627356,1.1053053053053055,-9860.436587403883
2022-09-04,21509.136644900733,12336.639151728032,2738.791755311682,24.0,-0.8880573226294929,3,2.755198630694047,1.1058058058058058,-12766.294262138981
2022-09-05,25437.698271148445,15161.873195715307,2463.0286648643455,21.0,-0.8958392907349091,4,3.534424778657025,1.1063063063063063,-8987.203589431207
2022-09-06,22863.376150258635,13714.765032540452,2584.2394360830913,23.0,-0.9033558023246845,4,4.049486328809805,1.1068068068068069,-11835.628318364908
2022-09-07,25558.672427629477,15634.60065135864,2075.9659431063474,25.0,-0.9106046300942161,2,1.8477577799675116,1.1073073073073074,-12151.894166835511
2022-09-08,28758.90603778791,17589.513867031787,1611.5597207603942,24.0,-0.9175836260593934,1,5.0,1.107807807807808,-9642.16755000427
2022-09-09,24395.405664285794,14270.156499182229,2000.370592895151,22.0,-0.9242907221930933,4,3.2734784920960993,1.1083083083083083,-9475.121427791586
2022-09-10,23307.401577508885,14025.43872471211,1832.1674339204808,24.0,-0.9307239310379792,3,1.8799680690590614,1.1088088088088088,-11750.204581123708
2022-09-11,23595.28761285542,14385.812770020872,1377.4318158679982,20.0,-0.9368813462954312,2,3.626475118861429,1.1093093093093094,-8167.95697303345
2022-09-12,25748.16702772185,16176.811377706494,3635.305237924818,26.0,-0.9427611433904208,3,3.526754774378521,1.10980980980981,-14863.949587909461
2022-09-13,23381.130000102574,14380.931269973906,2732.6998203770863,23.0,-0.9483615800121715,3,3.4344844963420056,1.1103103103103105,-12132.501090248417
2022-09-14,22061.417431044116,13631.37880231423,2973.4406667392977,26.0,-0.9536809966304454,1,4.292952890341333,1.1108108108108108,-15343.402038009412
2022-09-15,26725.02626479766,16076.929072843275,1978.5581869610319,23.0,-0.9587178169872961,2,4.097955977141645,1.1113113113113113,-9730.460995006648
2022-09-16,23914.438993653777,15053.892968794018,2117.588552658449,23.0,-0.9634705485641488,1,3.7383009528190763,1.1118118118118119,-11657.04252779869
2022-09-17,27925.427361310387,16960.13781476598,1740.3595561444731,22.0,-0.9679377830240641,3,3.8601245071573183,1.1123123123123124,-8375.070009600067
2022-09-18,25053.5037262986,14601.558280692374,746.1898609525795,26.0,-0.9721181966290611,4,3.4165132404495306,1.112812812812813,-11094.244415346353
2022-09-19,22382.074421180674,14130.929637771,1579.9515537794887,22.0,-0.976010550632368,5,4.920392679392039,1.1133133133133133,-10928.806770369814
2022-09-20,25668.840718373263,15750.25606729347,3513.2397427331534,25.0,-0.97961369164549,3,2.3166431853137865,1.1138138138138138,-13594.65509165336
2022-09-21,23998.384340482917,14177.508593725508,2904.539723858385,23.0,-0.982926551979982,2,3.611721339372717,1.1143143143143144,-11483.663977100976
2022-09-22,26011.484092383413,15367.143971730424,2138.3488650289983,20.0,-0.9859481499638304,5,3.5520197049510243,1.114814814814815,-7494.008744376009
2022-09-23,23235.92358030167,14089.841920751382,2160.4565479628873,23.0,-0.9886775902323404,3,4.150624324851674,1.1153153153153155,-11414.374888412598
2022-09-24,23823.605923944662,14525.755952000589,2723.247054637878,22.0,-0.9911140639934546,2,2.8249168980600805,1.1158158158158158,-11025.397082693806
2022-09-25,22785.35524171523,13769.859277844742,1715.9072567444737,24.0,-0.9932568492674143,5,2.1050619180827708,1.1163163163163163,-11900.411292873985
2022-09-26,25088.991307982586,15209.049121510992,1632.6323271975953,22.0,-0.9951053111006976,4,3.6254584128785545,1.1168168168168169,-9352.690140726001
2022-09-27,22583.061681254432,14399.815696040849,2296.040980080012,26.0,-0.99665890175417,4,3.7249843937748834,1.1173173173173174,-14912.794994866428
2022-09-28,21975.789383947114,13721.24520648571,3101.9928480777976,24.0,-0.9979171608653921,4,4.69167952755812,1.117817817817818,-14047.448670616393
2022-09-29,23142.126364303316,13980.593614214502,3183.8190882750323,24.0,-0.9988797155850336,2,2.483710362939931,1.1183183183183183,-13222.286338186219
2022-09-30,24622.34105700577,15244.059924587204,1483.8687171415415,25.0,-0.9995462806873573,2,4.423755013373376,1.1188188188188188,-12105.587584722973
2022-10-01,26003.009624048602,15085.54382266539,3678.7237485126093,26.0,-0.9999166586547379,4,5.0,1.1193193193193194,-13561.257947129398
2022-10-02,21317.62034671408,12989.535733001852,2583.2738720032394,24.0,-0.9999907397361901,2,3.1977880899820184,1.11981981981982,-13455.189258291011
2022-10-03,23737.36488860633,15147.072108030354,1750.891099352513,23.0,-0.9997685019798909,3,2.4672462244054207,1.1203203203203205,-11560.598318776536
2022-10-04,27438.78100261859,16354.245653874968,2322.8106944185633,21.0,-0.9992500112396835,4,3.174420506901303,1.1208208208208208,-8038.2753456749415
2022-10-05,23674.55556557085,13780.916375032966,1619.2625647161108,23.0,-0.9984354211555644,4,3.5112039738971044,1.1213213213213213,-10125.623374178229
2022-10-06,23495.07942356666,13771.003209843466,2803.9507955215913,23.0,-0.9973249731081555,3,3.951030300005532,1.1218218218218219,-11479.874581798395
2022-10-07,22247.083293094413,12803.433457185452,1582.791158905357,25.0,-0.9959189961471792,4,3.026884216129562,1.1223223223223224,-12139.141322996396
2022-10-08,24480.66710837052,14296.019310958458,3011.9580572810332,24.0,-0.9942179068939518,4,4.744158827317873,1.122822822822823,-12027.310259868973
2022-10-09,21638.160712939174,12797.64237846849,1639.1126564098288,26.0,-0.9922222094179325,4,2.6083741479935507,1.1233233233233233,-13598.594321939145
2022-10-10,25532.428682110552,14616.67369967701,3351.4700837735927,23.0,-0.9899324950873531,2,2.10863587826176,1.1238238238238238,-10835.71510134005
2022-10-11,25715.364207079307,15437.027691222384,2717.8744879881106,24.0,-0.9873494423939866,2,4.385368339429854,1.1243243243243244,-11639.537972131187
2022-10-12,28582.984199717474,17600.92910672381,3000.5105906685712,27.0,-0.9844738167520922,3,1.6803031750350401,1.124824824824825,-13618.455497674906
2022-10-13,26513.80433407092,15454.404510369091,3431.081169051872,25.0,-0.9813064702716094,2,3.336696184901827,1.1253253253253255,-12371.681345350044
2022-10-14,25579.524597117605,16107.356720091446,3486.0364247560688,24.0,-0.977848341505657,2,5.0,1.1258258258258258,-13213.86854772991
2022-10-15,24291.30127154201,14830.176807189006,2912.1390506683674,23.0,-0.9741004551724208,2,3.4903651576320547,1.1263263263263263,-11851.014586315361
2022-10-16,22825.98921938726,14210.883824444383,1344.327819954261,23.0,-0.9700639218515071,3,2.6033858794430005,1.1268268268268269,-11129.222425011387
2022-10-17,26834.35895999302,15771.698099069741,3364.357035419317,23.0,-0.9657399376548551,5,3.454082028970565,1.1273273273273274,-10701.696174496039
2022-10-18,23900.06245956532,14767.300089272501,1733.642890223638,24.0,-0.9611297838723011,2,3.4593593691043734,1.127827827827828,-11800.880519930819
2022-10-19,24588.32361135225,14207.027216613693,1670.8185212214507,26.0,-0.9562348265919062,4,3.628519952282493,1.1283283283283283,-12089.522126482892
2022-10-20,26311.133892045684,16231.804085645663,2530.5484376725058,24.0,-0.9510565162951538,4,4.0298103857276955,1.1288288288288288,-11651.218631272484
2022-10-21,23033.08601963462,13905.771281677537,1815.8086447023986,22.0,-0.9455963874271429,1,2.668711065305809,1.1293293293293294,-10288.493906745316
2022-10-22,26009.996573563963,15882.623554130769,2681.9757057229676,28.0,-0.939856057941896,5,4.850038444189435,1.12982982982983,-14954.602686289772
2022-10-23,25964.48055828608,14990.891032159221,4029.8761989069326,25.0,-0.9338372288229259,3,3.6960914274980943,1.1303303303303305,-13056.286672780076
2022-10-24,23866.048269046743,13872.094040289743,1965.0258292743142,22.0,-0.9275416835791963,3,4.081435237121443,1.1308308308308308,-9571.071600517314
2022-10-25,21305.378449441683,13081.841178791703,2355.8639455472407,24.0,-0.9209712877166351,4,2.997480480195486,1.1313313313313313,-13332.32667489726
2022-10-26,23202.434529186627,13447.286715399876,1929.6686265722542,25.0,-0.9141279881853346,2,4.529105709596427,1.131831831831832,-12174.520812785504
2022-10-27,25959.479060597332,15807.29058240796,1988.1620676523974,28.0,-0.9070138128026355,4,3.294358072949548,1.1323323323323324,-14235.973589463025
2022-10-28,24671.268799067788,14119.192376210549,1714.1602572626418,23.0,-0.8996308696522431,1,3.7220420107948256,1.132832832832833,-9562.083834405403
2022-10-29,22954.45417157564,14196.759609278717,3707.0227632976002,27.0,-0.8919813464595485,4,2.7535151382503127,1.1333333333333333,-16549.32820100068
2022-10-30,25141.17682654108,14468.444438540391,3555.098918802065,28.0,-0.8840675099433647,3,2.7024546988782987,1.1338338338338338,-15282.366530801377
2022-10-31,23873.840438971056,14600.454232222395,3012.014539774545,24.0,-0.8758917051442426,3,4.050564245162306,1.1343343343343344,-12938.628333025885
2022-11-01,26466.312145026623,16192.602753838974,3547.5986955252215,25.0,-0.8674563547295968,2,3.1451145358340913,1.134834834834835,-13273.889304337572
2022-11-02,25451.567519805543,14922.554602668539,1337.3200226942404,23.0,-0.8587639582758032,4,2.816941529996498,1.1353353353353355,-9208.307105557236
2022-11-03,22645.00332517227,13878.015278645726,2135.7582143367763,25.0,-0.8498170915275284,4,2.9854533263783756,1.1358358358358358,-13368.770167810231
2022-11-04,24033.774901683973,14550.486072677162,,25.0,-0.840618405634478,3,4.059162457373937,1.1363363363363364,-13683.364915517246
2022-11-05,23257.151582789622,13684.870021577402,2842.8531221231647,27.0,-0.8311706263658081,3,2.9967697110371114,1.136836836836837,-14870.571560910945
2022-11-06,26278.069963968108,15262.56463634276,2666.2820409261594,27.0,-0.8214765533024146,3,3.4058760547182687,1.1373373373373374,-13250.776713300813
2022-11-07,23919.108228547666,13370.15209129231,2400.659584512869,24.0,-0.8115390590073607,4,3.5120222002296777,1.137837837837838,-11051.703447257512
2022-11-08,26006.667313815025,15778.82541193886,2670.5540011286666,21.0,-0.8013610881746766,3,1.9661208911917607,1.1383383383383383,-9242.712099252502
2022-11-09,28798.44094983973,16496.66318422281,2750.6166390495487,25.0,-0.7909456567567775,4,2.3230988757011852,1.1388388388388389,-10448.838873432629
2022-11-10,27406.623010029085,16491.645905738103,2067.856349248166,26.0,-0.7802958510707761,4,3.76902231139805,1.1393393393393394,-11952.879244957185
2022-11-11,25577.084641781956,15214.526677028049,2610.731433071877,26.0,-0.7694148268839377,3,2.910376511077842,1.13983983983984,-13048.17346831797
2022-11-12,26437.544890833342,16202.098322219103,2817.354049779652,25.0,-0.7583058084785628,2,4.345379929024335,1.1403403403403405,-12581.907481165414
2022-11-13,24363.092453893718,14466.832722591298,2723.7614082406717,26.0,-0.7469720876965559,3,4.2734456834004355,1.1408408408408408,-13627.501676938253
2022-11-14,23576.137484546583,13980.958597554403,1771.1141256241667,29.0,-0.7354170229639866,4,4.07533493308435,1.1413413413413414,-15375.935238631986
2022-11-15,26278.67802824857,16133.14216909329,3649.670052026261,26.0,-0.7236440382959125,2,4.955817429850078,1.141841841841842,-14304.13419287098
2022-11-16,22704.353784886996,13790.141285474256,1580.9262810770847,25.0,-0.7116566222817752,3,3.4335285378054534,1.1423423423423424,-12666.713781664344
2022-11-17,27853.142445274912,16869.963445756333,2544.241449622342,25.0,-0.699458327051648,4,4.019105540723071,1.142842842842843,-11561.062450103764
2022-11-18,24663.269047468515,15032.595223385371,3411.1637606495365,25.0,-0.687052767223667,3,3.032479218723175,1.1433433433433433,-13780.489936566393
2022-11-19,25606.17960889837,14595.921703735468,2878.4420878454494,29.0,-0.6744436188329459,3,5.0,1.1438438438438439,-15068.18418268255
2022-11-20,26650.43756879681,16368.656881271576,1890.1802691240339,25.0,-0.6616346182422791,2,5.0,1.1443443443443444,-11608.3995815988
2022-11-21,25676.820161183423,15712.326493716855,3295.2290371156005,26.0,-0.6486295610349827,2,3.5095043476142336,1.144844844844845,-14130.735369649032
2022-11-22,26354.640536556784,15304.442757645822,2394.7219438631487,25.0,-0.6354323008901778,4,3.809268983924154,1.1453453453453455,-11344.524164952187
2022-11-23,26032.65179611869,15497.550840834112,3690.6333184809846,28.0,-0.6220467484408682,1,4.587438079491845,1.1458458458458458,-15555.532363196406
2022-11-24,26314.362371458265,15768.963779061143,2891.5331467978617,30.0,-0.6084768701151273,2,3.3822883961487142,1.1463463463463464,-16346.13455440074
2022-11-25,24401.310616014707,14573.537977407957,2794.5498083289,27.0,-0.5947266869607649,4,2.974700743360236,1.146846846846847,-14566.77716972215
2022-11-26,26647.375281058645,16155.355151919453,2379.6879483092907,26.0,-0.5808002734538015,3,4.199191800805506,1.1473473473473474,-12687.6678191701
2022-11-27,28700.39081800262,17935.91788171716,1983.274141485485,26.0,-0.5667017562911186,5,3.562751396866936,1.147847847847848,-12018.801205200025
2022-11-28,24856.857245136223,15454.997710918147,1882.2570463802,21.0,-0.5524353131676212,5,3.6463955597162085,1.1483483483483483,-9280.397512162124
2022-11-29,24136.243936257353,13825.636765038707,1739.9341205522333,27.0,-0.5380051715382986,2,2.8325829255456276,1.1488488488488489,-13029.326949333587
2022-11-30,27721.61834953903,16944.006004876443,3173.645417936691,26.0,-0.5234156073655497,1,2.125862281309283,1.1493493493493494,-13196.033073274106
2022-12-01,26391.233927994486,16499.207016564396,2501.923881113454,27.0,-0.5086709438521059,4,3.6889139279032808,1.14984984984985,-14209.896969683365
2022-12-02,26436.249891824984,16055.15419543959,2348.0083251575843,25.0,-0.49377555015997915,3,4.22396963319536,1.1503503503503505,-11966.912628772192
2022-12-03,27960.61037936747,17321.856440213465,1416.5029645397883,25.0,-0.47873384011578773,2,3.3193546007391665,1.1508508508508508,-10777.749025385783
2022-12-04,26835.794275537737,17107.611788173024,2792.1133764316146,25.0,-0.4635502709028506,4,4.649143615647094,1.1513513513513514,-13063.930889066902
2022-12-05,27044.94455247411,16738.821504537955,1837.4504434602889,28.0,-0.44822934174041085,1,2.9368669396675644,1.151851851851852,-13931.327395524135
2022-12-06,25936.96373478821,15686.832538693789,3025.3994027915555,25.0,-0.4327755925504335,4,2.656236436027264,1.1523523523523524,-12775.268206697136
2022-12-07,26751.220551191633,16573.276567757355,1264.0286190920606,30.0,-0.4171936026123164,2,3.446215754243095,1.152852852852853,-15086.084635657782
2022-12-08,26673.946996083047,16076.812114198272,3150.6746979375107,27.0,-0.4014879892059731,2,3.4339259397189674,1.1533533533533533,-14153.539816052737
2022-12-09,31004.575937107402,18614.697083906918,4972.442872155726,24.0,-0.3856634062436077,2,4.115974985068178,1.1538538538538539,-11782.564018955243
2022-12-10,24948.254147369065,14793.245370564573,1440.9818540009971,26.0,-0.3697245428906726,5,2.880029740748812,1.1543543543543544,-12085.973077196504
2022-12-11,26770.278707032892,16843.873903635787,2924.187210691306,25.0,-0.3536761221763715,4,4.594475389451919,1.154854854854855,-12997.782407294202
2022-12-12,28766.81622886016,16850.875404345094,1050.4295499132945,22.0,-0.3375228995941137,4,5.0,1.1553553553553555,-6734.488725398229
2022-12-13,26742.212743460157,16811.51150841515,2652.0656975881275,30.0,-0.32126966169236537,3,3.4686847784253265,1.1558558558558558,-16721.364462543122
2022-12-14,23368.274715540894,14270.896891194721,2167.2777540991137,28.0,-0.3049212246562888,3,4.499768336147455,1.1563563563563564,-15469.89992975294
2022-12-15,28716.986100557457,16530.538572933503,2199.9277078622767,27.0,-0.2884824328806092,2,2.654802343499792,1.156856856856857,-11613.480180238323
2022-12-16,26357.031492532926,15998.043542015464,2216.970115137013,27.0,-0.2719581575341063,3,4.360177232945533,1.1573573573573575,-13457.982164619552
2022-12-17,28000.801716828435,15750.467776271249,4034.420683095154,24.0,-0.2553532951161866,3,4.337821126847571,1.157857857857858,-10984.086742537967
2022-12-18,27907.368350799337,17057.17501889512,1878.9538481974196,26.0,-0.23867276600595022,3,4.190749824151903,1.1583583583583583,-11828.760516293201
2022-12-19,27788.27443787365,17115.580404218686,1565.9382255576957,28.0,-0.22192151300416613,2,3.487549528903765,1.1588588588588589,-13293.244191902733
2022-12-20,28220.036518393674,16635.843933210177,4049.7650830387474,24.0,-0.20510449986862037,5,1.1366008470063749,1.1593593593593594,-11665.57249785525
2022-12-21,26812.609891714725,16149.339783006624,2967.7171117286484,22.0,-0.18822670984324416,2,2.9866182850782965,1.15985985985986,-9904.447003020548
2022-12-22,28592.110769923427,18132.3451788292,4173.515013014674,26.0,-0.17129314418147804,5,2.999267185852318,1.1603603603603605,-14513.749421920447
2022-12-23,25883.72291161008,15277.36039483508,2818.4429353313963,26.0,-0.15430882066428214,1,2.717396049551618,1.1608608608608608,-13012.080418556397
2022-12-24,27735.949185425,16112.115717726698,3277.758125092611,27.0,-0.1372787721132663,3,3.597794403637653,1.1613613613613614,-13253.924657394307
2022-12-25,29289.17049867182,18314.33400043439,3040.2804189844996,28.0,-0.120208044899353,3,3.164829243583012,1.161861861861862,-14465.44392074707
2022-12-26,26570.3753512393,16923.51880600898,3144.191111246008,28.0,-0.10310169744743568,3,2.840310392187982,1.1623623623623625,-15897.334566015685
2022-12-27,29384.052269128217,17632.279197400854,3871.4095425249866,27.0,-0.08596479873744783,3,2.652959881401744,1.162862862862863,-13719.636470797624
2022-12-28,27178.568872548458,16812.872841233253,2860.501418195156,29.0,-0.06880242680232,3,2.927589611611817,1.1633633633633633,-15694.80538687995
2022-12-29,29523.48124822948,18384.826706703127,1736.0714868811956,24.0,-0.05161966722325442,3,4.397199369479942,1.1638638638638639,-9797.416945354842
2022-12-30,28218.060593188482,16559.594239643895,2044.1686538852623,28.0,-0.03442161162274694,4,2.9711799562980046,1.1643643643643644,-12785.702300340676
2022-12-31,30299.20788261954,17936.871811887788,2220.053903616967,28.0,-0.017213356155836416,4,3.0880490348533822,1.164864864864865,-12257.717832885215
2023-01-01,28051.7074607506,17446.461733027725,2199.5640070859617,24.0,1.2864981197413093e-15,4,3.1346419079814027,1.1653653653653655,-10794.318279363088
2023-01-02,26989.210896442426,17036.033677219708,1907.102643340762,24.0,0.01721335615583366,2,3.7711948110475357,1.1658658658658658,-11153.925424118044
2023-01-03,28658.99588886647,17476.837963407055,2877.5958737917504,25.0,0.03442161162274419,3,3.8649995908228263,1.1663663663663664,-11695.437948332336
2023-01-04,26610.294716300345,15526.26965302918,3217.477692321116,26.0,0.05161966722325167,3,1.06427476860547,1.166866866866867,-12933.45262904995
2023-01-05,30515.93092946684,19303.089113529822,2976.220264620294,29.0,0.06880242680232079,3,4.317308171062087,1.1673673673673675,-14963.378448683277
2023-01-06,26511.8067697882,15641.598612966938,3579.7015299662085,26.0,0.08596479873744685,3,4.649094427395003,1.167867867867868,-13509.493373144947
2023-01-07,27247.919565388183,16181.182848647184,1938.7091315529697,25.0,0.10310169744743294,3,2.6598507701106646,1.1683683683683683,-10871.972414811971
2023-01-08,27873.400867814013,16895.209437933216,1981.6536362587601,26.0,0.12020804489935379,2,2.722161404212132,1.1688688688688689,-11803.462206377963
2023-01-09,31512.019602212564,19684.291971684925,1700.7097472767014,29.0,0.13727877211326533,2,3.1397972897773827,1.1693693693693694,-13072.982116749063
2023-01-10,32196.69892923659,19745.007345818067,3507.0315745935704,27.0,0.15430882066428117,2,2.895196784434716,1.16986986986987,-12655.339991175046
2023-01-11,27254.87659004328,16560.358704206923,1930.0516448779408,27.0,0.1712931441814771,4,3.6791414991572853,1.1703703703703705,-12835.533759041584
2023-01-12,27672.17035574054,16834.946478503378,2002.2234039826462,27.0,0.18822670984324494,4,1.9427797709129084,1.1708708708708708,-12764.999526745483
2023-01-13,28618.935280517486,17193.118502632224,2627.0040812251646,30.0,0.2051044998686194,5,2.6056579135706084,1.1713713713713714,-15201.187303339902
2023-01-14,30841.867245505862,18784.19010456277,4329.603544443891,26.0,0.22192151300416516,4,4.731357760139926,1.171871871871872,-13071.9264035008
2023-01-15,28165.542239533712,15634.545304873074,1597.5700467363308,30.0,0.23867276600594928,1,2.7574240261215857,1.1723723723723725,-13066.573112075694
2023-01-16,28983.45874936841,17241.771520086146,3067.7552219699696,28.0,0.2553532951161874,4,4.49474262248234,1.172872872872873,-13726.067992687707
2023-01-17,30882.538783312077,18650.184237445636,3832.525154354511,27.0,0.27195815753410535,4,3.7842705564721095,1.1733733733733733,-13200.17060848807
2023-01-18,29481.250676137402,17113.243363872687,3637.323397648094,32.0,0.28848243288060826,3,2.052585828329393,1.1738738738738739,-16869.31608538338
2023-01-19,29192.40433895591,17708.604262279325,4247.555247176898,25.0,0.30492122465628957,3,4.008263356172965,1.1743743743743744,-12763.755170500313
2023-01-20,29836.545742945724,17799.69183527437,1460.9066520381477,27.0,0.3212696616923645,5,3.4058661582457175,1.174874874874875,-11024.052744366794
2023-01-21,24729.64417290527,15715.524352900908,1551.1239648178444,25.0,0.33752289959411275,3,3.1356263550002077,1.1753753753753755,-12537.00414481348
2023-01-22,29521.018185856934,18499.120774121588,4321.991690566133,29.0,0.35367612217637057,5,3.6959656745376033,1.1758758758758758,-16500.094278830788
2023-01-23,27885.900040137556,16498.63723952345,2360.8571652315795,31.0,0.3697245428906733,1,3.8797067884534338,1.1763763763763764,-15773.594364617475
2023-01-24,27806.506863284958,16608.485262187627,3543.8132130923073,31.0,0.38566340624360673,2,4.066073457579695,1.176876876876877,-17145.791611994977
2023-01-25,29778.3153224064,17830.01541063964,2916.973259312098,30.0,0.40148798920597223,3,4.442602278038402,1.1773773773773775,-14968.673347545337
2023-01-26,33998.55485803187,20173.30317673931,3829.3557584453724,27.0,0.41719360261231553,3,3.826508730222685,1.177877877877878,-11604.104077152811
2023-01-27,30081.40292100906,18146.3542446195,4417.939562027712,27.0,0.432775592550431,4,2.3994927289709107,1.1783783783783783,-14082.890885638151
2023-01-28,31530.47735359014,18539.14537771029,4895.247220447453,24.0,0.44822934174040996,5,3.121083633879047,1.1788788788788789,-11103.915244567605
2023-01-29,31745.00459816917,18481.69509143274,3843.2477046028002,32.0,0.4635502709028498,3,5.0,1.1793793793793794,-16179.93819786637
2023-01-30,32605.457740887265,19874.63025648249,2549.553576046409,29.0,0.47873384011578846,1,4.079592848305382,1.17987987987988,-13018.726091641634
2023-01-31,32131.41383419745,19593.613092629374,4556.504568283049,27.0,0.49377555015997676,4,5.0,1.1803803803803805,-13618.703826714973
2023-02-01,31401.476584545104,18438.728070897065,1655.3139255321132,31.0,0.5086709438521035,3,4.616347265759348,1.1808808808808808,-13492.565411884074
2023-02-02,32410.14358974275,19893.763869226947,2787.3979191178732,26.0,0.5234156073655488,2,3.6934416572445987,1.1813813813813814,-11071.018198602069
2023-02-03,27826.911569682117,16380.358077226605,4140.29761312944,29.0,0.5380051715382993,3,3.7411256558248938,1.181881881881882,-15893.744120673928
2023-02-04,30914.33757504318,18675.1851640449,2599.5632801778265,28.0,0.5524353131676188,4,3.4707359680985235,1.1823823823823825,-12760.410869179545
2023-02-05,28593.414956519075,17566.220980217673,1770.740461650857,29.0,0.5667017562911164,4,2.1097563073228,1.182882882882883,-13943.546485349456
2023-02-06,33705.55883894529,20206.529021015318,2127.0204341340705,28.0,0.5808002734537993,3,3.5144378019745792,1.1833833833833833,-11027.990616204099
2023-02-07,31685.740599490942,19238.81481576513,4216.306475235629,25.0,0.5947266869607641,3,4.4685396420337575,1.1838838838838839,-11769.380691509818
2023-02-08,30271.42693705465,17904.641340289003,2725.638639883264,28.0,0.6084768701151251,5,3.020288004143037,1.1843843843843844,-12758.853043117617
2023-02-09,32920.10393255761,19653.82906782052,3975.8098906035593,30.0,0.622046748440866,4,3.829562399249448,1.184884884884885,-14709.535025866466
2023-02-10,31328.692911384387,18694.28603139046,2154.104651447443,28.0,0.6354323008901783,3,4.181272836714558,1.1853853853853855,-11919.697771453517
2023-02-11,32843.29662784047,19332.68880343416,4328.44062066354,30.0,0.6486295610349819,2,2.7722556485500194,1.1858858858858858,-14817.83279625723
2023-02-12,30375.674822188397,18137.017811755144,3506.2944019239985,26.0,0.6616346182422784,4,3.1389577085250684,1.1863863863863864,-12067.637391490745
2023-02-13,31926.118431888917,18381.361909701478,3110.0222619266874,28.0,0.6744436188329439,2,2.6856708076182727,1.186886886886887,-11965.265739739249
2023-02-14,30291.747239744538,17929.471470275672,2489.717015899634,27.0,0.6870527672236676,2,2.8422675146484746,1.1873873873873875,-11727.441246430768
2023-02-15,27723.02229927238,16491.375632878593,2033.2666398375566,30.0,0.6994583270516472,3,2.4699157730775507,1.187887887887888,-14801.61997344377
2023-02-16,29510.481364702377,17578.198942573734,4594.960449378064,28.0,0.7116566222817745,2,2.7796412308975786,1.1883883883883883,-15062.678027249422
2023-02-17,30806.250899762803,18363.00181692229,3357.979912967594,30.0,0.7236440382959118,3,4.635564544638271,1.1888888888888889,-14914.73083012708
2023-02-18,30405.653891738933,18212.510235113292,4617.565065984683,31.0,0.7354170229639858,2,2.767618376727766,1.1893893893893894,-17224.42140935904
2023-02-19,30615.73938823634,18609.164391984836,2090.869163862487,30.0,0.7469720876965552,4,3.601167375248552,1.18988988988989,-14084.294167610984
2023-02-20,29238.532961605473,17980.37831402954,4183.696281038978,29.0,0.7583058084785621,2,3.0977049970632353,1.1903903903903905,-16125.541633463046
2023-02-21,30060.25557968564,17711.270734387246,3809.4482157826883,26.0,0.7694148268839383,1,4.443092749629551,1.1908908908908908,-12260.463370484295
2023-02-22,29346.924231929555,17006.55411146316,3318.219390197138,28.0,0.7802958510707756,2,4.548929837282893,1.1913913913913914,-13377.849269730743
2023-02-23,32974.36248500476,19263.595284881307,4743.0965525316105,27.0,0.790945656756777,5,4.191255985711157,1.191891891891892,-12632.329352408153
2023-02-24,31962.562239257604,18933.9358829571,3098.7075852697017,28.0,0.801361088174676,4,3.7449076424822043,1.1923923923923925,-12470.081228969197
2023-02-25,30113.915509269387,17892.388646653377,1724.0002317263156,28.0,0.8115390590073611,2,3.315152370527281,1.192892892892893,-11902.473369110305
2023-02-26,31682.768782986583,18624.66323669322,3487.490780013821,27.0,0.8214765533024141,4,2.546500236647,1.1933933933933933,-12029.385233720459
2023-02-27,30761.650363123324,17808.931885749047,3715.0988477489495,25.0,0.8311706263658075,3,5.0,1.1938938938938939,-10762.380370374673
2023-02-28,31987.52745640833,18964.456060107903,3085.764327250601,27.0,0.8406184056344774,5,2.8922615857979572,1.1943943943943944,-11662.692930950174
2023-03-01,32288.415253861567,19463.762462373925,2828.3661366176093,29.0,0.8498170915275278,3,4.030917077626273,1.194894894894895,-13203.713345129967
2023-03-02,29178.29881673593,17804.494022959338,2760.9131840630153,26.0,0.8587639582758027,4,4.347652458098718,1.1953953953953955,-12187.108390286423
2023-03-03,32026.143417725485,18936.974524081128,2850.615534430883,29.0,0.8674563547295963,1,3.0557756024757365,1.1958958958958958,-12961.446640786526
2023-03-04,31703.838090938167,18815.80394349118,3003.265889470457,33.0,0.875891705144243,3,4.33041002185277,1.1963963963963964,-16515.23174202347
2023-03-05,31750.92689696265,18587.20698375393,3340.8149131241694,31.0,0.8840675099433634,5,4.111370562671084,1.196896896896897,-14977.09499991545
2023-03-06,31258.02087653569,18739.092940734026,3890.508429516194,32.0,0.8919813464595481,3,4.882371068305412,1.1973973973973975,-16971.58049371453
2023-03-07,31554.602035155964,18508.54690399817,2545.706705963921,30.0,0.8996308696522427,2,3.124522826858631,1.197897897897898,-13499.651574806127
2023-03-08,31365.97156697781,19106.14684680728,,31.0,0.9070138128026358,2,2.4713087861762277,1.1983983983983983,-15323.337831395207
2023-03-09,31262.714906418038,17864.695697883766,2762.5417748437003,27.0,0.9141279881853335,4,3.095608195644391,1.198898898898899,-10964.522566309428
2023-03-10,33582.76245513535,19969.842636854977,2652.6525710316587,28.0,0.9209712877166341,3,3.6670828340274655,1.1993993993993994,-11439.732752751284
2023-03-11,32035.594632539294,19371.91044911945,4387.08173003432,24.0,0.927541683579196,3,3.546570181668045,1.1998998998999,-10923.397546614473
2023-03-12,35615.13597109029,21460.998840815424,,31.0,0.933837228822925,5,3.1852496829803596,1.2004004004004005,-15527.038471043119
2023-03-13,31540.96639575508,20271.096669443294,2420.8436781837268,32.0,0.9398560579418951,1,1.9726420328182055,1.2009009009009008,-16750.97395187194
2023-03-14,31090.314872707757,18829.088935908607,3706.1892936275103,28.0,0.945596387427142,3,3.8763863969032855,1.2014014014014014,-13844.96335682836
2023-03-15,29466.030982255445,17177.59129093226,4175.262930047681,29.0,0.951056516295154,5,5.0,1.201901901901902,-15086.823238724497
2023-03-16,29083.665250713217,17402.46702688339,4078.758606553892,28.0,0.9562348265919058,3,3.871400990498403,1.2024024024024025,-14797.560382724067
2023-03-17,29541.129019615037,16836.554245035797,1365.6364192876463,30.0,0.9611297838723003,2,3.987308415242811,1.202902902902903,-12661.061644708407
2023-03-18,32770.912102084054,19622.247386602052,4769.967363921772,31.0,0.9657399376548543,3,3.9579562449240813,1.2034034034034033,-16421.30264843977
2023-03-19,32599.589712377954,19143.225798926393,2905.3559944477984,26.0,0.9700639218515072,4,3.81763733590592,1.203903903903904,-10248.992080996237
2023-03-20,30878.443536251205,18984.761259530802,2508.181260043578,30.0,0.9741004551724206,2,4.245332773494476,1.2044044044044044,-14614.498983323174
2023-03-21,32897.753991192876,19463.882257417958,2237.654895877214,29.0,0.9778483415056568,5,3.8162989449485325,1.204904904904905,-12003.783162102296
2023-03-22,31421.18186931193,18794.326163689537,3225.2081963106057,30.0,0.9813064702716089,4,3.2498582642773792,1.2054054054054055,-14598.352490688212
2023-03-23,32187.191486980628,18994.535971486173,2353.3013589055686,30.0,0.9844738167520923,2,2.8632088719929967,1.2059059059059059,-13160.645843411114
2023-03-24,35917.34095642746,22419.830249783143,2623.767840666282,29.0,0.9873494423939864,4,3.3008210757754597,1.2064064064064064,-12326.257134021962
2023-03-25,33865.69367366301,20158.79482113885,3047.8761055250666,29.0,0.9899324950873529,3,3.7513035971605326,1.206906906906907,-12540.977253000909
2023-03-26,32806.75369537737,20600.330738966022,4784.354200840055,29.0,0.9922222094179324,3,3.2471336311016215,1.2074074074074075,-15777.93124442871
2023-03-27,29878.838505550768,18334.378984389594,4503.308359921495,31.0,0.994217906893952,4,3.7514709465051443,1.207907907907908,-17758.84883876032
2023-03-28,29409.10953457842,17886.499084414743,2032.3395047747938,30.0,0.995918996147179,5,3.851320106960334,1.2084084084084084,-14509.729054611118
2023-03-29,32074.39902640904,19429.005989504185,4281.83974646036,30.0,0.9973249731081555,2,4.166543545016145,1.208908908908909,-15636.446709555506
2023-03-30,32207.901560108956,19521.6395851735,4267.806630879124,27.0,0.9984354211555643,3,4.5262359750711845,1.2094094094094094,-13181.544655943668
2023-03-31,31846.842520522034,18144.269222640414,4174.290326556457,29.0,0.9992500112396835,3,3.562405934783086,1.20990990990991,-13671.717028674837
2023-04-01,31880.08078671241,18988.606774952066,2267.575314421978,31.0,0.9997685019798909,3,2.4537787478818713,1.2104104104104105,-14176.101302661635
2023-04-02,33748.233501300696,20671.519086372577,3765.461535706159,30.0,0.9999907397361901,3,3.223916722544648,1.2109109109109109,-14688.74712077804
2023-04-03,34021.104021667015,20388.213821263158,4936.4829556658415,31.0,0.9999166586547379,1,3.5352500539252794,1.2114114114114114,-16103.592755261983
2023-04-04,31266.89765600869,18057.543670203428,3091.4590127231804,33.0,0.9995462806873573,4,2.031384995058328,1.211911911911912,-16282.10502691792
2023-04-05,32440.76668513212,19438.257785790534,3130.4123190737632,32.0,0.9988797155850336,3,4.610931616081986,1.2124124124124125,-15727.903419732178
2023-04-06,34380.931600206015,21480.611718251355,3286.372635114015,30.0,0.9979171608653922,2,3.613902330008373,1.212912912912913,-14386.052753159354
2023-04-07,32193.611381258386,19939.612686522392,3705.261861495273,29.0,0.9966589017541702,4,3.805082267664228,1.2134134134134134,-14651.26316675928
2023-04-08,34273.01607078847,20532.80763779007,3370.634671705109,25.0,0.9951053111006977,4,4.592421170021012,1.213913913913914,-9630.426238706706
2023-04-09,32099.34249930277,19735.3301381107,2333.816453511294,30.0,0.9932568492674144,3,2.9958857358861226,1.2144144144144144,-13969.804092319226
2023-04-10,32393.806556926847,19253.030423972083,1779.3326250101027,29.0,0.9911140639934547,2,3.959233544707224,1.214914914914915,-11838.556492055337
2023-04-11,32584.425628386063,18698.71958361828,4238.799556930234,31.0,0.9886775902323405,3,3.4121087015184512,1.2154154154154155,-15153.09351216245
2023-04-12,32218.39273524503,18868.80264708224,4354.52450134622,30.0,0.9859481499638306,2,3.3527305063872643,1.2159159159159159,-15004.93441318343
2023-04-13,33234.83165306782,20722.343376094792,1981.9650137021542,29.0,0.9829265519799822,2,2.8822460897564968,1.2164164164164164,-12669.476736729126
2023-04-14,32428.962944329578,19320.381225683093,5227.807581128031,26.0,0.9796136916454902,4,4.832482570949222,1.216916916916917,-12919.225862481548
2023-04-15,31669.315367714713,18879.89723094132,2358.625649197519,28.0,0.9760105506323685,1,3.1995999679395433,1.2174174174174175,-11969.207512424124
2023-04-16,33347.683365427256,19858.690921118912,4107.585906218497,31.0,0.9721181966290617,1,4.059571397516562,1.217917917917918,-15418.593461910154
2023-04-17,32144.340148058174,20238.672383621408,4130.785166364238,34.0,0.9679377830240639,1,1.9999940900224509,1.2184184184184184,-19425.11740192747
2023-04-18,31984.297701495925,20003.558078578586,4574.623669462124,30.0,0.963470548564149,2,4.443990823751829,1.218918918918919,-16593.884046544787
2023-04-19,33357.51012752021,21123.896193236193,4622.504307952829,31.0,0.9587178169872969,1,4.341768924765647,1.2194194194194194,-17188.89037366881
2023-04-20,32135.434386359877,19201.7380266159,2392.461609969828,32.0,0.9536809966304463,5,3.5779472882378425,1.21991991991992,-15058.765250225853
2023-04-21,32384.479276927945,19578.499810530313,4728.273384742987,29.0,0.9483615800121713,2,3.3184460270896605,1.2204204204204205,-15122.293918345356
2023-04-22,30331.15124144387,17440.369470155925,2043.5754930353276,31.0,0.9427611433904206,2,3.8200000044908533,1.2209209209209209,-13952.793721747383
2023-04-23,30889.178859824817,19271.97452895403,3258.791204973126,29.0,0.9368813462954321,2,5.0,1.2214214214214214,-14841.586874102339
2023-04-24,33051.18075558666,19246.818677718027,3943.091538919005,32.0,0.930723931037979,5,2.0894106408772117,1.221921921921922,-15738.72946105037
2023-04-25,32973.646348973656,19892.575591265508,3999.2977613883522,31.0,0.924290722193093,3,4.125621910059302,1.2224224224224225,-15718.227003680204
2023-04-26,31447.041019837605,18319.57334808614,2617.136503171023,31.0,0.9175836260593937,3,2.770706158276878,1.222922922922923,-14289.66883141956
2023-04-27,34717.56642256182,20536.10644016774,4563.102469796476,29.0,0.9106046300942172,4,3.484065282960215,1.2234234234234234,-13581.642487402398
2023-04-28,33244.91511645089,19528.31785434568,1349.3374870217735,32.0,0.9033558023246842,3,3.3016959047370698,1.223923923923924,-13232.740224916568
2023-04-29,33515.39556947767,19805.29971134869,2012.4958596057047,35.0,0.8958392907349088,3,3.1573453937617955,1.2244244244244245,-16302.400001476726
2023-04-30,32778.06384459245,19397.27695518098,3624.518312100148,28.0,0.8880573226294933,2,3.4916278967578167,1.224924924924925,-12643.73142268868
2023-05-01,31084.095137927005,18376.322685293664,2426.976354266445,30.0,0.880012203973536,3,2.5926630837777678,1.2254254254254255,-13719.203901633104
2023-05-02,34759.62952563995,21272.444671274123,3839.716959258558,31.0,0.8717063187093217,3,4.323344348902374,1.2259259259259259,-15152.532104892727
2023-05-03,30229.00137460974,17584.96942823458,2914.6155971969642,32.0,0.8631421280499114,4,2.0646851910411197,1.2264264264264264,-15870.583650821805
2023-05-04,34846.86494850448,21018.38968260962,2367.3266072920364,29.0,0.8543221697498273,2,3.931811610262674,1.226926926926927,-11738.851341397176
2023-05-05,35140.99201548351,21693.574785442885,4628.693527260221,25.0,0.8452490573530629,3,3.238771317972343,1.2274274274274275,-11181.276297219592
2023-05-06,31027.231071623348,18359.740460717312,3671.1834603036123,33.0,0.8359254794186369,1,2.5632600849540372,1.227927927927928,-17403.692849397576
2023-05-07,33897.872083780836,19979.763804894697,2527.424486019744,32.0,0.8263541987239098,2,3.6619066964789564,1.2284284284284284,-14209.316207133605
2023-05-08,32461.686837558453,19361.749789944944,4446.462331184633,27.0,0.8165380514459166,3,2.2544391306348173,1.228928928928929,-12946.525283571125
2023-05-09,32434.725871481867,20050.698127069474,2861.698727282258,30.0,0.8064799463209446,5,3.5317710573757077,1.2294294294294295,-14477.670982869866
2023-05-10,33323.41484174713,20091.102720524956,3669.5827750459216,34.0,0.7961828637826158,3,2.3616984737507565,1.22992992992993,-17637.270653823747
2023-05-11,32369.87692176341,19156.319005754245,2625.4020817230007,34.0,0.7856498550787149,4,3.869017667454265,1.2304304304304305,-16611.844165713836
2023-05-12,32394.335307909078,19678.539510339466,4235.449735286523,33.0,0.7748840413670416,2,2.7605141330956995,1.2309309309309309,-17919.65393771691
2023-05-13,34799.983160344076,20328.843821288232,4552.291255509143,31.0,0.7638886127905428,2,3.1392047863765526,1.2314314314314314,-14881.151916453298
2023-05-14,31165.998755309265,19040.279008407033,3957.165142745297,31.0,0.7526668275320088,1,3.7351595103545296,1.231931931931932,-16631.445395843064
2023-05-15,33798.05355258362,20483.135785401053,2059.807981747921,31.0,0.7412220108485965,3,2.881966310526211,1.2324324324324325,-13544.890214565357
2023-05-16,29506.895554379284,17550.233097058124,4137.5642480620445,33.0,0.7295575540864876,2,3.453628800265358,1.232932932932933,-18580.901790740885
2023-05-17,34066.678496256434,20020.714198530244,4200.284312217431,29.0,0.7176769136759623,2,2.288935599004117,1.2334334334334334,-13354.32001449124
2023-05-18,34224.52411770268,20091.374009479878,4743.236847103651,29.0,0.7055836101071786,4,4.004700482876925,1.233933933933934,-13810.086738880851
2023-05-19,31134.393617640562,18948.044838757294,2592.2557472545254,33.0,0.6932812268869787,1,4.9119310444406175,1.2344344344344345,-16805.90696837126
2023-05-20,33212.440605690426,20541.954614658785,4298.617223550849,31.0,0.6807734094770165,3,5.0,1.234934934934935,-16428.13123251921
2023-05-21,30396.269000108656,17919.107526550793,3798.4975631781563,34.0,0.6680638642135341,3,3.5729345173331515,1.2354354354354355,-18521.336089620294
2023-05-22,31210.655936769603,18955.586913837502,1671.2510199569233,30.0,0.6551563572090863,3,4.130563312637749,1.2359359359359359,-13416.181997024822
2023-05-23,30580.87755123968,17305.01302144277,3220.6531219189505,31.0,0.6420547132365652,3,2.0754994616740086,1.2364364364364364,-14744.788592122042
2023-05-24,32705.269444472207,19330.852801354726,4449.228917359565,29.0,0.6287628145958337,3,4.7021874610444705,1.236936936936937,-14274.812274242082
2023-05-25,34033.06358901861,20404.308686975713,1692.6051040946177,31.0,0.6152845999633287,2,4.120982803779285,1.2374374374374375,-12863.850202051723
2023-05-26,35596.3064589362,20902.942166870802,5060.708669350763,28.0,0.601624063224924,4,3.1128532440390133,1.237937937937938,-12767.344377285368
2023-05-27,30782.290954057302,18001.12138503958,3845.2577530561175,30.0,0.5877852522924721,4,4.489744640231208,1.2384384384384384,-15064.088184038395
2023-05-28,31876.804644697586,18792.19300858411,3559.1410069347203,28.0,0.5737722679043242,2,3.296419138683727,1.238938938938939,-12874.529370821243
2023-05-29,29444.776486345214,17812.962255970313,2076.394461638211,33.0,0.559589262410178,1,3.133579853588355,1.2394394394394395,-16844.58023126331
2023-05-30,31695.94915295446,18923.90498256949,2872.972221489737,33.0,0.5452404385406528,4,3.880267940341993,1.23993993993994,-16500.928051104765
2023-05-31,35393.34586716321,20116.89190363544,4847.075580096017,28.0,0.5307300481619326,3,2.649316400135745,1.2404404404404406,-11970.621616568245
2023-06-01,33893.212736379995,19275.577565510463,2716.2716335048262,34.0,0.5160623910158525,3,4.317299811519959,1.2409409409409409,-15298.636462635293
2023-06-02,29621.010938863226,17469.17397438935,3973.867480152216,36.0,0.5012418134457758,3,2.655208150458525,1.2414414414414414,-20622.030515678336
2023-06-03,31779.824808626367,19296.738178202595,2348.9248948535105,32.0,0.48627270710869236,2,2.659956168141451,1.241941941941942,-15465.838264429738
2023-06-04,32307.77146767264,18010.910459240968,2209.365593290942,30.0,0.47115950767386344,3,2.7722481692733325,1.2424424424424425,-11912.50458485927
2023-06-05,33667.73008174602,19950.772960971797,1402.9301764984561,37.0,0.45590669350845886,3,4.107600030012898,1.242942942942943,-17285.973055724233
2023-06-06,30990.710037846206,18331.30209444901,3483.062467883509,29.0,0.44051878435049546,2,3.0065797107842336,1.2434434434434434,-14023.654524486312
2023-06-07,32054.08934440558,19926.62249574757,4441.679306659187,32.0,0.4250003399695534,3,2.421603372506265,1.243943943943944,-17914.21245800118
2023-06-08,31434.277164838786,18668.05539304684,2939.8975105738155,32.0,0.40935595881562137,4,3.0154560000513615,1.2444444444444445,-15773.67573878187
2023-06-09,32504.51374657677,19694.202740316527,3118.011920262129,34.0,0.3935902766564672,3,3.4743661034556106,1.244944944944945,-17507.700914001885
2023-06-10,33081.40848504781,19919.473661072418,3050.804918578068,32.0,0.37770796520396577,1,2.5552220130684917,1.2454454454454456,-15488.870094602675
2023-06-11,31987.080308278033,18126.964945063217,3339.8167626703043,31.0,0.36171373072976726,3,2.578655112772525,1.2459459459459459,-14279.701399455487
2023-06-12,31736.098354394173,19425.762620952373,2915.913043008901,30.0,0.34561231267073356,4,5.0,1.2464464464464464,-14605.577309567101
2023-06-13,32273.7617276559,19471.955289321682,4280.577713849037,31.0,0.3294084822245309,4,2.8115476769488903,1.246946946946947,-16278.77127551482
2023-06-14,32441.03240535803,19718.753763052115,3703.323666101432,30.0,0.3131070409358278,3,3.2415661049815947,1.2474474474474475,-14981.045023795517
2023-06-15,31396.632365611535,20801.09827258508,2954.1716698667,32.0,0.29671281927349036,2,3.2062103993605713,1.247947947947948,-17958.637576840247
2023-06-16,30875.36002390007,17483.159544590744,1659.8754595318421,31.0,0.2802306751992168,4,3.1629145537836463,1.2484484484484484,-13067.674980222517
2023-06-17,33876.908753658325,21188.493577075547,5222.673893796087,29.0,0.2636654927280084,4,3.997077391975282,1.248948948948949,-15734.25871721331
2023-06-18,33132.237471145934,19735.618722987383,2245.986950762839,34.0,0.24702218048093558,1,4.25851436037764,1.2494494494494495,-16049.368202604288
2023-06-19,30192.746595456905,18259.312409475646,1446.1245503349862,31.0,0.23030567023061269,3,3.2552364547747263,1.24994994994995,-14312.690364353726
2023-06-20,32593.545612796428,19533.371245027232,3358.024753381724,29.0,0.21352091543979704,3,2.5108173707261208,1.2504504504504506,-13497.850385612528
2023-06-21,30401.245011511455,18028.62884020785,3185.1771878127483,32.0,0.19667288979357783,4,4.5195521822791225,1.2509509509509509,-16412.561016509142
2023-06-22,32962.62321254514,19492.657463407708,2991.745630547161,32.0,0.17976658572556242,2,3.4237271270426537,1.2514514514514514,-15121.779881409726
2023-06-23,32720.30047185318,19796.934650898413,3090.3682168367386,29.0,0.16280701293851763,3,4.884257451885735,1.251951951951952,-13367.00239588197
2023-06-24,31097.992297837878,17900.208530366886,4281.682665182971,33.0,0.14579919691987603,5,1.7035312819478696,1.2524524524524525,-17483.89889771198
2023-06-25,31777.651842280768,19441.880689129342,2368.8807830358014,30.0,0.12874817745258268,4,3.656322577026656,1.252952952952953,-14033.109629884377
2023-06-26,27587.474577175097,16344.38754386243,3584.9838213163644,36.0,0.11165900712169516,5,5.0,1.2534534534534534,-21141.896788003698
2023-06-27,29901.17260961938,17375.66889625145,,33.0,0.09453674981720049,5,3.2173886916494734,1.253953953953954,-17249.926157455855
2023-06-28,29682.383997739395,17584.42396964573,2880.7686114385097,31.0,0.07738647923346482,1,3.319605261332291,1.2544544544544545,-15582.808583344846
2023-06-29,32864.39699162604,20347.212803406906,3530.2743273536257,31.0,0.06021327736579174,3,3.736409353272271,1.254954954954955,-15813.090139134492
2023-06-30,33234.36936303158,19672.954074310837,2552.563535957859,32.0,0.04302223300453152,3,3.052963344892034,1.2554554554554556,-14591.148247237114
2023-07-01,34366.49256886827,20799.122350425772,4162.3385347372805,34.0,0.02581844022713446,4,3.250342454357814,1.2559559559559559,-17794.968316294784
2023-07-02,31963.18537057659,18812.433084488217,2939.610514222163,32.0,0.008606996888690521,2,3.2297479246468774,1.2564564564564564,-15388.858228133791
2023-07-03,32782.20314035619,20048.282809175525,2257.380457587289,32.0,-0.008606996888689296,5,2.9980634124589014,1.256956956956957,-15123.460126406622
2023-07-04,27953.530460988743,17114.87214598835,3263.727931382453,33.0,-0.025818440227133234,3,4.483085240160448,1.2574574574574575,-18825.06961638206
2023-07-05,30102.962644824478,18986.08200354289,4675.997390759666,31.0,-0.04302223300452852,4,3.8688624258371482,1.257957957957958,-18359.11674947808
2023-07-06,29960.83858465034,17888.721178040596,2975.33327704221,32.0,-0.06021327736579051,1,3.7005025856826417,1.2584584584584584,-16503.215870432465
2023-07-07,29836.707314298877,18236.351790958277,4200.277516991679,28.0,-0.0773864792334636,2,4.146856805512093,1.258958958958959,-14999.921993651078
2023-07-08,29971.89199589566,18032.16896730687,2954.75576986074,35.0,-0.09453674981719927,4,3.2885153334372266,1.2594594594594595,-19015.03274127195
2023-07-09,29991.037985286755,18642.55868210356,1518.4654201313742,33.0,-0.11165900712169395,1,2.8806369453176797,1.25995995995996,-16569.98611694818
2023-07-10,28396.604044859287,16678.546233111207,2286.3891957883566,31.0,-0.1287481774525815,4,3.017900556308354,1.2604604604604606,-15368.331384040277
2023-07-11,30770.162460794734,18834.60013291548,2815.2170127167315,36.0,-0.1457991969198748,1,3.501426432883687,1.2609609609609609,-19679.65468483748
2023-07-12,28929.761082813166,17260.508001629558,1899.3814257050183,33.0,-0.1628070129385164,4,2.6526306333016785,1.2614614614614614,-16630.12834452141
2023-07-13,30194.408821973637,18084.551204629934,1688.1650617720322,31.0,-0.17976658572556123,3,3.0997911867306596,1.261961961961962,-14378.307444428328
2023-07-14,34426.09158733305,20701.531194624014,4994.188089076546,34.0,-0.1966728897935766,3,3.0871066865028522,1.2624624624624625,-18469.627696367508
2023-07-15,27724.77380543692,16760.98448147549,3832.967097596202,34.0,-0.21352091543979584,4,5.0,1.262962962962963,-20069.177773634772
2023-07-16,26043.491204348375,15567.980201048045,3259.7462070129213,34.0,-0.2303056702306115,3,1.2809480480528666,1.2634634634634634,-19984.235203712593
2023-07-17,30122.687616779636,18180.969161653044,2000.2691205420836,32.0,-0.24702218048093438,2,3.3563042228754933,1.263963963963964,-15658.55066541549
2023-07-18,33117.867202706315,20659.77935040488,2771.0234512929615,34.0,-0.2636654927280072,1,4.880555034251817,1.2644644644644645,-17512.935598991528
2023-07-19,33063.24796589387,20330.67362234393,2231.962651401299,32.0,-0.2802306751992156,3,3.597475571305963,1.264964964964965,-15099.38830785136
2023-07-20,27854.41056217938,17147.223633556074,3626.3092249128845,34.0,-0.2967128192734892,3,4.102733978736874,1.2654654654654656,-20119.122296289577
2023-07-21,32357.700414646817,19186.850485776155,4656.833741661121,29.0,-0.3131070409358283,4,3.5798610520798144,1.265965965965966,-14685.983812790459
2023-07-22,28216.45880888439,16485.25487121647,2927.7897262774136,32.0,-0.3294084822245314,3,2.9661332950268156,1.2664664664664664,-16796.585788609496
2023-07-23,28120.270840310604,17349.81278330524,1896.4387713955143,36.0,-0.34561231267073406,3,1.7064672523928694,1.266966966966967,-19925.98071439015
2023-07-24,34322.474477468015,21031.508082745706,3482.644100907168,32.0,-0.3617137307297645,3,3.6643645496290422,1.2674674674674675,-15791.677706184859
2023-07-25,27313.88033541639,17124.663539125326,2227.4200169410515,32.0,-0.37770796520396466,1,2.879514716318087,1.267967967967968,-17638.203220649986
2023-07-26,29499.969525685006,17397.99140242639,2556.4556595646554,32.0,-0.393590276656466,3,2.859731675067757,1.2684684684684684,-16054.477536306038
2023-07-27,31171.2881701719,18587.998574422967,2544.2042811962106,31.0,-0.40935595881562026,5,3.1008101952167104,1.268968968968969,-14760.914685447276
2023-07-28,31693.864183662467,18196.57642893476,3925.7688877794535,29.0,-0.4250003399695523,4,4.895889125298795,1.2694694694694695,-13628.481133051748
2023-07-29,29533.31463172463,17523.753226004337,1656.771996045336,33.0,-0.44051878435049596,3,5.0,1.26996996996997,-16047.210590325045
2023-07-30,29243.28538296723,18044.256485070062,2044.042796265173,33.0,-0.45590669350845936,3,3.6737663500227207,1.2704704704704706,-17245.013898368004
2023-07-31,29884.201675657023,17697.273315780116,4471.490034794077,33.0,-0.47115950767386394,4,3.1281862208706177,1.270970970970971,-18684.561674917168
2023-08-01,30666.234434109723,18719.980558066243,1890.3129065757576,33.0,-0.48627270710868975,3,2.5582188660390317,1.2714714714714714,-16344.059030532277
2023-08-02,29117.36067060827,17375.164849366054,1597.6442681767546,33.0,-0.5012418134457748,1,3.8748321292368555,1.271971971971972,-16255.44844693454
2023-08-03,32090.709487803884,19416.45420679311,1900.0225513632756,35.0,-0.5160623910158515,1,4.9263244800521155,1.2724724724724725,-17225.767270352502
2023-08-04,28240.569781631075,16370.496174070811,1664.0698916298802,33.0,-0.5307300481619316,3,3.3021276903798746,1.272972972972973,-16193.996284069617
2023-08-05,28966.76639574879,17422.66456226622,2670.571994657781,32.0,-0.5452404385406517,5,1.5968031673974206,1.2734734734734734,-16726.470161175213
2023-08-06,28995.082807608276,15901.481699114604,4063.676648226773,33.0,-0.559589262410177,4,4.036039737452419,1.273973973973974,-17370.0755397331
2023-08-07,31216.575044646168,18636.496947706706,2388.8125121670264,35.0,-0.5737722679043247,1,4.28831976916004,1.2744744744744745,-17808.734415227565
2023-08-08,29653.52451649731,16976.878088040816,2810.0390092622038,36.0,-0.5877852522924726,2,2.2313234876913217,1.274974974974975,-18933.39258080571
2023-08-09,26655.90357504316,16596.539403299303,2724.126229402984,32.0,-0.6016240632249216,4,3.641187346930362,1.2754754754754756,-18264.762057659125
2023-08-10,31656.000095719777,19382.30373381412,3404.2035124477384,34.0,-0.6152845999633263,4,3.860980812908879,1.275975975975976,-18330.50715054208
2023-08-11,27095.222906907562,16490.469235127577,3844.528787971583,34.0,-0.6287628145958327,3,3.4415141583928492,1.2764764764764764,-20439.7751161916
2023-08-12,29603.55339093104,18522.635148138314,4192.692510321629,32.0,-0.6420547132365643,3,2.867383264731717,1.276976976976977,-18711.774267528905
2023-08-13,28444.68741396282,16592.354187965273,1450.910743635307,34.0,-0.6551563572090854,1,4.312749778850845,1.2774774774774775,-16798.57751763776
2023-08-14,32334.68559576951,20274.492956419486,4256.95441693351,31.0,-0.6680638642135333,4,3.177296203225054,1.277977977977978,-16996.761777583484
2023-08-15,26425.746125100475,16321.543457190477,3020.1119538766034,30.0,-0.6807734094770156,4,2.3118510698400545,1.2784784784784784,-16915.909285966605
2023-08-16,34403.5931065635,20523.87822032863,5036.618141244094,34.0,-0.6932812268869765,2,1.860420411464255,1.278978978978979,-18356.90325500922
2023-08-17,31348.573632888736,19376.95425332471,3123.8858679929376,33.0,-0.7055836101071765,4,4.508679615999448,1.2794794794794795,-17552.26648842891
2023-08-18,29979.43391761915,17434.51359436567,4131.791983960009,34.0,-0.7176769136759602,2,3.993331181176895,1.27997997997998,-18786.87166070653
2023-08-19,29696.6179981636,17405.713718134324,3465.1684187131887,34.0,-0.7295575540864855,1,3.570378837703335,1.2804804804804806,-18374.26413868391
2023-08-20,30735.454571314112,18136.977881168616,2330.215130217604,32.0,-0.7412220108485957,2,3.147780290519357,1.280980980980981,-15331.738440072108
2023-08-21,30162.381577215638,17832.940092297376,3463.2266233223863,34.0,-0.752666827532008,2,3.0768012686374986,1.2814814814814814,-18333.785138404124
2023-08-22,30738.85604211976,17915.034803891733,4509.770014449376,31.0,-0.763888612790542,3,2.639410681246711,1.281981981981982,-16485.948776221347
2023-08-23,29946.475528983774,18579.426850937925,3994.550753695308,37.0,-0.7748840413670419,3,3.154835484352092,1.2824824824824825,-22227.50207564946
2023-08-24,30453.03875252983,18142.39605133298,1697.0981432589303,31.0,-0.7856498550787152,3,1.8039302279038605,1.282982982982983,-14186.455442062083
2023-08-25,28311.867474081293,17163.372968627216,3255.037408559446,34.0,-0.796182863782614,3,2.9111490772251885,1.2834834834834834,-19306.542903105368
2023-08-26,30345.954133437106,17922.396796855424,2654.48336961329,32.0,-0.8064799463209428,2,3.2512499869191247,1.283983983983984,-15830.926033031608
2023-08-27,28791.46263018332,16364.57592783573,1010.4987911557924,35.0,-0.816538051445916,1,3.987904037752335,1.2844844844844845,-16583.612088808204
2023-08-28,29656.552047014007,17928.959907404114,3063.6949111436043,33.0,-0.8263541987239091,3,3.468058829301309,1.284984984984985,-17736.10277153371
2023-08-29,30078.635770687608,17091.053974702678,2010.414373757923,33.0,-0.8359254794186363,3,4.135938491100447,1.2854854854854856,-15422.832577772993
2023-08-30,24116.436157572087,14435.544671500516,3397.213701900504,36.0,-0.8452490573530641,2,4.579308084090743,1.285985985985986,-22516.322215828935
2023-08-31,30715.021116357755,17744.855150398245,2190.8631539888756,34.0,-0.8543221697498276,4,4.346536075059282,1.2864864864864864,-16420.697188029364
2023-09-01,28816.21436012215,18283.366615688694,4026.072772475304,35.0,-0.8631421280499117,4,3.8764078779028455,1.286986986986987,-21493.22502804185
2023-09-02,28649.520812281015,17645.39384845597,1635.7724890675938,32.0,-0.8717063187093219,4,3.5094901433446273,1.2874874874874875,-16231.64552524255
2023-09-03,26929.216787353296,16210.406968047717,2290.654323204653,31.0,-0.8800122039735354,3,2.715369593269153,1.287987987987988,-16371.844503899074
2023-09-04,30337.829734368956,18834.551179448707,1950.2058511306584,35.0,-0.8880573226294928,2,4.091955241103453,1.2884884884884884,-18446.927296210408
2023-09-05,28486.360051368087,16668.658042087984,2164.530853812662,34.0,-0.8958392907349082,4,4.843797905777223,1.288988988988989,-17546.82884453256
2023-09-06,26569.199538207664,16213.259412259644,1154.7095121285138,36.0,-0.9033558023246836,2,3.7736848317203346,1.2894894894894895,-19598.769386180495
2023-09-07,30206.815985039313,18223.994807882944,1999.7546629855865,34.0,-0.9106046300942167,3,5.0,1.28998998998999,-17216.933485829217
2023-09-08,28152.137880664286,17023.292769065407,3280.421633416183,35.0,-0.9175836260593939,1,2.2795426335511326,1.2904904904904906,-20151.576521817304
2023-09-09,27245.814383413046,16983.66538010121,2395.1382682008025,31.0,-0.9242907221930933,4,2.576669292176367,1.290990990990991,-16932.989264888965
2023-09-10,27255.933217259502,16719.8059817456,2504.9999748646874,38.0,-0.9307239310379792,2,4.18416120619861,1.2914914914914915,-22368.872739350787
2023-09-11,30220.552860550037,18276.693547742532,2357.4982181429286,34.0,-0.9368813462954311,5,3.711432168122601,1.291991991991992,-17613.638905335425
2023-09-12,30388.311896410203,17405.543419731974,4374.819113722626,36.0,-0.9427611433904202,4,4.551025741257446,1.2924924924924925,-20192.050637044398
2023-09-13,28801.655442559197,16800.970117895788,4053.3081276368275,33.0,-0.9483615800121709,3,3.4876226874186083,1.292992992992993,-18452.62280297342
2023-09-14,31247.1371496122,18686.92782296946,2406.6115882302984,35.0,-0.9536809966304458,4,2.8056196619773344,1.2934934934934934,-17846.40226158756
2023-09-15,30431.835644002917,18305.787573540074,2761.105891784508,32.0,-0.9587178169872965,3,3.329125406235966,1.293993993993994,-16235.057821321665
2023-09-16,27816.44046825524,16124.762418616183,1680.633715736804,36.0,-0.9634705485641487,4,2.273852823261013,1.2944944944944945,-18788.955666097747
2023-09-17,29625.438998994206,18981.101737185734,4666.5052088046,34.0,-0.967937783024064,3,2.5971274615223723,1.294994994994995,-21222.167946996127
2023-09-18,30324.839818186258,18953.10091853854,1370.2980809404967,35.0,-0.9721181966290611,4,4.277955198334408,1.2954954954954956,-17998.55918129278
2023-09-19,28457.905335971715,17375.802361779268,1316.9344650661685,36.0,-0.9760105506323679,3,4.198229931575688,1.295995995995996,-19034.831490873723
2023-09-20,30548.68897816092,18365.231817538424,2521.712773856042,32.0,-0.9796136916454895,5,3.7904034278448613,1.2964964964964967,-15938.255613233545
2023-09-21,29484.00463237933,17584.298294477023,2506.3406351013973,33.0,-0.9829265519799824,3,2.1231379832316244,1.296996996996997,-17006.634297199093
2023-09-22,28697.961783434883,16742.81784004981,1399.1663558650844,36.0,-0.9859481499638304,3,3.2132771395896893,1.2974974974974975,-18244.02241248001
2023-09-23,30358.2562964128,18253.69403710711,3601.9044952053573,39.0,-0.9886775902323404,4,2.5200000890719596,1.297997997997998,-22697.34223589967
2023-09-24,30382.983098583627,18358.66612922155,2717.89952501768,35.0,-0.9911140639934546,4,4.441226603030213,1.2984984984984984,-18693.5825556556
2023-09-25,28182.063736341763,16288.357954064246,3106.7179960591716,36.0,-0.9932568492674145,3,3.033022293149919,1.2989989989989992,-20013.012213781654
2023-09-26,28299.12641494201,17146.564057587653,1984.7174502335865,35.0,-0.9951053111006973,2,2.6314018313747605,1.2994994994994995,-18832.15509287923
2023-09-27,28350.735552612743,16932.81180715527,1422.3125502634061,39.0,-0.9966589017541699,3,3.5238369320971397,1.3,-21204.388804805934
